ISO-10303-21;
HEADER;
FILE_DESCRIPTION(('KiCad electronic assembly'),'2;1');
FILE_NAME('Normal_Button_v3.step','2026-02-08T19:47:50',('Pcbnew'),(
    'Kicad'),'Open CASCADE STEP processor 7.8','KiCad to STEP converter'
  ,'Unknown');
FILE_SCHEMA(('AUTOMOTIVE_DESIGN { 1 0 10303 214 1 1 1 1 }'));
ENDSEC;
DATA;
#1 = APPLICATION_PROTOCOL_DEFINITION('international standard',
  'automotive_design',2000,#2);
#2 = APPLICATION_CONTEXT(
  'core data for automotive mechanical design processes');
#3 = SHAPE_DEFINITION_REPRESENTATION(#4,#10);
#4 = PRODUCT_DEFINITION_SHAPE('','',#5);
#5 = PRODUCT_DEFINITION('design','',#6,#9);
#6 = PRODUCT_DEFINITION_FORMATION('','',#7);
#7 = PRODUCT('Normal_Button_v3 1','Normal_Button_v3 1','',(#8));
#8 = PRODUCT_CONTEXT('',#2,'mechanical');
#9 = PRODUCT_DEFINITION_CONTEXT('part definition',#2,'design');
#10 = SHAPE_REPRESENTATION('',(#11,#15),#19);
#11 = AXIS2_PLACEMENT_3D('',#12,#13,#14);
#12 = CARTESIAN_POINT('',(0.,0.,0.));
#13 = DIRECTION('',(0.,0.,1.));
#14 = DIRECTION('',(1.,0.,-0.));
#15 = AXIS2_PLACEMENT_3D('',#16,#17,#18);
#16 = CARTESIAN_POINT('',(0.,0.,0.));
#17 = DIRECTION('',(0.,0.,1.));
#18 = DIRECTION('',(1.,0.,-0.));
#19 = ( GEOMETRIC_REPRESENTATION_CONTEXT(3) 
GLOBAL_UNCERTAINTY_ASSIGNED_CONTEXT((#23)) GLOBAL_UNIT_ASSIGNED_CONTEXT(
(#20,#21,#22)) REPRESENTATION_CONTEXT('Context #1',
  '3D Context with UNIT and UNCERTAINTY') );
#20 = ( LENGTH_UNIT() NAMED_UNIT(*) SI_UNIT(.MILLI.,.METRE.) );
#21 = ( NAMED_UNIT(*) PLANE_ANGLE_UNIT() SI_UNIT($,.RADIAN.) );
#22 = ( NAMED_UNIT(*) SI_UNIT($,.STERADIAN.) SOLID_ANGLE_UNIT() );
#23 = UNCERTAINTY_MEASURE_WITH_UNIT(LENGTH_MEASURE(1.E-07),#20,
  'distance_accuracy_value','confusion accuracy');
#24 = PRODUCT_RELATED_PRODUCT_CATEGORY('part',$,(#7));
#25 = SHAPE_DEFINITION_REPRESENTATION(#26,#32);
#26 = PRODUCT_DEFINITION_SHAPE('','',#27);
#27 = PRODUCT_DEFINITION('design','',#28,#31);
#28 = PRODUCT_DEFINITION_FORMATION('','',#29);
#29 = PRODUCT('Normal_Button_v3_PCB','Normal_Button_v3_PCB','',(#30));
#30 = PRODUCT_CONTEXT('',#2,'mechanical');
#31 = PRODUCT_DEFINITION_CONTEXT('part definition',#2,'design');
#32 = ADVANCED_BREP_SHAPE_REPRESENTATION('',(#11,#33),#2674);
#33 = MANIFOLD_SOLID_BREP('',#34);
#34 = CLOSED_SHELL('',(#35,#68,#793,#1518,#1535,#1552,#1569,#1586,#1603,
    #1620,#1637,#1654,#1671,#1688,#1705,#1722,#1739,#1756,#1773,#1790,
    #1807,#1824,#1841,#1858,#1875,#1892,#1909,#1926,#1943,#1960,#1982,
    #1999,#2016,#2028,#2050,#2067,#2084,#2096,#2113,#2130,#2147,#2164,
    #2181,#2198,#2215,#2232,#2249,#2266,#2283,#2300,#2317,#2334,#2351,
    #2368,#2385,#2402,#2419,#2441,#2458,#2475,#2487,#2509,#2526,#2543,
    #2555,#2572,#2589,#2606,#2623,#2640,#2657));
#35 = ADVANCED_FACE('',(#36),#63,.T.);
#36 = FACE_BOUND('',#37,.F.);
#37 = EDGE_LOOP('',(#38,#48,#55,#56));
#38 = ORIENTED_EDGE('',*,*,#39,.T.);
#39 = EDGE_CURVE('',#40,#42,#44,.T.);
#40 = VERTEX_POINT('',#41);
#41 = CARTESIAN_POINT('',(189.754,-80.772,0.));
#42 = VERTEX_POINT('',#43);
#43 = CARTESIAN_POINT('',(189.754,-80.772,1.51));
#44 = LINE('',#45,#46);
#45 = CARTESIAN_POINT('',(189.754,-80.772,0.));
#46 = VECTOR('',#47,1.);
#47 = DIRECTION('',(0.,0.,1.));
#48 = ORIENTED_EDGE('',*,*,#49,.T.);
#49 = EDGE_CURVE('',#42,#42,#50,.T.);
#50 = CIRCLE('',#51,37.1);
#51 = AXIS2_PLACEMENT_3D('',#52,#53,#54);
#52 = CARTESIAN_POINT('',(152.654,-80.772,1.51));
#53 = DIRECTION('',(0.,0.,1.));
#54 = DIRECTION('',(1.,0.,-0.));
#55 = ORIENTED_EDGE('',*,*,#39,.F.);
#56 = ORIENTED_EDGE('',*,*,#57,.F.);
#57 = EDGE_CURVE('',#40,#40,#58,.T.);
#58 = CIRCLE('',#59,37.1);
#59 = AXIS2_PLACEMENT_3D('',#60,#61,#62);
#60 = CARTESIAN_POINT('',(152.654,-80.772,0.));
#61 = DIRECTION('',(0.,0.,1.));
#62 = DIRECTION('',(1.,0.,-0.));
#63 = CYLINDRICAL_SURFACE('',#64,37.1);
#64 = AXIS2_PLACEMENT_3D('',#65,#66,#67);
#65 = CARTESIAN_POINT('',(152.654,-80.772,0.));
#66 = DIRECTION('',(-0.,-0.,-1.));
#67 = DIRECTION('',(1.,0.,-0.));
#68 = ADVANCED_FACE('',(#69,#72,#83,#94,#105,#116,#127,#138,#149,#160,
    #171,#182,#193,#204,#215,#226,#237,#248,#259,#270,#281,#292,#303,
    #314,#325,#336,#347,#358,#394,#430,#441,#452,#463,#474,#485,#496,
    #507,#518,#529,#540,#551,#562,#573,#584,#595,#606,#617,#628,#639,
    #675,#711,#722,#733,#744,#755,#766,#777),#788,.F.);
#69 = FACE_BOUND('',#70,.F.);
#70 = EDGE_LOOP('',(#71));
#71 = ORIENTED_EDGE('',*,*,#57,.T.);
#72 = FACE_BOUND('',#73,.F.);
#73 = EDGE_LOOP('',(#74));
#74 = ORIENTED_EDGE('',*,*,#75,.F.);
#75 = EDGE_CURVE('',#76,#76,#78,.T.);
#76 = VERTEX_POINT('',#77);
#77 = CARTESIAN_POINT('',(128.6,-102.87,0.));
#78 = CIRCLE('',#79,1.6);
#79 = AXIS2_PLACEMENT_3D('',#80,#81,#82);
#80 = CARTESIAN_POINT('',(127.,-102.87,0.));
#81 = DIRECTION('',(0.,0.,1.));
#82 = DIRECTION('',(1.,0.,-0.));
#83 = FACE_BOUND('',#84,.F.);
#84 = EDGE_LOOP('',(#85));
#85 = ORIENTED_EDGE('',*,*,#86,.T.);
#86 = EDGE_CURVE('',#87,#87,#89,.T.);
#87 = VERTEX_POINT('',#88);
#88 = CARTESIAN_POINT('',(122.174,-97.65,0.));
#89 = CIRCLE('',#90,0.45);
#90 = AXIS2_PLACEMENT_3D('',#91,#92,#93);
#91 = CARTESIAN_POINT('',(122.174,-97.2,0.));
#92 = DIRECTION('',(-0.,0.,-1.));
#93 = DIRECTION('',(-0.,-1.,0.));
#94 = FACE_BOUND('',#95,.F.);
#95 = EDGE_LOOP('',(#96));
#96 = ORIENTED_EDGE('',*,*,#97,.T.);
#97 = EDGE_CURVE('',#98,#98,#100,.T.);
#98 = VERTEX_POINT('',#99);
#99 = CARTESIAN_POINT('',(124.714,-97.65,0.));
#100 = CIRCLE('',#101,0.45);
#101 = AXIS2_PLACEMENT_3D('',#102,#103,#104);
#102 = CARTESIAN_POINT('',(124.714,-97.2,0.));
#103 = DIRECTION('',(-0.,0.,-1.));
#104 = DIRECTION('',(-0.,-1.,0.));
#105 = FACE_BOUND('',#106,.F.);
#106 = EDGE_LOOP('',(#107));
#107 = ORIENTED_EDGE('',*,*,#108,.T.);
#108 = EDGE_CURVE('',#109,#109,#111,.T.);
#109 = VERTEX_POINT('',#110);
#110 = CARTESIAN_POINT('',(129.44,-97.65,0.));
#111 = CIRCLE('',#112,0.45);
#112 = AXIS2_PLACEMENT_3D('',#113,#114,#115);
#113 = CARTESIAN_POINT('',(129.44,-97.2,0.));
#114 = DIRECTION('',(-0.,0.,-1.));
#115 = DIRECTION('',(-0.,-1.,0.));
#116 = FACE_BOUND('',#117,.F.);
#117 = EDGE_LOOP('',(#118));
#118 = ORIENTED_EDGE('',*,*,#119,.T.);
#119 = EDGE_CURVE('',#120,#120,#122,.T.);
#120 = VERTEX_POINT('',#121);
#121 = CARTESIAN_POINT('',(130.71,-97.65,0.));
#122 = CIRCLE('',#123,0.45);
#123 = AXIS2_PLACEMENT_3D('',#124,#125,#126);
#124 = CARTESIAN_POINT('',(130.71,-97.2,0.));
#125 = DIRECTION('',(-0.,0.,-1.));
#126 = DIRECTION('',(6.315935428979E-14,-1.,-0.));
#127 = FACE_BOUND('',#128,.F.);
#128 = EDGE_LOOP('',(#129));
#129 = ORIENTED_EDGE('',*,*,#130,.T.);
#130 = EDGE_CURVE('',#131,#131,#133,.T.);
#131 = VERTEX_POINT('',#132);
#132 = CARTESIAN_POINT('',(131.98,-97.65,0.));
#133 = CIRCLE('',#134,0.45);
#134 = AXIS2_PLACEMENT_3D('',#135,#136,#137);
#135 = CARTESIAN_POINT('',(131.98,-97.2,0.));
#136 = DIRECTION('',(-0.,0.,-1.));
#137 = DIRECTION('',(-6.315935428979E-14,-1.,0.));
#138 = FACE_BOUND('',#139,.F.);
#139 = EDGE_LOOP('',(#140));
#140 = ORIENTED_EDGE('',*,*,#141,.T.);
#141 = EDGE_CURVE('',#142,#142,#144,.T.);
#142 = VERTEX_POINT('',#143);
#143 = CARTESIAN_POINT('',(133.25,-97.65,0.));
#144 = CIRCLE('',#145,0.45);
#145 = AXIS2_PLACEMENT_3D('',#146,#147,#148);
#146 = CARTESIAN_POINT('',(133.25,-97.2,0.));
#147 = DIRECTION('',(-0.,0.,-1.));
#148 = DIRECTION('',(-0.,-1.,0.));
#149 = FACE_BOUND('',#150,.F.);
#150 = EDGE_LOOP('',(#151));
#151 = ORIENTED_EDGE('',*,*,#152,.T.);
#152 = EDGE_CURVE('',#153,#153,#155,.T.);
#153 = VERTEX_POINT('',#154);
#154 = CARTESIAN_POINT('',(118.924,-83.572,0.));
#155 = CIRCLE('',#156,0.55);
#156 = AXIS2_PLACEMENT_3D('',#157,#158,#159);
#157 = CARTESIAN_POINT('',(118.924,-83.022,0.));
#158 = DIRECTION('',(-0.,0.,-1.));
#159 = DIRECTION('',(-0.,-1.,0.));
#160 = FACE_BOUND('',#161,.F.);
#161 = EDGE_LOOP('',(#162));
#162 = ORIENTED_EDGE('',*,*,#163,.T.);
#163 = EDGE_CURVE('',#164,#164,#166,.T.);
#164 = VERTEX_POINT('',#165);
#165 = CARTESIAN_POINT('',(125.424,-83.572,0.));
#166 = CIRCLE('',#167,0.55);
#167 = AXIS2_PLACEMENT_3D('',#168,#169,#170);
#168 = CARTESIAN_POINT('',(125.424,-83.022,0.));
#169 = DIRECTION('',(-0.,0.,-1.));
#170 = DIRECTION('',(-0.,-1.,0.));
#171 = FACE_BOUND('',#172,.F.);
#172 = EDGE_LOOP('',(#173));
#173 = ORIENTED_EDGE('',*,*,#174,.T.);
#174 = EDGE_CURVE('',#175,#175,#177,.T.);
#175 = VERTEX_POINT('',#176);
#176 = CARTESIAN_POINT('',(118.924,-79.072,0.));
#177 = CIRCLE('',#178,0.55);
#178 = AXIS2_PLACEMENT_3D('',#179,#180,#181);
#179 = CARTESIAN_POINT('',(118.924,-78.522,0.));
#180 = DIRECTION('',(-0.,0.,-1.));
#181 = DIRECTION('',(-0.,-1.,0.));
#182 = FACE_BOUND('',#183,.F.);
#183 = EDGE_LOOP('',(#184));
#184 = ORIENTED_EDGE('',*,*,#185,.T.);
#185 = EDGE_CURVE('',#186,#186,#188,.T.);
#186 = VERTEX_POINT('',#187);
#187 = CARTESIAN_POINT('',(125.424,-79.072,0.));
#188 = CIRCLE('',#189,0.55);
#189 = AXIS2_PLACEMENT_3D('',#190,#191,#192);
#190 = CARTESIAN_POINT('',(125.424,-78.522,0.));
#191 = DIRECTION('',(-0.,0.,-1.));
#192 = DIRECTION('',(-0.,-1.,0.));
#193 = FACE_BOUND('',#194,.F.);
#194 = EDGE_LOOP('',(#195));
#195 = ORIENTED_EDGE('',*,*,#196,.T.);
#196 = EDGE_CURVE('',#197,#197,#199,.T.);
#197 = VERTEX_POINT('',#198);
#198 = CARTESIAN_POINT('',(129.404,-83.922,0.));
#199 = CIRCLE('',#200,0.65);
#200 = AXIS2_PLACEMENT_3D('',#201,#202,#203);
#201 = CARTESIAN_POINT('',(129.404,-83.272,0.));
#202 = DIRECTION('',(-0.,0.,-1.));
#203 = DIRECTION('',(-0.,-1.,0.));
#204 = FACE_BOUND('',#205,.F.);
#205 = EDGE_LOOP('',(#206));
#206 = ORIENTED_EDGE('',*,*,#207,.T.);
#207 = EDGE_CURVE('',#208,#208,#210,.T.);
#208 = VERTEX_POINT('',#209);
#209 = CARTESIAN_POINT('',(129.404,-78.922,0.));
#210 = CIRCLE('',#211,0.65);
#211 = AXIS2_PLACEMENT_3D('',#212,#213,#214);
#212 = CARTESIAN_POINT('',(129.404,-78.272,0.));
#213 = DIRECTION('',(-0.,0.,-1.));
#214 = DIRECTION('',(-0.,-1.,0.));
#215 = FACE_BOUND('',#216,.F.);
#216 = EDGE_LOOP('',(#217));
#217 = ORIENTED_EDGE('',*,*,#218,.T.);
#218 = EDGE_CURVE('',#219,#219,#221,.T.);
#219 = VERTEX_POINT('',#220);
#220 = CARTESIAN_POINT('',(141.904,-83.922,0.));
#221 = CIRCLE('',#222,0.65);
#222 = AXIS2_PLACEMENT_3D('',#223,#224,#225);
#223 = CARTESIAN_POINT('',(141.904,-83.272,0.));
#224 = DIRECTION('',(-0.,0.,-1.));
#225 = DIRECTION('',(-0.,-1.,0.));
#226 = FACE_BOUND('',#227,.F.);
#227 = EDGE_LOOP('',(#228));
#228 = ORIENTED_EDGE('',*,*,#229,.T.);
#229 = EDGE_CURVE('',#230,#230,#232,.T.);
#230 = VERTEX_POINT('',#231);
#231 = CARTESIAN_POINT('',(141.904,-78.922,0.));
#232 = CIRCLE('',#233,0.65);
#233 = AXIS2_PLACEMENT_3D('',#234,#235,#236);
#234 = CARTESIAN_POINT('',(141.904,-78.272,0.));
#235 = DIRECTION('',(-0.,0.,-1.));
#236 = DIRECTION('',(-0.,-1.,0.));
#237 = FACE_BOUND('',#238,.F.);
#238 = EDGE_LOOP('',(#239));
#239 = ORIENTED_EDGE('',*,*,#240,.T.);
#240 = EDGE_CURVE('',#241,#241,#243,.T.);
#241 = VERTEX_POINT('',#242);
#242 = CARTESIAN_POINT('',(146.404,-83.922,0.));
#243 = CIRCLE('',#244,0.65);
#244 = AXIS2_PLACEMENT_3D('',#245,#246,#247);
#245 = CARTESIAN_POINT('',(146.404,-83.272,0.));
#246 = DIRECTION('',(-0.,0.,-1.));
#247 = DIRECTION('',(-0.,-1.,0.));
#248 = FACE_BOUND('',#249,.F.);
#249 = EDGE_LOOP('',(#250));
#250 = ORIENTED_EDGE('',*,*,#251,.T.);
#251 = EDGE_CURVE('',#252,#252,#254,.T.);
#252 = VERTEX_POINT('',#253);
#253 = CARTESIAN_POINT('',(146.404,-78.922,0.));
#254 = CIRCLE('',#255,0.65);
#255 = AXIS2_PLACEMENT_3D('',#256,#257,#258);
#256 = CARTESIAN_POINT('',(146.404,-78.272,0.));
#257 = DIRECTION('',(-0.,0.,-1.));
#258 = DIRECTION('',(-0.,-1.,0.));
#259 = FACE_BOUND('',#260,.F.);
#260 = EDGE_LOOP('',(#261));
#261 = ORIENTED_EDGE('',*,*,#262,.F.);
#262 = EDGE_CURVE('',#263,#263,#265,.T.);
#263 = VERTEX_POINT('',#264);
#264 = CARTESIAN_POINT('',(179.832,-102.87,0.));
#265 = CIRCLE('',#266,1.6);
#266 = AXIS2_PLACEMENT_3D('',#267,#268,#269);
#267 = CARTESIAN_POINT('',(178.232,-102.87,0.));
#268 = DIRECTION('',(0.,0.,1.));
#269 = DIRECTION('',(1.,0.,-0.));
#270 = FACE_BOUND('',#271,.F.);
#271 = EDGE_LOOP('',(#272));
#272 = ORIENTED_EDGE('',*,*,#273,.T.);
#273 = EDGE_CURVE('',#274,#274,#276,.T.);
#274 = VERTEX_POINT('',#275);
#275 = CARTESIAN_POINT('',(175.32,-97.43,0.));
#276 = CIRCLE('',#277,0.5);
#277 = AXIS2_PLACEMENT_3D('',#278,#279,#280);
#278 = CARTESIAN_POINT('',(175.32,-96.93,0.));
#279 = DIRECTION('',(-0.,0.,-1.));
#280 = DIRECTION('',(-0.,-1.,0.));
#281 = FACE_BOUND('',#282,.F.);
#282 = EDGE_LOOP('',(#283));
#283 = ORIENTED_EDGE('',*,*,#284,.T.);
#284 = EDGE_CURVE('',#285,#285,#287,.T.);
#285 = VERTEX_POINT('',#286);
#286 = CARTESIAN_POINT('',(175.32,-94.93,0.));
#287 = CIRCLE('',#288,0.5);
#288 = AXIS2_PLACEMENT_3D('',#289,#290,#291);
#289 = CARTESIAN_POINT('',(175.32,-94.43,0.));
#290 = DIRECTION('',(-0.,0.,-1.));
#291 = DIRECTION('',(-0.,-1.,0.));
#292 = FACE_BOUND('',#293,.F.);
#293 = EDGE_LOOP('',(#294));
#294 = ORIENTED_EDGE('',*,*,#295,.T.);
#295 = EDGE_CURVE('',#296,#296,#298,.T.);
#296 = VERTEX_POINT('',#297);
#297 = CARTESIAN_POINT('',(180.665,-97.65,0.));
#298 = CIRCLE('',#299,0.45);
#299 = AXIS2_PLACEMENT_3D('',#300,#301,#302);
#300 = CARTESIAN_POINT('',(180.665,-97.2,0.));
#301 = DIRECTION('',(-0.,0.,-1.));
#302 = DIRECTION('',(-6.315935428979E-14,-1.,0.));
#303 = FACE_BOUND('',#304,.F.);
#304 = EDGE_LOOP('',(#305));
#305 = ORIENTED_EDGE('',*,*,#306,.T.);
#306 = EDGE_CURVE('',#307,#307,#309,.T.);
#307 = VERTEX_POINT('',#308);
#308 = CARTESIAN_POINT('',(183.205,-97.65,0.));
#309 = CIRCLE('',#310,0.45);
#310 = AXIS2_PLACEMENT_3D('',#311,#312,#313);
#311 = CARTESIAN_POINT('',(183.205,-97.2,0.));
#312 = DIRECTION('',(-0.,0.,-1.));
#313 = DIRECTION('',(6.315935428979E-14,-1.,-0.));
#314 = FACE_BOUND('',#315,.F.);
#315 = EDGE_LOOP('',(#316));
#316 = ORIENTED_EDGE('',*,*,#317,.T.);
#317 = EDGE_CURVE('',#318,#318,#320,.T.);
#318 = VERTEX_POINT('',#319);
#319 = CARTESIAN_POINT('',(158.904,-83.922,0.));
#320 = CIRCLE('',#321,0.65);
#321 = AXIS2_PLACEMENT_3D('',#322,#323,#324);
#322 = CARTESIAN_POINT('',(158.904,-83.272,0.));
#323 = DIRECTION('',(-0.,0.,-1.));
#324 = DIRECTION('',(-0.,-1.,0.));
#325 = FACE_BOUND('',#326,.F.);
#326 = EDGE_LOOP('',(#327));
#327 = ORIENTED_EDGE('',*,*,#328,.T.);
#328 = EDGE_CURVE('',#329,#329,#331,.T.);
#329 = VERTEX_POINT('',#330);
#330 = CARTESIAN_POINT('',(158.904,-78.922,0.));
#331 = CIRCLE('',#332,0.65);
#332 = AXIS2_PLACEMENT_3D('',#333,#334,#335);
#333 = CARTESIAN_POINT('',(158.904,-78.272,0.));
#334 = DIRECTION('',(-0.,0.,-1.));
#335 = DIRECTION('',(-0.,-1.,0.));
#336 = FACE_BOUND('',#337,.F.);
#337 = EDGE_LOOP('',(#338));
#338 = ORIENTED_EDGE('',*,*,#339,.T.);
#339 = EDGE_CURVE('',#340,#340,#342,.T.);
#340 = VERTEX_POINT('',#341);
#341 = CARTESIAN_POINT('',(163.404,-83.88,0.));
#342 = CIRCLE('',#343,0.65);
#343 = AXIS2_PLACEMENT_3D('',#344,#345,#346);
#344 = CARTESIAN_POINT('',(163.404,-83.23,0.));
#345 = DIRECTION('',(-0.,0.,-1.));
#346 = DIRECTION('',(-0.,-1.,0.));
#347 = FACE_BOUND('',#348,.F.);
#348 = EDGE_LOOP('',(#349));
#349 = ORIENTED_EDGE('',*,*,#350,.T.);
#350 = EDGE_CURVE('',#351,#351,#353,.T.);
#351 = VERTEX_POINT('',#352);
#352 = CARTESIAN_POINT('',(163.404,-78.88,0.));
#353 = CIRCLE('',#354,0.65);
#354 = AXIS2_PLACEMENT_3D('',#355,#356,#357);
#355 = CARTESIAN_POINT('',(163.404,-78.23,0.));
#356 = DIRECTION('',(-0.,0.,-1.));
#357 = DIRECTION('',(-0.,-1.,0.));
#358 = FACE_BOUND('',#359,.F.);
#359 = EDGE_LOOP('',(#360,#371,#379,#388));
#360 = ORIENTED_EDGE('',*,*,#361,.T.);
#361 = EDGE_CURVE('',#362,#364,#366,.T.);
#362 = VERTEX_POINT('',#363);
#363 = CARTESIAN_POINT('',(183.8,-84.792,0.));
#364 = VERTEX_POINT('',#365);
#365 = CARTESIAN_POINT('',(183.8,-85.392,0.));
#366 = CIRCLE('',#367,0.3);
#367 = AXIS2_PLACEMENT_3D('',#368,#369,#370);
#368 = CARTESIAN_POINT('',(183.8,-85.092,0.));
#369 = DIRECTION('',(-0.,0.,-1.));
#370 = DIRECTION('',(9.473903143468E-14,-1.,-0.));
#371 = ORIENTED_EDGE('',*,*,#372,.T.);
#372 = EDGE_CURVE('',#364,#373,#375,.T.);
#373 = VERTEX_POINT('',#374);
#374 = CARTESIAN_POINT('',(183.2,-85.392,0.));
#375 = LINE('',#376,#377);
#376 = CARTESIAN_POINT('',(91.6,-85.392,0.));
#377 = VECTOR('',#378,1.);
#378 = DIRECTION('',(-1.,0.,0.));
#379 = ORIENTED_EDGE('',*,*,#380,.T.);
#380 = EDGE_CURVE('',#373,#381,#383,.T.);
#381 = VERTEX_POINT('',#382);
#382 = CARTESIAN_POINT('',(183.2,-84.792,0.));
#383 = CIRCLE('',#384,0.3);
#384 = AXIS2_PLACEMENT_3D('',#385,#386,#387);
#385 = CARTESIAN_POINT('',(183.2,-85.092,0.));
#386 = DIRECTION('',(-0.,0.,-1.));
#387 = DIRECTION('',(-9.473903143468E-14,1.,0.));
#388 = ORIENTED_EDGE('',*,*,#389,.T.);
#389 = EDGE_CURVE('',#381,#362,#390,.T.);
#390 = LINE('',#391,#392);
#391 = CARTESIAN_POINT('',(91.9,-84.792,0.));
#392 = VECTOR('',#393,1.);
#393 = DIRECTION('',(1.,0.,-0.));
#394 = FACE_BOUND('',#395,.F.);
#395 = EDGE_LOOP('',(#396,#407,#415,#424));
#396 = ORIENTED_EDGE('',*,*,#397,.T.);
#397 = EDGE_CURVE('',#398,#400,#402,.T.);
#398 = VERTEX_POINT('',#399);
#399 = CARTESIAN_POINT('',(187.6,-84.792,0.));
#400 = VERTEX_POINT('',#401);
#401 = CARTESIAN_POINT('',(187.6,-85.392,0.));
#402 = CIRCLE('',#403,0.3);
#403 = AXIS2_PLACEMENT_3D('',#404,#405,#406);
#404 = CARTESIAN_POINT('',(187.6,-85.092,0.));
#405 = DIRECTION('',(-0.,0.,-1.));
#406 = DIRECTION('',(-9.473903143468E-14,-1.,0.));
#407 = ORIENTED_EDGE('',*,*,#408,.T.);
#408 = EDGE_CURVE('',#400,#409,#411,.T.);
#409 = VERTEX_POINT('',#410);
#410 = CARTESIAN_POINT('',(187.,-85.392,0.));
#411 = LINE('',#412,#413);
#412 = CARTESIAN_POINT('',(93.5,-85.392,0.));
#413 = VECTOR('',#414,1.);
#414 = DIRECTION('',(-1.,0.,0.));
#415 = ORIENTED_EDGE('',*,*,#416,.T.);
#416 = EDGE_CURVE('',#409,#417,#419,.T.);
#417 = VERTEX_POINT('',#418);
#418 = CARTESIAN_POINT('',(187.,-84.792,0.));
#419 = CIRCLE('',#420,0.3);
#420 = AXIS2_PLACEMENT_3D('',#421,#422,#423);
#421 = CARTESIAN_POINT('',(187.,-85.092,0.));
#422 = DIRECTION('',(0.,-0.,-1.));
#423 = DIRECTION('',(9.473903143468E-14,1.,-0.));
#424 = ORIENTED_EDGE('',*,*,#425,.T.);
#425 = EDGE_CURVE('',#417,#398,#426,.T.);
#426 = LINE('',#427,#428);
#427 = CARTESIAN_POINT('',(93.8,-84.792,0.));
#428 = VECTOR('',#429,1.);
#429 = DIRECTION('',(1.,0.,-0.));
#430 = FACE_BOUND('',#431,.F.);
#431 = EDGE_LOOP('',(#432));
#432 = ORIENTED_EDGE('',*,*,#433,.T.);
#433 = EDGE_CURVE('',#434,#434,#436,.T.);
#434 = VERTEX_POINT('',#435);
#435 = CARTESIAN_POINT('',(175.904,-83.88,0.));
#436 = CIRCLE('',#437,0.65);
#437 = AXIS2_PLACEMENT_3D('',#438,#439,#440);
#438 = CARTESIAN_POINT('',(175.904,-83.23,0.));
#439 = DIRECTION('',(-0.,0.,-1.));
#440 = DIRECTION('',(-0.,-1.,0.));
#441 = FACE_BOUND('',#442,.F.);
#442 = EDGE_LOOP('',(#443));
#443 = ORIENTED_EDGE('',*,*,#444,.T.);
#444 = EDGE_CURVE('',#445,#445,#447,.T.);
#445 = VERTEX_POINT('',#446);
#446 = CARTESIAN_POINT('',(175.904,-78.88,0.));
#447 = CIRCLE('',#448,0.65);
#448 = AXIS2_PLACEMENT_3D('',#449,#450,#451);
#449 = CARTESIAN_POINT('',(175.904,-78.23,0.));
#450 = DIRECTION('',(-0.,0.,-1.));
#451 = DIRECTION('',(-0.,-1.,0.));
#452 = FACE_BOUND('',#453,.F.);
#453 = EDGE_LOOP('',(#454));
#454 = ORIENTED_EDGE('',*,*,#455,.T.);
#455 = EDGE_CURVE('',#456,#456,#458,.T.);
#456 = VERTEX_POINT('',#457);
#457 = CARTESIAN_POINT('',(122.174,-64.712,0.));
#458 = CIRCLE('',#459,0.45);
#459 = AXIS2_PLACEMENT_3D('',#460,#461,#462);
#460 = CARTESIAN_POINT('',(122.174,-64.262,0.));
#461 = DIRECTION('',(-0.,0.,-1.));
#462 = DIRECTION('',(-0.,-1.,0.));
#463 = FACE_BOUND('',#464,.F.);
#464 = EDGE_LOOP('',(#465));
#465 = ORIENTED_EDGE('',*,*,#466,.T.);
#466 = EDGE_CURVE('',#467,#467,#469,.T.);
#467 = VERTEX_POINT('',#468);
#468 = CARTESIAN_POINT('',(124.714,-64.712,0.));
#469 = CIRCLE('',#470,0.45);
#470 = AXIS2_PLACEMENT_3D('',#471,#472,#473);
#471 = CARTESIAN_POINT('',(124.714,-64.262,0.));
#472 = DIRECTION('',(-0.,0.,-1.));
#473 = DIRECTION('',(-0.,-1.,0.));
#474 = FACE_BOUND('',#475,.F.);
#475 = EDGE_LOOP('',(#476));
#476 = ORIENTED_EDGE('',*,*,#477,.F.);
#477 = EDGE_CURVE('',#478,#478,#480,.T.);
#478 = VERTEX_POINT('',#479);
#479 = CARTESIAN_POINT('',(136.982,-50.546,0.));
#480 = CIRCLE('',#481,1.6);
#481 = AXIS2_PLACEMENT_3D('',#482,#483,#484);
#482 = CARTESIAN_POINT('',(135.382,-50.546,0.));
#483 = DIRECTION('',(0.,0.,1.));
#484 = DIRECTION('',(1.,0.,-0.));
#485 = FACE_BOUND('',#486,.F.);
#486 = EDGE_LOOP('',(#487));
#487 = ORIENTED_EDGE('',*,*,#488,.T.);
#488 = EDGE_CURVE('',#489,#489,#491,.T.);
#489 = VERTEX_POINT('',#490);
#490 = CARTESIAN_POINT('',(149.754,-61.4,0.));
#491 = CIRCLE('',#492,0.15);
#492 = AXIS2_PLACEMENT_3D('',#493,#494,#495);
#493 = CARTESIAN_POINT('',(149.754,-61.25,0.));
#494 = DIRECTION('',(-0.,0.,-1.));
#495 = DIRECTION('',(-1.894780628694E-13,-1.,0.));
#496 = FACE_BOUND('',#497,.F.);
#497 = EDGE_LOOP('',(#498));
#498 = ORIENTED_EDGE('',*,*,#499,.T.);
#499 = EDGE_CURVE('',#500,#500,#502,.T.);
#500 = VERTEX_POINT('',#501);
#501 = CARTESIAN_POINT('',(150.454,-62.1,0.));
#502 = CIRCLE('',#503,0.15);
#503 = AXIS2_PLACEMENT_3D('',#504,#505,#506);
#504 = CARTESIAN_POINT('',(150.454,-61.95,0.));
#505 = DIRECTION('',(-0.,0.,-1.));
#506 = DIRECTION('',(-0.,-1.,0.));
#507 = FACE_BOUND('',#508,.F.);
#508 = EDGE_LOOP('',(#509));
#509 = ORIENTED_EDGE('',*,*,#510,.T.);
#510 = EDGE_CURVE('',#511,#511,#513,.T.);
#511 = VERTEX_POINT('',#512);
#512 = CARTESIAN_POINT('',(151.854,-62.1,0.));
#513 = CIRCLE('',#514,0.15);
#514 = AXIS2_PLACEMENT_3D('',#515,#516,#517);
#515 = CARTESIAN_POINT('',(151.854,-61.95,0.));
#516 = DIRECTION('',(-0.,0.,-1.));
#517 = DIRECTION('',(1.894780628694E-13,-1.,-0.));
#518 = FACE_BOUND('',#519,.F.);
#519 = EDGE_LOOP('',(#520));
#520 = ORIENTED_EDGE('',*,*,#521,.T.);
#521 = EDGE_CURVE('',#522,#522,#524,.T.);
#522 = VERTEX_POINT('',#523);
#523 = CARTESIAN_POINT('',(151.154,-61.4,0.));
#524 = CIRCLE('',#525,0.15);
#525 = AXIS2_PLACEMENT_3D('',#526,#527,#528);
#526 = CARTESIAN_POINT('',(151.154,-61.25,0.));
#527 = DIRECTION('',(-0.,0.,-1.));
#528 = DIRECTION('',(-0.,-1.,0.));
#529 = FACE_BOUND('',#530,.F.);
#530 = EDGE_LOOP('',(#531));
#531 = ORIENTED_EDGE('',*,*,#532,.T.);
#532 = EDGE_CURVE('',#533,#533,#535,.T.);
#533 = VERTEX_POINT('',#534);
#534 = CARTESIAN_POINT('',(152.554,-61.4,0.));
#535 = CIRCLE('',#536,0.15);
#536 = AXIS2_PLACEMENT_3D('',#537,#538,#539);
#537 = CARTESIAN_POINT('',(152.554,-61.25,0.));
#538 = DIRECTION('',(-0.,0.,-1.));
#539 = DIRECTION('',(-0.,-1.,0.));
#540 = FACE_BOUND('',#541,.F.);
#541 = EDGE_LOOP('',(#542));
#542 = ORIENTED_EDGE('',*,*,#543,.T.);
#543 = EDGE_CURVE('',#544,#544,#546,.T.);
#544 = VERTEX_POINT('',#545);
#545 = CARTESIAN_POINT('',(150.454,-60.7,0.));
#546 = CIRCLE('',#547,0.15);
#547 = AXIS2_PLACEMENT_3D('',#548,#549,#550);
#548 = CARTESIAN_POINT('',(150.454,-60.55,0.));
#549 = DIRECTION('',(-0.,0.,-1.));
#550 = DIRECTION('',(-0.,-1.,0.));
#551 = FACE_BOUND('',#552,.F.);
#552 = EDGE_LOOP('',(#553));
#553 = ORIENTED_EDGE('',*,*,#554,.T.);
#554 = EDGE_CURVE('',#555,#555,#557,.T.);
#555 = VERTEX_POINT('',#556);
#556 = CARTESIAN_POINT('',(149.754,-60.,0.));
#557 = CIRCLE('',#558,0.15);
#558 = AXIS2_PLACEMENT_3D('',#559,#560,#561);
#559 = CARTESIAN_POINT('',(149.754,-59.85,0.));
#560 = DIRECTION('',(-0.,0.,-1.));
#561 = DIRECTION('',(-1.894780628694E-13,-1.,0.));
#562 = FACE_BOUND('',#563,.F.);
#563 = EDGE_LOOP('',(#564));
#564 = ORIENTED_EDGE('',*,*,#565,.T.);
#565 = EDGE_CURVE('',#566,#566,#568,.T.);
#566 = VERTEX_POINT('',#567);
#567 = CARTESIAN_POINT('',(151.854,-60.7,0.));
#568 = CIRCLE('',#569,0.15);
#569 = AXIS2_PLACEMENT_3D('',#570,#571,#572);
#570 = CARTESIAN_POINT('',(151.854,-60.55,0.));
#571 = DIRECTION('',(-0.,0.,-1.));
#572 = DIRECTION('',(1.894780628694E-13,-1.,-0.));
#573 = FACE_BOUND('',#574,.F.);
#574 = EDGE_LOOP('',(#575));
#575 = ORIENTED_EDGE('',*,*,#576,.T.);
#576 = EDGE_CURVE('',#577,#577,#579,.T.);
#577 = VERTEX_POINT('',#578);
#578 = CARTESIAN_POINT('',(151.154,-60.,0.));
#579 = CIRCLE('',#580,0.15);
#580 = AXIS2_PLACEMENT_3D('',#581,#582,#583);
#581 = CARTESIAN_POINT('',(151.154,-59.85,0.));
#582 = DIRECTION('',(-0.,0.,-1.));
#583 = DIRECTION('',(-0.,-1.,0.));
#584 = FACE_BOUND('',#585,.F.);
#585 = EDGE_LOOP('',(#586));
#586 = ORIENTED_EDGE('',*,*,#587,.T.);
#587 = EDGE_CURVE('',#588,#588,#590,.T.);
#588 = VERTEX_POINT('',#589);
#589 = CARTESIAN_POINT('',(152.554,-60.,0.));
#590 = CIRCLE('',#591,0.15);
#591 = AXIS2_PLACEMENT_3D('',#592,#593,#594);
#592 = CARTESIAN_POINT('',(152.554,-59.85,0.));
#593 = DIRECTION('',(-0.,0.,-1.));
#594 = DIRECTION('',(-0.,-1.,0.));
#595 = FACE_BOUND('',#596,.F.);
#596 = EDGE_LOOP('',(#597));
#597 = ORIENTED_EDGE('',*,*,#598,.T.);
#598 = EDGE_CURVE('',#599,#599,#601,.T.);
#599 = VERTEX_POINT('',#600);
#600 = CARTESIAN_POINT('',(150.454,-59.3,0.));
#601 = CIRCLE('',#602,0.15);
#602 = AXIS2_PLACEMENT_3D('',#603,#604,#605);
#603 = CARTESIAN_POINT('',(150.454,-59.15,0.));
#604 = DIRECTION('',(-0.,0.,-1.));
#605 = DIRECTION('',(-0.,-1.,0.));
#606 = FACE_BOUND('',#607,.F.);
#607 = EDGE_LOOP('',(#608));
#608 = ORIENTED_EDGE('',*,*,#609,.T.);
#609 = EDGE_CURVE('',#610,#610,#612,.T.);
#610 = VERTEX_POINT('',#611);
#611 = CARTESIAN_POINT('',(151.854,-59.3,0.));
#612 = CIRCLE('',#613,0.15);
#613 = AXIS2_PLACEMENT_3D('',#614,#615,#616);
#614 = CARTESIAN_POINT('',(151.854,-59.15,0.));
#615 = DIRECTION('',(-0.,0.,-1.));
#616 = DIRECTION('',(1.894780628693E-13,-1.,-0.));
#617 = FACE_BOUND('',#618,.F.);
#618 = EDGE_LOOP('',(#619));
#619 = ORIENTED_EDGE('',*,*,#620,.T.);
#620 = EDGE_CURVE('',#621,#621,#623,.T.);
#621 = VERTEX_POINT('',#622);
#622 = CARTESIAN_POINT('',(166.61,-69.615,0.));
#623 = CIRCLE('',#624,0.5);
#624 = AXIS2_PLACEMENT_3D('',#625,#626,#627);
#625 = CARTESIAN_POINT('',(166.61,-69.115,0.));
#626 = DIRECTION('',(-0.,0.,-1.));
#627 = DIRECTION('',(-0.,-1.,0.));
#628 = FACE_BOUND('',#629,.F.);
#629 = EDGE_LOOP('',(#630));
#630 = ORIENTED_EDGE('',*,*,#631,.T.);
#631 = EDGE_CURVE('',#632,#632,#634,.T.);
#632 = VERTEX_POINT('',#633);
#633 = CARTESIAN_POINT('',(166.61,-67.075,0.));
#634 = CIRCLE('',#635,0.5);
#635 = AXIS2_PLACEMENT_3D('',#636,#637,#638);
#636 = CARTESIAN_POINT('',(166.61,-66.575,0.));
#637 = DIRECTION('',(-0.,0.,-1.));
#638 = DIRECTION('',(-0.,-1.,0.));
#639 = FACE_BOUND('',#640,.F.);
#640 = EDGE_LOOP('',(#641,#652,#660,#669));
#641 = ORIENTED_EDGE('',*,*,#642,.T.);
#642 = EDGE_CURVE('',#643,#645,#647,.T.);
#643 = VERTEX_POINT('',#644);
#644 = CARTESIAN_POINT('',(183.8,-76.152,0.));
#645 = VERTEX_POINT('',#646);
#646 = CARTESIAN_POINT('',(183.8,-76.752,0.));
#647 = CIRCLE('',#648,0.3);
#648 = AXIS2_PLACEMENT_3D('',#649,#650,#651);
#649 = CARTESIAN_POINT('',(183.8,-76.452,0.));
#650 = DIRECTION('',(-0.,0.,-1.));
#651 = DIRECTION('',(9.473903143468E-14,-1.,-0.));
#652 = ORIENTED_EDGE('',*,*,#653,.T.);
#653 = EDGE_CURVE('',#645,#654,#656,.T.);
#654 = VERTEX_POINT('',#655);
#655 = CARTESIAN_POINT('',(183.2,-76.752,0.));
#656 = LINE('',#657,#658);
#657 = CARTESIAN_POINT('',(91.6,-76.752,0.));
#658 = VECTOR('',#659,1.);
#659 = DIRECTION('',(-1.,0.,0.));
#660 = ORIENTED_EDGE('',*,*,#661,.T.);
#661 = EDGE_CURVE('',#654,#662,#664,.T.);
#662 = VERTEX_POINT('',#663);
#663 = CARTESIAN_POINT('',(183.2,-76.152,0.));
#664 = CIRCLE('',#665,0.3);
#665 = AXIS2_PLACEMENT_3D('',#666,#667,#668);
#666 = CARTESIAN_POINT('',(183.2,-76.452,0.));
#667 = DIRECTION('',(-0.,0.,-1.));
#668 = DIRECTION('',(-9.473903143468E-14,1.,0.));
#669 = ORIENTED_EDGE('',*,*,#670,.T.);
#670 = EDGE_CURVE('',#662,#643,#671,.T.);
#671 = LINE('',#672,#673);
#672 = CARTESIAN_POINT('',(91.9,-76.152,0.));
#673 = VECTOR('',#674,1.);
#674 = DIRECTION('',(1.,0.,-0.));
#675 = FACE_BOUND('',#676,.F.);
#676 = EDGE_LOOP('',(#677,#688,#696,#705));
#677 = ORIENTED_EDGE('',*,*,#678,.T.);
#678 = EDGE_CURVE('',#679,#681,#683,.T.);
#679 = VERTEX_POINT('',#680);
#680 = CARTESIAN_POINT('',(187.6,-76.152,0.));
#681 = VERTEX_POINT('',#682);
#682 = CARTESIAN_POINT('',(187.6,-76.752,0.));
#683 = CIRCLE('',#684,0.3);
#684 = AXIS2_PLACEMENT_3D('',#685,#686,#687);
#685 = CARTESIAN_POINT('',(187.6,-76.452,0.));
#686 = DIRECTION('',(-0.,0.,-1.));
#687 = DIRECTION('',(-0.,-1.,0.));
#688 = ORIENTED_EDGE('',*,*,#689,.T.);
#689 = EDGE_CURVE('',#681,#690,#692,.T.);
#690 = VERTEX_POINT('',#691);
#691 = CARTESIAN_POINT('',(187.,-76.752,0.));
#692 = LINE('',#693,#694);
#693 = CARTESIAN_POINT('',(93.5,-76.752,0.));
#694 = VECTOR('',#695,1.);
#695 = DIRECTION('',(-1.,0.,0.));
#696 = ORIENTED_EDGE('',*,*,#697,.T.);
#697 = EDGE_CURVE('',#690,#698,#700,.T.);
#698 = VERTEX_POINT('',#699);
#699 = CARTESIAN_POINT('',(187.,-76.152,0.));
#700 = CIRCLE('',#701,0.3);
#701 = AXIS2_PLACEMENT_3D('',#702,#703,#704);
#702 = CARTESIAN_POINT('',(187.,-76.452,0.));
#703 = DIRECTION('',(-0.,0.,-1.));
#704 = DIRECTION('',(0.,1.,0.));
#705 = ORIENTED_EDGE('',*,*,#706,.T.);
#706 = EDGE_CURVE('',#698,#679,#707,.T.);
#707 = LINE('',#708,#709);
#708 = CARTESIAN_POINT('',(93.8,-76.152,0.));
#709 = VECTOR('',#710,1.);
#710 = DIRECTION('',(1.,0.,-0.));
#711 = FACE_BOUND('',#712,.F.);
#712 = EDGE_LOOP('',(#713));
#713 = ORIENTED_EDGE('',*,*,#714,.T.);
#714 = EDGE_CURVE('',#715,#715,#717,.T.);
#715 = VERTEX_POINT('',#716);
#716 = CARTESIAN_POINT('',(173.08,-63.63,0.));
#717 = CIRCLE('',#718,0.5);
#718 = AXIS2_PLACEMENT_3D('',#719,#720,#721);
#719 = CARTESIAN_POINT('',(173.08,-63.13,0.));
#720 = DIRECTION('',(-0.,0.,-1.));
#721 = DIRECTION('',(-0.,-1.,0.));
#722 = FACE_BOUND('',#723,.F.);
#723 = EDGE_LOOP('',(#724));
#724 = ORIENTED_EDGE('',*,*,#725,.T.);
#725 = EDGE_CURVE('',#726,#726,#728,.T.);
#726 = VERTEX_POINT('',#727);
#727 = CARTESIAN_POINT('',(180.665,-64.712,0.));
#728 = CIRCLE('',#729,0.45);
#729 = AXIS2_PLACEMENT_3D('',#730,#731,#732);
#730 = CARTESIAN_POINT('',(180.665,-64.262,0.));
#731 = DIRECTION('',(-0.,0.,-1.));
#732 = DIRECTION('',(-6.315935428979E-14,-1.,0.));
#733 = FACE_BOUND('',#734,.F.);
#734 = EDGE_LOOP('',(#735));
#735 = ORIENTED_EDGE('',*,*,#736,.T.);
#736 = EDGE_CURVE('',#737,#737,#739,.T.);
#737 = VERTEX_POINT('',#738);
#738 = CARTESIAN_POINT('',(183.205,-64.712,0.));
#739 = CIRCLE('',#740,0.45);
#740 = AXIS2_PLACEMENT_3D('',#741,#742,#743);
#741 = CARTESIAN_POINT('',(183.205,-64.262,0.));
#742 = DIRECTION('',(-0.,0.,-1.));
#743 = DIRECTION('',(6.315935428978E-14,-1.,-0.));
#744 = FACE_BOUND('',#745,.F.);
#745 = EDGE_LOOP('',(#746));
#746 = ORIENTED_EDGE('',*,*,#747,.F.);
#747 = EDGE_CURVE('',#748,#748,#750,.T.);
#748 = VERTEX_POINT('',#749);
#749 = CARTESIAN_POINT('',(171.526,-50.546,0.));
#750 = CIRCLE('',#751,1.6);
#751 = AXIS2_PLACEMENT_3D('',#752,#753,#754);
#752 = CARTESIAN_POINT('',(169.926,-50.546,0.));
#753 = DIRECTION('',(0.,0.,1.));
#754 = DIRECTION('',(1.,0.,-0.));
#755 = FACE_BOUND('',#756,.F.);
#756 = EDGE_LOOP('',(#757));
#757 = ORIENTED_EDGE('',*,*,#758,.T.);
#758 = EDGE_CURVE('',#759,#759,#761,.T.);
#759 = VERTEX_POINT('',#760);
#760 = CARTESIAN_POINT('',(173.08,-61.09,0.));
#761 = CIRCLE('',#762,0.5);
#762 = AXIS2_PLACEMENT_3D('',#763,#764,#765);
#763 = CARTESIAN_POINT('',(173.08,-60.59,0.));
#764 = DIRECTION('',(-0.,0.,-1.));
#765 = DIRECTION('',(-0.,-1.,0.));
#766 = FACE_BOUND('',#767,.F.);
#767 = EDGE_LOOP('',(#768));
#768 = ORIENTED_EDGE('',*,*,#769,.T.);
#769 = EDGE_CURVE('',#770,#770,#772,.T.);
#770 = VERTEX_POINT('',#771);
#771 = CARTESIAN_POINT('',(173.08,-58.55,0.));
#772 = CIRCLE('',#773,0.5);
#773 = AXIS2_PLACEMENT_3D('',#774,#775,#776);
#774 = CARTESIAN_POINT('',(173.08,-58.05,0.));
#775 = DIRECTION('',(-0.,0.,-1.));
#776 = DIRECTION('',(-0.,-1.,0.));
#777 = FACE_BOUND('',#778,.F.);
#778 = EDGE_LOOP('',(#779));
#779 = ORIENTED_EDGE('',*,*,#780,.T.);
#780 = EDGE_CURVE('',#781,#781,#783,.T.);
#781 = VERTEX_POINT('',#782);
#782 = CARTESIAN_POINT('',(173.08,-56.01,0.));
#783 = CIRCLE('',#784,0.5);
#784 = AXIS2_PLACEMENT_3D('',#785,#786,#787);
#785 = CARTESIAN_POINT('',(173.08,-55.51,0.));
#786 = DIRECTION('',(-0.,0.,-1.));
#787 = DIRECTION('',(-0.,-1.,0.));
#788 = PLANE('',#789);
#789 = AXIS2_PLACEMENT_3D('',#790,#791,#792);
#790 = CARTESIAN_POINT('',(0.,0.,0.));
#791 = DIRECTION('',(0.,0.,1.));
#792 = DIRECTION('',(1.,0.,-0.));
#793 = ADVANCED_FACE('',(#794,#797,#808,#819,#830,#841,#852,#863,#874,
    #885,#896,#907,#918,#929,#940,#951,#962,#973,#984,#995,#1006,#1017,
    #1028,#1039,#1050,#1061,#1072,#1083,#1119,#1155,#1166,#1177,#1188,
    #1199,#1210,#1221,#1232,#1243,#1254,#1265,#1276,#1287,#1298,#1309,
    #1320,#1331,#1342,#1353,#1364,#1400,#1436,#1447,#1458,#1469,#1480,
    #1491,#1502),#1513,.T.);
#794 = FACE_BOUND('',#795,.T.);
#795 = EDGE_LOOP('',(#796));
#796 = ORIENTED_EDGE('',*,*,#49,.T.);
#797 = FACE_BOUND('',#798,.T.);
#798 = EDGE_LOOP('',(#799));
#799 = ORIENTED_EDGE('',*,*,#800,.F.);
#800 = EDGE_CURVE('',#801,#801,#803,.T.);
#801 = VERTEX_POINT('',#802);
#802 = CARTESIAN_POINT('',(128.6,-102.87,1.51));
#803 = CIRCLE('',#804,1.6);
#804 = AXIS2_PLACEMENT_3D('',#805,#806,#807);
#805 = CARTESIAN_POINT('',(127.,-102.87,1.51));
#806 = DIRECTION('',(0.,0.,1.));
#807 = DIRECTION('',(1.,0.,-0.));
#808 = FACE_BOUND('',#809,.T.);
#809 = EDGE_LOOP('',(#810));
#810 = ORIENTED_EDGE('',*,*,#811,.T.);
#811 = EDGE_CURVE('',#812,#812,#814,.T.);
#812 = VERTEX_POINT('',#813);
#813 = CARTESIAN_POINT('',(122.174,-97.65,1.51));
#814 = CIRCLE('',#815,0.45);
#815 = AXIS2_PLACEMENT_3D('',#816,#817,#818);
#816 = CARTESIAN_POINT('',(122.174,-97.2,1.51));
#817 = DIRECTION('',(-0.,0.,-1.));
#818 = DIRECTION('',(-0.,-1.,0.));
#819 = FACE_BOUND('',#820,.T.);
#820 = EDGE_LOOP('',(#821));
#821 = ORIENTED_EDGE('',*,*,#822,.T.);
#822 = EDGE_CURVE('',#823,#823,#825,.T.);
#823 = VERTEX_POINT('',#824);
#824 = CARTESIAN_POINT('',(124.714,-97.65,1.51));
#825 = CIRCLE('',#826,0.45);
#826 = AXIS2_PLACEMENT_3D('',#827,#828,#829);
#827 = CARTESIAN_POINT('',(124.714,-97.2,1.51));
#828 = DIRECTION('',(-0.,0.,-1.));
#829 = DIRECTION('',(-0.,-1.,0.));
#830 = FACE_BOUND('',#831,.T.);
#831 = EDGE_LOOP('',(#832));
#832 = ORIENTED_EDGE('',*,*,#833,.T.);
#833 = EDGE_CURVE('',#834,#834,#836,.T.);
#834 = VERTEX_POINT('',#835);
#835 = CARTESIAN_POINT('',(129.44,-97.65,1.51));
#836 = CIRCLE('',#837,0.45);
#837 = AXIS2_PLACEMENT_3D('',#838,#839,#840);
#838 = CARTESIAN_POINT('',(129.44,-97.2,1.51));
#839 = DIRECTION('',(-0.,0.,-1.));
#840 = DIRECTION('',(-0.,-1.,0.));
#841 = FACE_BOUND('',#842,.T.);
#842 = EDGE_LOOP('',(#843));
#843 = ORIENTED_EDGE('',*,*,#844,.T.);
#844 = EDGE_CURVE('',#845,#845,#847,.T.);
#845 = VERTEX_POINT('',#846);
#846 = CARTESIAN_POINT('',(130.71,-97.65,1.51));
#847 = CIRCLE('',#848,0.45);
#848 = AXIS2_PLACEMENT_3D('',#849,#850,#851);
#849 = CARTESIAN_POINT('',(130.71,-97.2,1.51));
#850 = DIRECTION('',(-0.,0.,-1.));
#851 = DIRECTION('',(6.315935428979E-14,-1.,-0.));
#852 = FACE_BOUND('',#853,.T.);
#853 = EDGE_LOOP('',(#854));
#854 = ORIENTED_EDGE('',*,*,#855,.T.);
#855 = EDGE_CURVE('',#856,#856,#858,.T.);
#856 = VERTEX_POINT('',#857);
#857 = CARTESIAN_POINT('',(131.98,-97.65,1.51));
#858 = CIRCLE('',#859,0.45);
#859 = AXIS2_PLACEMENT_3D('',#860,#861,#862);
#860 = CARTESIAN_POINT('',(131.98,-97.2,1.51));
#861 = DIRECTION('',(-0.,0.,-1.));
#862 = DIRECTION('',(-6.315935428979E-14,-1.,0.));
#863 = FACE_BOUND('',#864,.T.);
#864 = EDGE_LOOP('',(#865));
#865 = ORIENTED_EDGE('',*,*,#866,.T.);
#866 = EDGE_CURVE('',#867,#867,#869,.T.);
#867 = VERTEX_POINT('',#868);
#868 = CARTESIAN_POINT('',(133.25,-97.65,1.51));
#869 = CIRCLE('',#870,0.45);
#870 = AXIS2_PLACEMENT_3D('',#871,#872,#873);
#871 = CARTESIAN_POINT('',(133.25,-97.2,1.51));
#872 = DIRECTION('',(-0.,0.,-1.));
#873 = DIRECTION('',(-0.,-1.,0.));
#874 = FACE_BOUND('',#875,.T.);
#875 = EDGE_LOOP('',(#876));
#876 = ORIENTED_EDGE('',*,*,#877,.T.);
#877 = EDGE_CURVE('',#878,#878,#880,.T.);
#878 = VERTEX_POINT('',#879);
#879 = CARTESIAN_POINT('',(118.924,-83.572,1.51));
#880 = CIRCLE('',#881,0.55);
#881 = AXIS2_PLACEMENT_3D('',#882,#883,#884);
#882 = CARTESIAN_POINT('',(118.924,-83.022,1.51));
#883 = DIRECTION('',(-0.,0.,-1.));
#884 = DIRECTION('',(-0.,-1.,0.));
#885 = FACE_BOUND('',#886,.T.);
#886 = EDGE_LOOP('',(#887));
#887 = ORIENTED_EDGE('',*,*,#888,.T.);
#888 = EDGE_CURVE('',#889,#889,#891,.T.);
#889 = VERTEX_POINT('',#890);
#890 = CARTESIAN_POINT('',(125.424,-83.572,1.51));
#891 = CIRCLE('',#892,0.55);
#892 = AXIS2_PLACEMENT_3D('',#893,#894,#895);
#893 = CARTESIAN_POINT('',(125.424,-83.022,1.51));
#894 = DIRECTION('',(-0.,0.,-1.));
#895 = DIRECTION('',(-0.,-1.,0.));
#896 = FACE_BOUND('',#897,.T.);
#897 = EDGE_LOOP('',(#898));
#898 = ORIENTED_EDGE('',*,*,#899,.T.);
#899 = EDGE_CURVE('',#900,#900,#902,.T.);
#900 = VERTEX_POINT('',#901);
#901 = CARTESIAN_POINT('',(118.924,-79.072,1.51));
#902 = CIRCLE('',#903,0.55);
#903 = AXIS2_PLACEMENT_3D('',#904,#905,#906);
#904 = CARTESIAN_POINT('',(118.924,-78.522,1.51));
#905 = DIRECTION('',(-0.,0.,-1.));
#906 = DIRECTION('',(-0.,-1.,0.));
#907 = FACE_BOUND('',#908,.T.);
#908 = EDGE_LOOP('',(#909));
#909 = ORIENTED_EDGE('',*,*,#910,.T.);
#910 = EDGE_CURVE('',#911,#911,#913,.T.);
#911 = VERTEX_POINT('',#912);
#912 = CARTESIAN_POINT('',(125.424,-79.072,1.51));
#913 = CIRCLE('',#914,0.55);
#914 = AXIS2_PLACEMENT_3D('',#915,#916,#917);
#915 = CARTESIAN_POINT('',(125.424,-78.522,1.51));
#916 = DIRECTION('',(-0.,0.,-1.));
#917 = DIRECTION('',(-0.,-1.,0.));
#918 = FACE_BOUND('',#919,.T.);
#919 = EDGE_LOOP('',(#920));
#920 = ORIENTED_EDGE('',*,*,#921,.T.);
#921 = EDGE_CURVE('',#922,#922,#924,.T.);
#922 = VERTEX_POINT('',#923);
#923 = CARTESIAN_POINT('',(129.404,-83.922,1.51));
#924 = CIRCLE('',#925,0.65);
#925 = AXIS2_PLACEMENT_3D('',#926,#927,#928);
#926 = CARTESIAN_POINT('',(129.404,-83.272,1.51));
#927 = DIRECTION('',(-0.,0.,-1.));
#928 = DIRECTION('',(-0.,-1.,0.));
#929 = FACE_BOUND('',#930,.T.);
#930 = EDGE_LOOP('',(#931));
#931 = ORIENTED_EDGE('',*,*,#932,.T.);
#932 = EDGE_CURVE('',#933,#933,#935,.T.);
#933 = VERTEX_POINT('',#934);
#934 = CARTESIAN_POINT('',(129.404,-78.922,1.51));
#935 = CIRCLE('',#936,0.65);
#936 = AXIS2_PLACEMENT_3D('',#937,#938,#939);
#937 = CARTESIAN_POINT('',(129.404,-78.272,1.51));
#938 = DIRECTION('',(-0.,0.,-1.));
#939 = DIRECTION('',(-0.,-1.,0.));
#940 = FACE_BOUND('',#941,.T.);
#941 = EDGE_LOOP('',(#942));
#942 = ORIENTED_EDGE('',*,*,#943,.T.);
#943 = EDGE_CURVE('',#944,#944,#946,.T.);
#944 = VERTEX_POINT('',#945);
#945 = CARTESIAN_POINT('',(141.904,-83.922,1.51));
#946 = CIRCLE('',#947,0.65);
#947 = AXIS2_PLACEMENT_3D('',#948,#949,#950);
#948 = CARTESIAN_POINT('',(141.904,-83.272,1.51));
#949 = DIRECTION('',(-0.,0.,-1.));
#950 = DIRECTION('',(-0.,-1.,0.));
#951 = FACE_BOUND('',#952,.T.);
#952 = EDGE_LOOP('',(#953));
#953 = ORIENTED_EDGE('',*,*,#954,.T.);
#954 = EDGE_CURVE('',#955,#955,#957,.T.);
#955 = VERTEX_POINT('',#956);
#956 = CARTESIAN_POINT('',(141.904,-78.922,1.51));
#957 = CIRCLE('',#958,0.65);
#958 = AXIS2_PLACEMENT_3D('',#959,#960,#961);
#959 = CARTESIAN_POINT('',(141.904,-78.272,1.51));
#960 = DIRECTION('',(-0.,0.,-1.));
#961 = DIRECTION('',(-0.,-1.,0.));
#962 = FACE_BOUND('',#963,.T.);
#963 = EDGE_LOOP('',(#964));
#964 = ORIENTED_EDGE('',*,*,#965,.T.);
#965 = EDGE_CURVE('',#966,#966,#968,.T.);
#966 = VERTEX_POINT('',#967);
#967 = CARTESIAN_POINT('',(146.404,-83.922,1.51));
#968 = CIRCLE('',#969,0.65);
#969 = AXIS2_PLACEMENT_3D('',#970,#971,#972);
#970 = CARTESIAN_POINT('',(146.404,-83.272,1.51));
#971 = DIRECTION('',(-0.,0.,-1.));
#972 = DIRECTION('',(-0.,-1.,0.));
#973 = FACE_BOUND('',#974,.T.);
#974 = EDGE_LOOP('',(#975));
#975 = ORIENTED_EDGE('',*,*,#976,.T.);
#976 = EDGE_CURVE('',#977,#977,#979,.T.);
#977 = VERTEX_POINT('',#978);
#978 = CARTESIAN_POINT('',(146.404,-78.922,1.51));
#979 = CIRCLE('',#980,0.65);
#980 = AXIS2_PLACEMENT_3D('',#981,#982,#983);
#981 = CARTESIAN_POINT('',(146.404,-78.272,1.51));
#982 = DIRECTION('',(-0.,0.,-1.));
#983 = DIRECTION('',(-0.,-1.,0.));
#984 = FACE_BOUND('',#985,.T.);
#985 = EDGE_LOOP('',(#986));
#986 = ORIENTED_EDGE('',*,*,#987,.F.);
#987 = EDGE_CURVE('',#988,#988,#990,.T.);
#988 = VERTEX_POINT('',#989);
#989 = CARTESIAN_POINT('',(179.832,-102.87,1.51));
#990 = CIRCLE('',#991,1.6);
#991 = AXIS2_PLACEMENT_3D('',#992,#993,#994);
#992 = CARTESIAN_POINT('',(178.232,-102.87,1.51));
#993 = DIRECTION('',(0.,0.,1.));
#994 = DIRECTION('',(1.,0.,-0.));
#995 = FACE_BOUND('',#996,.T.);
#996 = EDGE_LOOP('',(#997));
#997 = ORIENTED_EDGE('',*,*,#998,.T.);
#998 = EDGE_CURVE('',#999,#999,#1001,.T.);
#999 = VERTEX_POINT('',#1000);
#1000 = CARTESIAN_POINT('',(175.32,-97.43,1.51));
#1001 = CIRCLE('',#1002,0.5);
#1002 = AXIS2_PLACEMENT_3D('',#1003,#1004,#1005);
#1003 = CARTESIAN_POINT('',(175.32,-96.93,1.51));
#1004 = DIRECTION('',(-0.,0.,-1.));
#1005 = DIRECTION('',(-0.,-1.,0.));
#1006 = FACE_BOUND('',#1007,.T.);
#1007 = EDGE_LOOP('',(#1008));
#1008 = ORIENTED_EDGE('',*,*,#1009,.T.);
#1009 = EDGE_CURVE('',#1010,#1010,#1012,.T.);
#1010 = VERTEX_POINT('',#1011);
#1011 = CARTESIAN_POINT('',(175.32,-94.93,1.51));
#1012 = CIRCLE('',#1013,0.5);
#1013 = AXIS2_PLACEMENT_3D('',#1014,#1015,#1016);
#1014 = CARTESIAN_POINT('',(175.32,-94.43,1.51));
#1015 = DIRECTION('',(-0.,0.,-1.));
#1016 = DIRECTION('',(-0.,-1.,0.));
#1017 = FACE_BOUND('',#1018,.T.);
#1018 = EDGE_LOOP('',(#1019));
#1019 = ORIENTED_EDGE('',*,*,#1020,.T.);
#1020 = EDGE_CURVE('',#1021,#1021,#1023,.T.);
#1021 = VERTEX_POINT('',#1022);
#1022 = CARTESIAN_POINT('',(180.665,-97.65,1.51));
#1023 = CIRCLE('',#1024,0.45);
#1024 = AXIS2_PLACEMENT_3D('',#1025,#1026,#1027);
#1025 = CARTESIAN_POINT('',(180.665,-97.2,1.51));
#1026 = DIRECTION('',(-0.,0.,-1.));
#1027 = DIRECTION('',(-6.315935428979E-14,-1.,0.));
#1028 = FACE_BOUND('',#1029,.T.);
#1029 = EDGE_LOOP('',(#1030));
#1030 = ORIENTED_EDGE('',*,*,#1031,.T.);
#1031 = EDGE_CURVE('',#1032,#1032,#1034,.T.);
#1032 = VERTEX_POINT('',#1033);
#1033 = CARTESIAN_POINT('',(183.205,-97.65,1.51));
#1034 = CIRCLE('',#1035,0.45);
#1035 = AXIS2_PLACEMENT_3D('',#1036,#1037,#1038);
#1036 = CARTESIAN_POINT('',(183.205,-97.2,1.51));
#1037 = DIRECTION('',(-0.,0.,-1.));
#1038 = DIRECTION('',(6.315935428979E-14,-1.,-0.));
#1039 = FACE_BOUND('',#1040,.T.);
#1040 = EDGE_LOOP('',(#1041));
#1041 = ORIENTED_EDGE('',*,*,#1042,.T.);
#1042 = EDGE_CURVE('',#1043,#1043,#1045,.T.);
#1043 = VERTEX_POINT('',#1044);
#1044 = CARTESIAN_POINT('',(158.904,-83.922,1.51));
#1045 = CIRCLE('',#1046,0.65);
#1046 = AXIS2_PLACEMENT_3D('',#1047,#1048,#1049);
#1047 = CARTESIAN_POINT('',(158.904,-83.272,1.51));
#1048 = DIRECTION('',(-0.,0.,-1.));
#1049 = DIRECTION('',(-0.,-1.,0.));
#1050 = FACE_BOUND('',#1051,.T.);
#1051 = EDGE_LOOP('',(#1052));
#1052 = ORIENTED_EDGE('',*,*,#1053,.T.);
#1053 = EDGE_CURVE('',#1054,#1054,#1056,.T.);
#1054 = VERTEX_POINT('',#1055);
#1055 = CARTESIAN_POINT('',(158.904,-78.922,1.51));
#1056 = CIRCLE('',#1057,0.65);
#1057 = AXIS2_PLACEMENT_3D('',#1058,#1059,#1060);
#1058 = CARTESIAN_POINT('',(158.904,-78.272,1.51));
#1059 = DIRECTION('',(-0.,0.,-1.));
#1060 = DIRECTION('',(-0.,-1.,0.));
#1061 = FACE_BOUND('',#1062,.T.);
#1062 = EDGE_LOOP('',(#1063));
#1063 = ORIENTED_EDGE('',*,*,#1064,.T.);
#1064 = EDGE_CURVE('',#1065,#1065,#1067,.T.);
#1065 = VERTEX_POINT('',#1066);
#1066 = CARTESIAN_POINT('',(163.404,-83.88,1.51));
#1067 = CIRCLE('',#1068,0.65);
#1068 = AXIS2_PLACEMENT_3D('',#1069,#1070,#1071);
#1069 = CARTESIAN_POINT('',(163.404,-83.23,1.51));
#1070 = DIRECTION('',(-0.,0.,-1.));
#1071 = DIRECTION('',(-0.,-1.,0.));
#1072 = FACE_BOUND('',#1073,.T.);
#1073 = EDGE_LOOP('',(#1074));
#1074 = ORIENTED_EDGE('',*,*,#1075,.T.);
#1075 = EDGE_CURVE('',#1076,#1076,#1078,.T.);
#1076 = VERTEX_POINT('',#1077);
#1077 = CARTESIAN_POINT('',(163.404,-78.88,1.51));
#1078 = CIRCLE('',#1079,0.65);
#1079 = AXIS2_PLACEMENT_3D('',#1080,#1081,#1082);
#1080 = CARTESIAN_POINT('',(163.404,-78.23,1.51));
#1081 = DIRECTION('',(-0.,0.,-1.));
#1082 = DIRECTION('',(-0.,-1.,0.));
#1083 = FACE_BOUND('',#1084,.T.);
#1084 = EDGE_LOOP('',(#1085,#1096,#1104,#1113));
#1085 = ORIENTED_EDGE('',*,*,#1086,.T.);
#1086 = EDGE_CURVE('',#1087,#1089,#1091,.T.);
#1087 = VERTEX_POINT('',#1088);
#1088 = CARTESIAN_POINT('',(183.8,-84.792,1.51));
#1089 = VERTEX_POINT('',#1090);
#1090 = CARTESIAN_POINT('',(183.8,-85.392,1.51));
#1091 = CIRCLE('',#1092,0.3);
#1092 = AXIS2_PLACEMENT_3D('',#1093,#1094,#1095);
#1093 = CARTESIAN_POINT('',(183.8,-85.092,1.51));
#1094 = DIRECTION('',(-0.,0.,-1.));
#1095 = DIRECTION('',(9.473903143468E-14,-1.,-0.));
#1096 = ORIENTED_EDGE('',*,*,#1097,.T.);
#1097 = EDGE_CURVE('',#1089,#1098,#1100,.T.);
#1098 = VERTEX_POINT('',#1099);
#1099 = CARTESIAN_POINT('',(183.2,-85.392,1.51));
#1100 = LINE('',#1101,#1102);
#1101 = CARTESIAN_POINT('',(91.6,-85.392,1.51));
#1102 = VECTOR('',#1103,1.);
#1103 = DIRECTION('',(-1.,0.,0.));
#1104 = ORIENTED_EDGE('',*,*,#1105,.T.);
#1105 = EDGE_CURVE('',#1098,#1106,#1108,.T.);
#1106 = VERTEX_POINT('',#1107);
#1107 = CARTESIAN_POINT('',(183.2,-84.792,1.51));
#1108 = CIRCLE('',#1109,0.3);
#1109 = AXIS2_PLACEMENT_3D('',#1110,#1111,#1112);
#1110 = CARTESIAN_POINT('',(183.2,-85.092,1.51));
#1111 = DIRECTION('',(-0.,0.,-1.));
#1112 = DIRECTION('',(-9.473903143468E-14,1.,0.));
#1113 = ORIENTED_EDGE('',*,*,#1114,.T.);
#1114 = EDGE_CURVE('',#1106,#1087,#1115,.T.);
#1115 = LINE('',#1116,#1117);
#1116 = CARTESIAN_POINT('',(91.9,-84.792,1.51));
#1117 = VECTOR('',#1118,1.);
#1118 = DIRECTION('',(1.,0.,-0.));
#1119 = FACE_BOUND('',#1120,.T.);
#1120 = EDGE_LOOP('',(#1121,#1132,#1140,#1149));
#1121 = ORIENTED_EDGE('',*,*,#1122,.T.);
#1122 = EDGE_CURVE('',#1123,#1125,#1127,.T.);
#1123 = VERTEX_POINT('',#1124);
#1124 = CARTESIAN_POINT('',(187.6,-84.792,1.51));
#1125 = VERTEX_POINT('',#1126);
#1126 = CARTESIAN_POINT('',(187.6,-85.392,1.51));
#1127 = CIRCLE('',#1128,0.3);
#1128 = AXIS2_PLACEMENT_3D('',#1129,#1130,#1131);
#1129 = CARTESIAN_POINT('',(187.6,-85.092,1.51));
#1130 = DIRECTION('',(-0.,0.,-1.));
#1131 = DIRECTION('',(-9.473903143468E-14,-1.,0.));
#1132 = ORIENTED_EDGE('',*,*,#1133,.T.);
#1133 = EDGE_CURVE('',#1125,#1134,#1136,.T.);
#1134 = VERTEX_POINT('',#1135);
#1135 = CARTESIAN_POINT('',(187.,-85.392,1.51));
#1136 = LINE('',#1137,#1138);
#1137 = CARTESIAN_POINT('',(93.5,-85.392,1.51));
#1138 = VECTOR('',#1139,1.);
#1139 = DIRECTION('',(-1.,0.,0.));
#1140 = ORIENTED_EDGE('',*,*,#1141,.T.);
#1141 = EDGE_CURVE('',#1134,#1142,#1144,.T.);
#1142 = VERTEX_POINT('',#1143);
#1143 = CARTESIAN_POINT('',(187.,-84.792,1.51));
#1144 = CIRCLE('',#1145,0.3);
#1145 = AXIS2_PLACEMENT_3D('',#1146,#1147,#1148);
#1146 = CARTESIAN_POINT('',(187.,-85.092,1.51));
#1147 = DIRECTION('',(0.,-0.,-1.));
#1148 = DIRECTION('',(9.473903143468E-14,1.,-0.));
#1149 = ORIENTED_EDGE('',*,*,#1150,.T.);
#1150 = EDGE_CURVE('',#1142,#1123,#1151,.T.);
#1151 = LINE('',#1152,#1153);
#1152 = CARTESIAN_POINT('',(93.8,-84.792,1.51));
#1153 = VECTOR('',#1154,1.);
#1154 = DIRECTION('',(1.,0.,-0.));
#1155 = FACE_BOUND('',#1156,.T.);
#1156 = EDGE_LOOP('',(#1157));
#1157 = ORIENTED_EDGE('',*,*,#1158,.T.);
#1158 = EDGE_CURVE('',#1159,#1159,#1161,.T.);
#1159 = VERTEX_POINT('',#1160);
#1160 = CARTESIAN_POINT('',(175.904,-83.88,1.51));
#1161 = CIRCLE('',#1162,0.65);
#1162 = AXIS2_PLACEMENT_3D('',#1163,#1164,#1165);
#1163 = CARTESIAN_POINT('',(175.904,-83.23,1.51));
#1164 = DIRECTION('',(-0.,0.,-1.));
#1165 = DIRECTION('',(-0.,-1.,0.));
#1166 = FACE_BOUND('',#1167,.T.);
#1167 = EDGE_LOOP('',(#1168));
#1168 = ORIENTED_EDGE('',*,*,#1169,.T.);
#1169 = EDGE_CURVE('',#1170,#1170,#1172,.T.);
#1170 = VERTEX_POINT('',#1171);
#1171 = CARTESIAN_POINT('',(175.904,-78.88,1.51));
#1172 = CIRCLE('',#1173,0.65);
#1173 = AXIS2_PLACEMENT_3D('',#1174,#1175,#1176);
#1174 = CARTESIAN_POINT('',(175.904,-78.23,1.51));
#1175 = DIRECTION('',(-0.,0.,-1.));
#1176 = DIRECTION('',(-0.,-1.,0.));
#1177 = FACE_BOUND('',#1178,.T.);
#1178 = EDGE_LOOP('',(#1179));
#1179 = ORIENTED_EDGE('',*,*,#1180,.T.);
#1180 = EDGE_CURVE('',#1181,#1181,#1183,.T.);
#1181 = VERTEX_POINT('',#1182);
#1182 = CARTESIAN_POINT('',(122.174,-64.712,1.51));
#1183 = CIRCLE('',#1184,0.45);
#1184 = AXIS2_PLACEMENT_3D('',#1185,#1186,#1187);
#1185 = CARTESIAN_POINT('',(122.174,-64.262,1.51));
#1186 = DIRECTION('',(-0.,0.,-1.));
#1187 = DIRECTION('',(-0.,-1.,0.));
#1188 = FACE_BOUND('',#1189,.T.);
#1189 = EDGE_LOOP('',(#1190));
#1190 = ORIENTED_EDGE('',*,*,#1191,.T.);
#1191 = EDGE_CURVE('',#1192,#1192,#1194,.T.);
#1192 = VERTEX_POINT('',#1193);
#1193 = CARTESIAN_POINT('',(124.714,-64.712,1.51));
#1194 = CIRCLE('',#1195,0.45);
#1195 = AXIS2_PLACEMENT_3D('',#1196,#1197,#1198);
#1196 = CARTESIAN_POINT('',(124.714,-64.262,1.51));
#1197 = DIRECTION('',(-0.,0.,-1.));
#1198 = DIRECTION('',(-0.,-1.,0.));
#1199 = FACE_BOUND('',#1200,.T.);
#1200 = EDGE_LOOP('',(#1201));
#1201 = ORIENTED_EDGE('',*,*,#1202,.F.);
#1202 = EDGE_CURVE('',#1203,#1203,#1205,.T.);
#1203 = VERTEX_POINT('',#1204);
#1204 = CARTESIAN_POINT('',(136.982,-50.546,1.51));
#1205 = CIRCLE('',#1206,1.6);
#1206 = AXIS2_PLACEMENT_3D('',#1207,#1208,#1209);
#1207 = CARTESIAN_POINT('',(135.382,-50.546,1.51));
#1208 = DIRECTION('',(0.,0.,1.));
#1209 = DIRECTION('',(1.,0.,-0.));
#1210 = FACE_BOUND('',#1211,.T.);
#1211 = EDGE_LOOP('',(#1212));
#1212 = ORIENTED_EDGE('',*,*,#1213,.T.);
#1213 = EDGE_CURVE('',#1214,#1214,#1216,.T.);
#1214 = VERTEX_POINT('',#1215);
#1215 = CARTESIAN_POINT('',(149.754,-61.4,1.51));
#1216 = CIRCLE('',#1217,0.15);
#1217 = AXIS2_PLACEMENT_3D('',#1218,#1219,#1220);
#1218 = CARTESIAN_POINT('',(149.754,-61.25,1.51));
#1219 = DIRECTION('',(-0.,0.,-1.));
#1220 = DIRECTION('',(-1.894780628694E-13,-1.,0.));
#1221 = FACE_BOUND('',#1222,.T.);
#1222 = EDGE_LOOP('',(#1223));
#1223 = ORIENTED_EDGE('',*,*,#1224,.T.);
#1224 = EDGE_CURVE('',#1225,#1225,#1227,.T.);
#1225 = VERTEX_POINT('',#1226);
#1226 = CARTESIAN_POINT('',(150.454,-62.1,1.51));
#1227 = CIRCLE('',#1228,0.15);
#1228 = AXIS2_PLACEMENT_3D('',#1229,#1230,#1231);
#1229 = CARTESIAN_POINT('',(150.454,-61.95,1.51));
#1230 = DIRECTION('',(-0.,0.,-1.));
#1231 = DIRECTION('',(-0.,-1.,0.));
#1232 = FACE_BOUND('',#1233,.T.);
#1233 = EDGE_LOOP('',(#1234));
#1234 = ORIENTED_EDGE('',*,*,#1235,.T.);
#1235 = EDGE_CURVE('',#1236,#1236,#1238,.T.);
#1236 = VERTEX_POINT('',#1237);
#1237 = CARTESIAN_POINT('',(151.854,-62.1,1.51));
#1238 = CIRCLE('',#1239,0.15);
#1239 = AXIS2_PLACEMENT_3D('',#1240,#1241,#1242);
#1240 = CARTESIAN_POINT('',(151.854,-61.95,1.51));
#1241 = DIRECTION('',(-0.,0.,-1.));
#1242 = DIRECTION('',(1.894780628694E-13,-1.,-0.));
#1243 = FACE_BOUND('',#1244,.T.);
#1244 = EDGE_LOOP('',(#1245));
#1245 = ORIENTED_EDGE('',*,*,#1246,.T.);
#1246 = EDGE_CURVE('',#1247,#1247,#1249,.T.);
#1247 = VERTEX_POINT('',#1248);
#1248 = CARTESIAN_POINT('',(151.154,-61.4,1.51));
#1249 = CIRCLE('',#1250,0.15);
#1250 = AXIS2_PLACEMENT_3D('',#1251,#1252,#1253);
#1251 = CARTESIAN_POINT('',(151.154,-61.25,1.51));
#1252 = DIRECTION('',(-0.,0.,-1.));
#1253 = DIRECTION('',(-0.,-1.,0.));
#1254 = FACE_BOUND('',#1255,.T.);
#1255 = EDGE_LOOP('',(#1256));
#1256 = ORIENTED_EDGE('',*,*,#1257,.T.);
#1257 = EDGE_CURVE('',#1258,#1258,#1260,.T.);
#1258 = VERTEX_POINT('',#1259);
#1259 = CARTESIAN_POINT('',(152.554,-61.4,1.51));
#1260 = CIRCLE('',#1261,0.15);
#1261 = AXIS2_PLACEMENT_3D('',#1262,#1263,#1264);
#1262 = CARTESIAN_POINT('',(152.554,-61.25,1.51));
#1263 = DIRECTION('',(-0.,0.,-1.));
#1264 = DIRECTION('',(-0.,-1.,0.));
#1265 = FACE_BOUND('',#1266,.T.);
#1266 = EDGE_LOOP('',(#1267));
#1267 = ORIENTED_EDGE('',*,*,#1268,.T.);
#1268 = EDGE_CURVE('',#1269,#1269,#1271,.T.);
#1269 = VERTEX_POINT('',#1270);
#1270 = CARTESIAN_POINT('',(150.454,-60.7,1.51));
#1271 = CIRCLE('',#1272,0.15);
#1272 = AXIS2_PLACEMENT_3D('',#1273,#1274,#1275);
#1273 = CARTESIAN_POINT('',(150.454,-60.55,1.51));
#1274 = DIRECTION('',(-0.,0.,-1.));
#1275 = DIRECTION('',(-0.,-1.,0.));
#1276 = FACE_BOUND('',#1277,.T.);
#1277 = EDGE_LOOP('',(#1278));
#1278 = ORIENTED_EDGE('',*,*,#1279,.T.);
#1279 = EDGE_CURVE('',#1280,#1280,#1282,.T.);
#1280 = VERTEX_POINT('',#1281);
#1281 = CARTESIAN_POINT('',(149.754,-60.,1.51));
#1282 = CIRCLE('',#1283,0.15);
#1283 = AXIS2_PLACEMENT_3D('',#1284,#1285,#1286);
#1284 = CARTESIAN_POINT('',(149.754,-59.85,1.51));
#1285 = DIRECTION('',(-0.,0.,-1.));
#1286 = DIRECTION('',(-1.894780628694E-13,-1.,0.));
#1287 = FACE_BOUND('',#1288,.T.);
#1288 = EDGE_LOOP('',(#1289));
#1289 = ORIENTED_EDGE('',*,*,#1290,.T.);
#1290 = EDGE_CURVE('',#1291,#1291,#1293,.T.);
#1291 = VERTEX_POINT('',#1292);
#1292 = CARTESIAN_POINT('',(151.854,-60.7,1.51));
#1293 = CIRCLE('',#1294,0.15);
#1294 = AXIS2_PLACEMENT_3D('',#1295,#1296,#1297);
#1295 = CARTESIAN_POINT('',(151.854,-60.55,1.51));
#1296 = DIRECTION('',(-0.,0.,-1.));
#1297 = DIRECTION('',(1.894780628694E-13,-1.,-0.));
#1298 = FACE_BOUND('',#1299,.T.);
#1299 = EDGE_LOOP('',(#1300));
#1300 = ORIENTED_EDGE('',*,*,#1301,.T.);
#1301 = EDGE_CURVE('',#1302,#1302,#1304,.T.);
#1302 = VERTEX_POINT('',#1303);
#1303 = CARTESIAN_POINT('',(151.154,-60.,1.51));
#1304 = CIRCLE('',#1305,0.15);
#1305 = AXIS2_PLACEMENT_3D('',#1306,#1307,#1308);
#1306 = CARTESIAN_POINT('',(151.154,-59.85,1.51));
#1307 = DIRECTION('',(-0.,0.,-1.));
#1308 = DIRECTION('',(-0.,-1.,0.));
#1309 = FACE_BOUND('',#1310,.T.);
#1310 = EDGE_LOOP('',(#1311));
#1311 = ORIENTED_EDGE('',*,*,#1312,.T.);
#1312 = EDGE_CURVE('',#1313,#1313,#1315,.T.);
#1313 = VERTEX_POINT('',#1314);
#1314 = CARTESIAN_POINT('',(152.554,-60.,1.51));
#1315 = CIRCLE('',#1316,0.15);
#1316 = AXIS2_PLACEMENT_3D('',#1317,#1318,#1319);
#1317 = CARTESIAN_POINT('',(152.554,-59.85,1.51));
#1318 = DIRECTION('',(-0.,0.,-1.));
#1319 = DIRECTION('',(-0.,-1.,0.));
#1320 = FACE_BOUND('',#1321,.T.);
#1321 = EDGE_LOOP('',(#1322));
#1322 = ORIENTED_EDGE('',*,*,#1323,.T.);
#1323 = EDGE_CURVE('',#1324,#1324,#1326,.T.);
#1324 = VERTEX_POINT('',#1325);
#1325 = CARTESIAN_POINT('',(150.454,-59.3,1.51));
#1326 = CIRCLE('',#1327,0.15);
#1327 = AXIS2_PLACEMENT_3D('',#1328,#1329,#1330);
#1328 = CARTESIAN_POINT('',(150.454,-59.15,1.51));
#1329 = DIRECTION('',(-0.,0.,-1.));
#1330 = DIRECTION('',(-0.,-1.,0.));
#1331 = FACE_BOUND('',#1332,.T.);
#1332 = EDGE_LOOP('',(#1333));
#1333 = ORIENTED_EDGE('',*,*,#1334,.T.);
#1334 = EDGE_CURVE('',#1335,#1335,#1337,.T.);
#1335 = VERTEX_POINT('',#1336);
#1336 = CARTESIAN_POINT('',(151.854,-59.3,1.51));
#1337 = CIRCLE('',#1338,0.15);
#1338 = AXIS2_PLACEMENT_3D('',#1339,#1340,#1341);
#1339 = CARTESIAN_POINT('',(151.854,-59.15,1.51));
#1340 = DIRECTION('',(-0.,0.,-1.));
#1341 = DIRECTION('',(1.894780628693E-13,-1.,-0.));
#1342 = FACE_BOUND('',#1343,.T.);
#1343 = EDGE_LOOP('',(#1344));
#1344 = ORIENTED_EDGE('',*,*,#1345,.T.);
#1345 = EDGE_CURVE('',#1346,#1346,#1348,.T.);
#1346 = VERTEX_POINT('',#1347);
#1347 = CARTESIAN_POINT('',(166.61,-69.615,1.51));
#1348 = CIRCLE('',#1349,0.5);
#1349 = AXIS2_PLACEMENT_3D('',#1350,#1351,#1352);
#1350 = CARTESIAN_POINT('',(166.61,-69.115,1.51));
#1351 = DIRECTION('',(-0.,0.,-1.));
#1352 = DIRECTION('',(-0.,-1.,0.));
#1353 = FACE_BOUND('',#1354,.T.);
#1354 = EDGE_LOOP('',(#1355));
#1355 = ORIENTED_EDGE('',*,*,#1356,.T.);
#1356 = EDGE_CURVE('',#1357,#1357,#1359,.T.);
#1357 = VERTEX_POINT('',#1358);
#1358 = CARTESIAN_POINT('',(166.61,-67.075,1.51));
#1359 = CIRCLE('',#1360,0.5);
#1360 = AXIS2_PLACEMENT_3D('',#1361,#1362,#1363);
#1361 = CARTESIAN_POINT('',(166.61,-66.575,1.51));
#1362 = DIRECTION('',(-0.,0.,-1.));
#1363 = DIRECTION('',(-0.,-1.,0.));
#1364 = FACE_BOUND('',#1365,.T.);
#1365 = EDGE_LOOP('',(#1366,#1377,#1385,#1394));
#1366 = ORIENTED_EDGE('',*,*,#1367,.T.);
#1367 = EDGE_CURVE('',#1368,#1370,#1372,.T.);
#1368 = VERTEX_POINT('',#1369);
#1369 = CARTESIAN_POINT('',(183.8,-76.152,1.51));
#1370 = VERTEX_POINT('',#1371);
#1371 = CARTESIAN_POINT('',(183.8,-76.752,1.51));
#1372 = CIRCLE('',#1373,0.3);
#1373 = AXIS2_PLACEMENT_3D('',#1374,#1375,#1376);
#1374 = CARTESIAN_POINT('',(183.8,-76.452,1.51));
#1375 = DIRECTION('',(-0.,0.,-1.));
#1376 = DIRECTION('',(9.473903143468E-14,-1.,-0.));
#1377 = ORIENTED_EDGE('',*,*,#1378,.T.);
#1378 = EDGE_CURVE('',#1370,#1379,#1381,.T.);
#1379 = VERTEX_POINT('',#1380);
#1380 = CARTESIAN_POINT('',(183.2,-76.752,1.51));
#1381 = LINE('',#1382,#1383);
#1382 = CARTESIAN_POINT('',(91.6,-76.752,1.51));
#1383 = VECTOR('',#1384,1.);
#1384 = DIRECTION('',(-1.,0.,0.));
#1385 = ORIENTED_EDGE('',*,*,#1386,.T.);
#1386 = EDGE_CURVE('',#1379,#1387,#1389,.T.);
#1387 = VERTEX_POINT('',#1388);
#1388 = CARTESIAN_POINT('',(183.2,-76.152,1.51));
#1389 = CIRCLE('',#1390,0.3);
#1390 = AXIS2_PLACEMENT_3D('',#1391,#1392,#1393);
#1391 = CARTESIAN_POINT('',(183.2,-76.452,1.51));
#1392 = DIRECTION('',(-0.,0.,-1.));
#1393 = DIRECTION('',(-9.473903143468E-14,1.,0.));
#1394 = ORIENTED_EDGE('',*,*,#1395,.T.);
#1395 = EDGE_CURVE('',#1387,#1368,#1396,.T.);
#1396 = LINE('',#1397,#1398);
#1397 = CARTESIAN_POINT('',(91.9,-76.152,1.51));
#1398 = VECTOR('',#1399,1.);
#1399 = DIRECTION('',(1.,0.,-0.));
#1400 = FACE_BOUND('',#1401,.T.);
#1401 = EDGE_LOOP('',(#1402,#1413,#1421,#1430));
#1402 = ORIENTED_EDGE('',*,*,#1403,.T.);
#1403 = EDGE_CURVE('',#1404,#1406,#1408,.T.);
#1404 = VERTEX_POINT('',#1405);
#1405 = CARTESIAN_POINT('',(187.6,-76.152,1.51));
#1406 = VERTEX_POINT('',#1407);
#1407 = CARTESIAN_POINT('',(187.6,-76.752,1.51));
#1408 = CIRCLE('',#1409,0.3);
#1409 = AXIS2_PLACEMENT_3D('',#1410,#1411,#1412);
#1410 = CARTESIAN_POINT('',(187.6,-76.452,1.51));
#1411 = DIRECTION('',(-0.,0.,-1.));
#1412 = DIRECTION('',(-0.,-1.,0.));
#1413 = ORIENTED_EDGE('',*,*,#1414,.T.);
#1414 = EDGE_CURVE('',#1406,#1415,#1417,.T.);
#1415 = VERTEX_POINT('',#1416);
#1416 = CARTESIAN_POINT('',(187.,-76.752,1.51));
#1417 = LINE('',#1418,#1419);
#1418 = CARTESIAN_POINT('',(93.5,-76.752,1.51));
#1419 = VECTOR('',#1420,1.);
#1420 = DIRECTION('',(-1.,0.,0.));
#1421 = ORIENTED_EDGE('',*,*,#1422,.T.);
#1422 = EDGE_CURVE('',#1415,#1423,#1425,.T.);
#1423 = VERTEX_POINT('',#1424);
#1424 = CARTESIAN_POINT('',(187.,-76.152,1.51));
#1425 = CIRCLE('',#1426,0.3);
#1426 = AXIS2_PLACEMENT_3D('',#1427,#1428,#1429);
#1427 = CARTESIAN_POINT('',(187.,-76.452,1.51));
#1428 = DIRECTION('',(-0.,0.,-1.));
#1429 = DIRECTION('',(0.,1.,0.));
#1430 = ORIENTED_EDGE('',*,*,#1431,.T.);
#1431 = EDGE_CURVE('',#1423,#1404,#1432,.T.);
#1432 = LINE('',#1433,#1434);
#1433 = CARTESIAN_POINT('',(93.8,-76.152,1.51));
#1434 = VECTOR('',#1435,1.);
#1435 = DIRECTION('',(1.,0.,-0.));
#1436 = FACE_BOUND('',#1437,.T.);
#1437 = EDGE_LOOP('',(#1438));
#1438 = ORIENTED_EDGE('',*,*,#1439,.T.);
#1439 = EDGE_CURVE('',#1440,#1440,#1442,.T.);
#1440 = VERTEX_POINT('',#1441);
#1441 = CARTESIAN_POINT('',(173.08,-63.63,1.51));
#1442 = CIRCLE('',#1443,0.5);
#1443 = AXIS2_PLACEMENT_3D('',#1444,#1445,#1446);
#1444 = CARTESIAN_POINT('',(173.08,-63.13,1.51));
#1445 = DIRECTION('',(-0.,0.,-1.));
#1446 = DIRECTION('',(-0.,-1.,0.));
#1447 = FACE_BOUND('',#1448,.T.);
#1448 = EDGE_LOOP('',(#1449));
#1449 = ORIENTED_EDGE('',*,*,#1450,.T.);
#1450 = EDGE_CURVE('',#1451,#1451,#1453,.T.);
#1451 = VERTEX_POINT('',#1452);
#1452 = CARTESIAN_POINT('',(180.665,-64.712,1.51));
#1453 = CIRCLE('',#1454,0.45);
#1454 = AXIS2_PLACEMENT_3D('',#1455,#1456,#1457);
#1455 = CARTESIAN_POINT('',(180.665,-64.262,1.51));
#1456 = DIRECTION('',(-0.,0.,-1.));
#1457 = DIRECTION('',(-6.315935428979E-14,-1.,0.));
#1458 = FACE_BOUND('',#1459,.T.);
#1459 = EDGE_LOOP('',(#1460));
#1460 = ORIENTED_EDGE('',*,*,#1461,.T.);
#1461 = EDGE_CURVE('',#1462,#1462,#1464,.T.);
#1462 = VERTEX_POINT('',#1463);
#1463 = CARTESIAN_POINT('',(183.205,-64.712,1.51));
#1464 = CIRCLE('',#1465,0.45);
#1465 = AXIS2_PLACEMENT_3D('',#1466,#1467,#1468);
#1466 = CARTESIAN_POINT('',(183.205,-64.262,1.51));
#1467 = DIRECTION('',(-0.,0.,-1.));
#1468 = DIRECTION('',(6.315935428978E-14,-1.,-0.));
#1469 = FACE_BOUND('',#1470,.T.);
#1470 = EDGE_LOOP('',(#1471));
#1471 = ORIENTED_EDGE('',*,*,#1472,.F.);
#1472 = EDGE_CURVE('',#1473,#1473,#1475,.T.);
#1473 = VERTEX_POINT('',#1474);
#1474 = CARTESIAN_POINT('',(171.526,-50.546,1.51));
#1475 = CIRCLE('',#1476,1.6);
#1476 = AXIS2_PLACEMENT_3D('',#1477,#1478,#1479);
#1477 = CARTESIAN_POINT('',(169.926,-50.546,1.51));
#1478 = DIRECTION('',(0.,0.,1.));
#1479 = DIRECTION('',(1.,0.,-0.));
#1480 = FACE_BOUND('',#1481,.T.);
#1481 = EDGE_LOOP('',(#1482));
#1482 = ORIENTED_EDGE('',*,*,#1483,.T.);
#1483 = EDGE_CURVE('',#1484,#1484,#1486,.T.);
#1484 = VERTEX_POINT('',#1485);
#1485 = CARTESIAN_POINT('',(173.08,-61.09,1.51));
#1486 = CIRCLE('',#1487,0.5);
#1487 = AXIS2_PLACEMENT_3D('',#1488,#1489,#1490);
#1488 = CARTESIAN_POINT('',(173.08,-60.59,1.51));
#1489 = DIRECTION('',(-0.,0.,-1.));
#1490 = DIRECTION('',(-0.,-1.,0.));
#1491 = FACE_BOUND('',#1492,.T.);
#1492 = EDGE_LOOP('',(#1493));
#1493 = ORIENTED_EDGE('',*,*,#1494,.T.);
#1494 = EDGE_CURVE('',#1495,#1495,#1497,.T.);
#1495 = VERTEX_POINT('',#1496);
#1496 = CARTESIAN_POINT('',(173.08,-58.55,1.51));
#1497 = CIRCLE('',#1498,0.5);
#1498 = AXIS2_PLACEMENT_3D('',#1499,#1500,#1501);
#1499 = CARTESIAN_POINT('',(173.08,-58.05,1.51));
#1500 = DIRECTION('',(-0.,0.,-1.));
#1501 = DIRECTION('',(-0.,-1.,0.));
#1502 = FACE_BOUND('',#1503,.T.);
#1503 = EDGE_LOOP('',(#1504));
#1504 = ORIENTED_EDGE('',*,*,#1505,.T.);
#1505 = EDGE_CURVE('',#1506,#1506,#1508,.T.);
#1506 = VERTEX_POINT('',#1507);
#1507 = CARTESIAN_POINT('',(173.08,-56.01,1.51));
#1508 = CIRCLE('',#1509,0.5);
#1509 = AXIS2_PLACEMENT_3D('',#1510,#1511,#1512);
#1510 = CARTESIAN_POINT('',(173.08,-55.51,1.51));
#1511 = DIRECTION('',(-0.,0.,-1.));
#1512 = DIRECTION('',(-0.,-1.,0.));
#1513 = PLANE('',#1514);
#1514 = AXIS2_PLACEMENT_3D('',#1515,#1516,#1517);
#1515 = CARTESIAN_POINT('',(0.,0.,1.51));
#1516 = DIRECTION('',(0.,0.,1.));
#1517 = DIRECTION('',(1.,0.,-0.));
#1518 = ADVANCED_FACE('',(#1519),#1530,.F.);
#1519 = FACE_BOUND('',#1520,.T.);
#1520 = EDGE_LOOP('',(#1521,#1527,#1528,#1529));
#1521 = ORIENTED_EDGE('',*,*,#1522,.T.);
#1522 = EDGE_CURVE('',#76,#801,#1523,.T.);
#1523 = LINE('',#1524,#1525);
#1524 = CARTESIAN_POINT('',(128.6,-102.87,0.));
#1525 = VECTOR('',#1526,1.);
#1526 = DIRECTION('',(0.,0.,1.));
#1527 = ORIENTED_EDGE('',*,*,#800,.T.);
#1528 = ORIENTED_EDGE('',*,*,#1522,.F.);
#1529 = ORIENTED_EDGE('',*,*,#75,.F.);
#1530 = CYLINDRICAL_SURFACE('',#1531,1.6);
#1531 = AXIS2_PLACEMENT_3D('',#1532,#1533,#1534);
#1532 = CARTESIAN_POINT('',(127.,-102.87,0.));
#1533 = DIRECTION('',(-0.,-0.,-1.));
#1534 = DIRECTION('',(1.,0.,-0.));
#1535 = ADVANCED_FACE('',(#1536),#1547,.F.);
#1536 = FACE_BOUND('',#1537,.T.);
#1537 = EDGE_LOOP('',(#1538,#1539,#1545,#1546));
#1538 = ORIENTED_EDGE('',*,*,#86,.T.);
#1539 = ORIENTED_EDGE('',*,*,#1540,.T.);
#1540 = EDGE_CURVE('',#87,#812,#1541,.T.);
#1541 = LINE('',#1542,#1543);
#1542 = CARTESIAN_POINT('',(122.174,-97.65,-4.6E-02));
#1543 = VECTOR('',#1544,1.);
#1544 = DIRECTION('',(0.,0.,1.));
#1545 = ORIENTED_EDGE('',*,*,#811,.F.);
#1546 = ORIENTED_EDGE('',*,*,#1540,.F.);
#1547 = CYLINDRICAL_SURFACE('',#1548,0.45);
#1548 = AXIS2_PLACEMENT_3D('',#1549,#1550,#1551);
#1549 = CARTESIAN_POINT('',(122.174,-97.2,-4.6E-02));
#1550 = DIRECTION('',(-0.,-0.,-1.));
#1551 = DIRECTION('',(-0.,-1.,0.));
#1552 = ADVANCED_FACE('',(#1553),#1564,.F.);
#1553 = FACE_BOUND('',#1554,.T.);
#1554 = EDGE_LOOP('',(#1555,#1556,#1562,#1563));
#1555 = ORIENTED_EDGE('',*,*,#97,.T.);
#1556 = ORIENTED_EDGE('',*,*,#1557,.T.);
#1557 = EDGE_CURVE('',#98,#823,#1558,.T.);
#1558 = LINE('',#1559,#1560);
#1559 = CARTESIAN_POINT('',(124.714,-97.65,-4.6E-02));
#1560 = VECTOR('',#1561,1.);
#1561 = DIRECTION('',(0.,0.,1.));
#1562 = ORIENTED_EDGE('',*,*,#822,.F.);
#1563 = ORIENTED_EDGE('',*,*,#1557,.F.);
#1564 = CYLINDRICAL_SURFACE('',#1565,0.45);
#1565 = AXIS2_PLACEMENT_3D('',#1566,#1567,#1568);
#1566 = CARTESIAN_POINT('',(124.714,-97.2,-4.6E-02));
#1567 = DIRECTION('',(-0.,-0.,-1.));
#1568 = DIRECTION('',(-0.,-1.,0.));
#1569 = ADVANCED_FACE('',(#1570),#1581,.F.);
#1570 = FACE_BOUND('',#1571,.T.);
#1571 = EDGE_LOOP('',(#1572,#1573,#1579,#1580));
#1572 = ORIENTED_EDGE('',*,*,#108,.T.);
#1573 = ORIENTED_EDGE('',*,*,#1574,.T.);
#1574 = EDGE_CURVE('',#109,#834,#1575,.T.);
#1575 = LINE('',#1576,#1577);
#1576 = CARTESIAN_POINT('',(129.44,-97.65,-4.6E-02));
#1577 = VECTOR('',#1578,1.);
#1578 = DIRECTION('',(0.,0.,1.));
#1579 = ORIENTED_EDGE('',*,*,#833,.F.);
#1580 = ORIENTED_EDGE('',*,*,#1574,.F.);
#1581 = CYLINDRICAL_SURFACE('',#1582,0.45);
#1582 = AXIS2_PLACEMENT_3D('',#1583,#1584,#1585);
#1583 = CARTESIAN_POINT('',(129.44,-97.2,-4.6E-02));
#1584 = DIRECTION('',(-0.,-0.,-1.));
#1585 = DIRECTION('',(-0.,-1.,0.));
#1586 = ADVANCED_FACE('',(#1587),#1598,.F.);
#1587 = FACE_BOUND('',#1588,.T.);
#1588 = EDGE_LOOP('',(#1589,#1590,#1596,#1597));
#1589 = ORIENTED_EDGE('',*,*,#119,.T.);
#1590 = ORIENTED_EDGE('',*,*,#1591,.T.);
#1591 = EDGE_CURVE('',#120,#845,#1592,.T.);
#1592 = LINE('',#1593,#1594);
#1593 = CARTESIAN_POINT('',(130.71,-97.65,-4.6E-02));
#1594 = VECTOR('',#1595,1.);
#1595 = DIRECTION('',(0.,0.,1.));
#1596 = ORIENTED_EDGE('',*,*,#844,.F.);
#1597 = ORIENTED_EDGE('',*,*,#1591,.F.);
#1598 = CYLINDRICAL_SURFACE('',#1599,0.45);
#1599 = AXIS2_PLACEMENT_3D('',#1600,#1601,#1602);
#1600 = CARTESIAN_POINT('',(130.71,-97.2,-4.6E-02));
#1601 = DIRECTION('',(-0.,0.,-1.));
#1602 = DIRECTION('',(6.315935428979E-14,-1.,-0.));
#1603 = ADVANCED_FACE('',(#1604),#1615,.F.);
#1604 = FACE_BOUND('',#1605,.T.);
#1605 = EDGE_LOOP('',(#1606,#1607,#1613,#1614));
#1606 = ORIENTED_EDGE('',*,*,#130,.T.);
#1607 = ORIENTED_EDGE('',*,*,#1608,.T.);
#1608 = EDGE_CURVE('',#131,#856,#1609,.T.);
#1609 = LINE('',#1610,#1611);
#1610 = CARTESIAN_POINT('',(131.98,-97.65,-4.6E-02));
#1611 = VECTOR('',#1612,1.);
#1612 = DIRECTION('',(0.,0.,1.));
#1613 = ORIENTED_EDGE('',*,*,#855,.F.);
#1614 = ORIENTED_EDGE('',*,*,#1608,.F.);
#1615 = CYLINDRICAL_SURFACE('',#1616,0.45);
#1616 = AXIS2_PLACEMENT_3D('',#1617,#1618,#1619);
#1617 = CARTESIAN_POINT('',(131.98,-97.2,-4.6E-02));
#1618 = DIRECTION('',(-0.,-0.,-1.));
#1619 = DIRECTION('',(-6.315935428979E-14,-1.,0.));
#1620 = ADVANCED_FACE('',(#1621),#1632,.F.);
#1621 = FACE_BOUND('',#1622,.T.);
#1622 = EDGE_LOOP('',(#1623,#1624,#1630,#1631));
#1623 = ORIENTED_EDGE('',*,*,#141,.T.);
#1624 = ORIENTED_EDGE('',*,*,#1625,.T.);
#1625 = EDGE_CURVE('',#142,#867,#1626,.T.);
#1626 = LINE('',#1627,#1628);
#1627 = CARTESIAN_POINT('',(133.25,-97.65,-4.6E-02));
#1628 = VECTOR('',#1629,1.);
#1629 = DIRECTION('',(0.,0.,1.));
#1630 = ORIENTED_EDGE('',*,*,#866,.F.);
#1631 = ORIENTED_EDGE('',*,*,#1625,.F.);
#1632 = CYLINDRICAL_SURFACE('',#1633,0.45);
#1633 = AXIS2_PLACEMENT_3D('',#1634,#1635,#1636);
#1634 = CARTESIAN_POINT('',(133.25,-97.2,-4.6E-02));
#1635 = DIRECTION('',(-0.,-0.,-1.));
#1636 = DIRECTION('',(-0.,-1.,0.));
#1637 = ADVANCED_FACE('',(#1638),#1649,.F.);
#1638 = FACE_BOUND('',#1639,.T.);
#1639 = EDGE_LOOP('',(#1640,#1641,#1647,#1648));
#1640 = ORIENTED_EDGE('',*,*,#152,.T.);
#1641 = ORIENTED_EDGE('',*,*,#1642,.T.);
#1642 = EDGE_CURVE('',#153,#878,#1643,.T.);
#1643 = LINE('',#1644,#1645);
#1644 = CARTESIAN_POINT('',(118.924,-83.572,-4.6E-02));
#1645 = VECTOR('',#1646,1.);
#1646 = DIRECTION('',(0.,0.,1.));
#1647 = ORIENTED_EDGE('',*,*,#877,.F.);
#1648 = ORIENTED_EDGE('',*,*,#1642,.F.);
#1649 = CYLINDRICAL_SURFACE('',#1650,0.55);
#1650 = AXIS2_PLACEMENT_3D('',#1651,#1652,#1653);
#1651 = CARTESIAN_POINT('',(118.924,-83.022,-4.6E-02));
#1652 = DIRECTION('',(-0.,-0.,-1.));
#1653 = DIRECTION('',(-0.,-1.,0.));
#1654 = ADVANCED_FACE('',(#1655),#1666,.F.);
#1655 = FACE_BOUND('',#1656,.T.);
#1656 = EDGE_LOOP('',(#1657,#1658,#1664,#1665));
#1657 = ORIENTED_EDGE('',*,*,#163,.T.);
#1658 = ORIENTED_EDGE('',*,*,#1659,.T.);
#1659 = EDGE_CURVE('',#164,#889,#1660,.T.);
#1660 = LINE('',#1661,#1662);
#1661 = CARTESIAN_POINT('',(125.424,-83.572,-4.6E-02));
#1662 = VECTOR('',#1663,1.);
#1663 = DIRECTION('',(0.,0.,1.));
#1664 = ORIENTED_EDGE('',*,*,#888,.F.);
#1665 = ORIENTED_EDGE('',*,*,#1659,.F.);
#1666 = CYLINDRICAL_SURFACE('',#1667,0.55);
#1667 = AXIS2_PLACEMENT_3D('',#1668,#1669,#1670);
#1668 = CARTESIAN_POINT('',(125.424,-83.022,-4.6E-02));
#1669 = DIRECTION('',(-0.,-0.,-1.));
#1670 = DIRECTION('',(-0.,-1.,0.));
#1671 = ADVANCED_FACE('',(#1672),#1683,.F.);
#1672 = FACE_BOUND('',#1673,.T.);
#1673 = EDGE_LOOP('',(#1674,#1675,#1681,#1682));
#1674 = ORIENTED_EDGE('',*,*,#174,.T.);
#1675 = ORIENTED_EDGE('',*,*,#1676,.T.);
#1676 = EDGE_CURVE('',#175,#900,#1677,.T.);
#1677 = LINE('',#1678,#1679);
#1678 = CARTESIAN_POINT('',(118.924,-79.072,-4.6E-02));
#1679 = VECTOR('',#1680,1.);
#1680 = DIRECTION('',(0.,0.,1.));
#1681 = ORIENTED_EDGE('',*,*,#899,.F.);
#1682 = ORIENTED_EDGE('',*,*,#1676,.F.);
#1683 = CYLINDRICAL_SURFACE('',#1684,0.55);
#1684 = AXIS2_PLACEMENT_3D('',#1685,#1686,#1687);
#1685 = CARTESIAN_POINT('',(118.924,-78.522,-4.6E-02));
#1686 = DIRECTION('',(-0.,-0.,-1.));
#1687 = DIRECTION('',(-0.,-1.,0.));
#1688 = ADVANCED_FACE('',(#1689),#1700,.F.);
#1689 = FACE_BOUND('',#1690,.T.);
#1690 = EDGE_LOOP('',(#1691,#1692,#1698,#1699));
#1691 = ORIENTED_EDGE('',*,*,#185,.T.);
#1692 = ORIENTED_EDGE('',*,*,#1693,.T.);
#1693 = EDGE_CURVE('',#186,#911,#1694,.T.);
#1694 = LINE('',#1695,#1696);
#1695 = CARTESIAN_POINT('',(125.424,-79.072,-4.6E-02));
#1696 = VECTOR('',#1697,1.);
#1697 = DIRECTION('',(0.,0.,1.));
#1698 = ORIENTED_EDGE('',*,*,#910,.F.);
#1699 = ORIENTED_EDGE('',*,*,#1693,.F.);
#1700 = CYLINDRICAL_SURFACE('',#1701,0.55);
#1701 = AXIS2_PLACEMENT_3D('',#1702,#1703,#1704);
#1702 = CARTESIAN_POINT('',(125.424,-78.522,-4.6E-02));
#1703 = DIRECTION('',(-0.,-0.,-1.));
#1704 = DIRECTION('',(-0.,-1.,0.));
#1705 = ADVANCED_FACE('',(#1706),#1717,.F.);
#1706 = FACE_BOUND('',#1707,.T.);
#1707 = EDGE_LOOP('',(#1708,#1709,#1715,#1716));
#1708 = ORIENTED_EDGE('',*,*,#196,.T.);
#1709 = ORIENTED_EDGE('',*,*,#1710,.T.);
#1710 = EDGE_CURVE('',#197,#922,#1711,.T.);
#1711 = LINE('',#1712,#1713);
#1712 = CARTESIAN_POINT('',(129.404,-83.922,-4.6E-02));
#1713 = VECTOR('',#1714,1.);
#1714 = DIRECTION('',(0.,0.,1.));
#1715 = ORIENTED_EDGE('',*,*,#921,.F.);
#1716 = ORIENTED_EDGE('',*,*,#1710,.F.);
#1717 = CYLINDRICAL_SURFACE('',#1718,0.65);
#1718 = AXIS2_PLACEMENT_3D('',#1719,#1720,#1721);
#1719 = CARTESIAN_POINT('',(129.404,-83.272,-4.6E-02));
#1720 = DIRECTION('',(-0.,-0.,-1.));
#1721 = DIRECTION('',(-0.,-1.,0.));
#1722 = ADVANCED_FACE('',(#1723),#1734,.F.);
#1723 = FACE_BOUND('',#1724,.T.);
#1724 = EDGE_LOOP('',(#1725,#1726,#1732,#1733));
#1725 = ORIENTED_EDGE('',*,*,#207,.T.);
#1726 = ORIENTED_EDGE('',*,*,#1727,.T.);
#1727 = EDGE_CURVE('',#208,#933,#1728,.T.);
#1728 = LINE('',#1729,#1730);
#1729 = CARTESIAN_POINT('',(129.404,-78.922,-4.6E-02));
#1730 = VECTOR('',#1731,1.);
#1731 = DIRECTION('',(0.,0.,1.));
#1732 = ORIENTED_EDGE('',*,*,#932,.F.);
#1733 = ORIENTED_EDGE('',*,*,#1727,.F.);
#1734 = CYLINDRICAL_SURFACE('',#1735,0.65);
#1735 = AXIS2_PLACEMENT_3D('',#1736,#1737,#1738);
#1736 = CARTESIAN_POINT('',(129.404,-78.272,-4.6E-02));
#1737 = DIRECTION('',(-0.,-0.,-1.));
#1738 = DIRECTION('',(-0.,-1.,0.));
#1739 = ADVANCED_FACE('',(#1740),#1751,.F.);
#1740 = FACE_BOUND('',#1741,.T.);
#1741 = EDGE_LOOP('',(#1742,#1743,#1749,#1750));
#1742 = ORIENTED_EDGE('',*,*,#218,.T.);
#1743 = ORIENTED_EDGE('',*,*,#1744,.T.);
#1744 = EDGE_CURVE('',#219,#944,#1745,.T.);
#1745 = LINE('',#1746,#1747);
#1746 = CARTESIAN_POINT('',(141.904,-83.922,-4.6E-02));
#1747 = VECTOR('',#1748,1.);
#1748 = DIRECTION('',(0.,0.,1.));
#1749 = ORIENTED_EDGE('',*,*,#943,.F.);
#1750 = ORIENTED_EDGE('',*,*,#1744,.F.);
#1751 = CYLINDRICAL_SURFACE('',#1752,0.65);
#1752 = AXIS2_PLACEMENT_3D('',#1753,#1754,#1755);
#1753 = CARTESIAN_POINT('',(141.904,-83.272,-4.6E-02));
#1754 = DIRECTION('',(-0.,-0.,-1.));
#1755 = DIRECTION('',(-0.,-1.,0.));
#1756 = ADVANCED_FACE('',(#1757),#1768,.F.);
#1757 = FACE_BOUND('',#1758,.T.);
#1758 = EDGE_LOOP('',(#1759,#1760,#1766,#1767));
#1759 = ORIENTED_EDGE('',*,*,#229,.T.);
#1760 = ORIENTED_EDGE('',*,*,#1761,.T.);
#1761 = EDGE_CURVE('',#230,#955,#1762,.T.);
#1762 = LINE('',#1763,#1764);
#1763 = CARTESIAN_POINT('',(141.904,-78.922,-4.6E-02));
#1764 = VECTOR('',#1765,1.);
#1765 = DIRECTION('',(0.,0.,1.));
#1766 = ORIENTED_EDGE('',*,*,#954,.F.);
#1767 = ORIENTED_EDGE('',*,*,#1761,.F.);
#1768 = CYLINDRICAL_SURFACE('',#1769,0.65);
#1769 = AXIS2_PLACEMENT_3D('',#1770,#1771,#1772);
#1770 = CARTESIAN_POINT('',(141.904,-78.272,-4.6E-02));
#1771 = DIRECTION('',(-0.,-0.,-1.));
#1772 = DIRECTION('',(-0.,-1.,0.));
#1773 = ADVANCED_FACE('',(#1774),#1785,.F.);
#1774 = FACE_BOUND('',#1775,.T.);
#1775 = EDGE_LOOP('',(#1776,#1777,#1783,#1784));
#1776 = ORIENTED_EDGE('',*,*,#240,.T.);
#1777 = ORIENTED_EDGE('',*,*,#1778,.T.);
#1778 = EDGE_CURVE('',#241,#966,#1779,.T.);
#1779 = LINE('',#1780,#1781);
#1780 = CARTESIAN_POINT('',(146.404,-83.922,-4.6E-02));
#1781 = VECTOR('',#1782,1.);
#1782 = DIRECTION('',(0.,0.,1.));
#1783 = ORIENTED_EDGE('',*,*,#965,.F.);
#1784 = ORIENTED_EDGE('',*,*,#1778,.F.);
#1785 = CYLINDRICAL_SURFACE('',#1786,0.65);
#1786 = AXIS2_PLACEMENT_3D('',#1787,#1788,#1789);
#1787 = CARTESIAN_POINT('',(146.404,-83.272,-4.6E-02));
#1788 = DIRECTION('',(-0.,-0.,-1.));
#1789 = DIRECTION('',(-0.,-1.,0.));
#1790 = ADVANCED_FACE('',(#1791),#1802,.F.);
#1791 = FACE_BOUND('',#1792,.T.);
#1792 = EDGE_LOOP('',(#1793,#1794,#1800,#1801));
#1793 = ORIENTED_EDGE('',*,*,#251,.T.);
#1794 = ORIENTED_EDGE('',*,*,#1795,.T.);
#1795 = EDGE_CURVE('',#252,#977,#1796,.T.);
#1796 = LINE('',#1797,#1798);
#1797 = CARTESIAN_POINT('',(146.404,-78.922,-4.6E-02));
#1798 = VECTOR('',#1799,1.);
#1799 = DIRECTION('',(0.,0.,1.));
#1800 = ORIENTED_EDGE('',*,*,#976,.F.);
#1801 = ORIENTED_EDGE('',*,*,#1795,.F.);
#1802 = CYLINDRICAL_SURFACE('',#1803,0.65);
#1803 = AXIS2_PLACEMENT_3D('',#1804,#1805,#1806);
#1804 = CARTESIAN_POINT('',(146.404,-78.272,-4.6E-02));
#1805 = DIRECTION('',(-0.,-0.,-1.));
#1806 = DIRECTION('',(-0.,-1.,0.));
#1807 = ADVANCED_FACE('',(#1808),#1819,.F.);
#1808 = FACE_BOUND('',#1809,.T.);
#1809 = EDGE_LOOP('',(#1810,#1816,#1817,#1818));
#1810 = ORIENTED_EDGE('',*,*,#1811,.T.);
#1811 = EDGE_CURVE('',#263,#988,#1812,.T.);
#1812 = LINE('',#1813,#1814);
#1813 = CARTESIAN_POINT('',(179.832,-102.87,0.));
#1814 = VECTOR('',#1815,1.);
#1815 = DIRECTION('',(0.,0.,1.));
#1816 = ORIENTED_EDGE('',*,*,#987,.T.);
#1817 = ORIENTED_EDGE('',*,*,#1811,.F.);
#1818 = ORIENTED_EDGE('',*,*,#262,.F.);
#1819 = CYLINDRICAL_SURFACE('',#1820,1.6);
#1820 = AXIS2_PLACEMENT_3D('',#1821,#1822,#1823);
#1821 = CARTESIAN_POINT('',(178.232,-102.87,0.));
#1822 = DIRECTION('',(-0.,-0.,-1.));
#1823 = DIRECTION('',(1.,0.,-0.));
#1824 = ADVANCED_FACE('',(#1825),#1836,.F.);
#1825 = FACE_BOUND('',#1826,.T.);
#1826 = EDGE_LOOP('',(#1827,#1828,#1834,#1835));
#1827 = ORIENTED_EDGE('',*,*,#273,.T.);
#1828 = ORIENTED_EDGE('',*,*,#1829,.T.);
#1829 = EDGE_CURVE('',#274,#999,#1830,.T.);
#1830 = LINE('',#1831,#1832);
#1831 = CARTESIAN_POINT('',(175.32,-97.43,-4.6E-02));
#1832 = VECTOR('',#1833,1.);
#1833 = DIRECTION('',(0.,0.,1.));
#1834 = ORIENTED_EDGE('',*,*,#998,.F.);
#1835 = ORIENTED_EDGE('',*,*,#1829,.F.);
#1836 = CYLINDRICAL_SURFACE('',#1837,0.5);
#1837 = AXIS2_PLACEMENT_3D('',#1838,#1839,#1840);
#1838 = CARTESIAN_POINT('',(175.32,-96.93,-4.6E-02));
#1839 = DIRECTION('',(-0.,-0.,-1.));
#1840 = DIRECTION('',(-0.,-1.,0.));
#1841 = ADVANCED_FACE('',(#1842),#1853,.F.);
#1842 = FACE_BOUND('',#1843,.T.);
#1843 = EDGE_LOOP('',(#1844,#1845,#1851,#1852));
#1844 = ORIENTED_EDGE('',*,*,#284,.T.);
#1845 = ORIENTED_EDGE('',*,*,#1846,.T.);
#1846 = EDGE_CURVE('',#285,#1010,#1847,.T.);
#1847 = LINE('',#1848,#1849);
#1848 = CARTESIAN_POINT('',(175.32,-94.93,-4.6E-02));
#1849 = VECTOR('',#1850,1.);
#1850 = DIRECTION('',(0.,0.,1.));
#1851 = ORIENTED_EDGE('',*,*,#1009,.F.);
#1852 = ORIENTED_EDGE('',*,*,#1846,.F.);
#1853 = CYLINDRICAL_SURFACE('',#1854,0.5);
#1854 = AXIS2_PLACEMENT_3D('',#1855,#1856,#1857);
#1855 = CARTESIAN_POINT('',(175.32,-94.43,-4.6E-02));
#1856 = DIRECTION('',(-0.,-0.,-1.));
#1857 = DIRECTION('',(-0.,-1.,0.));
#1858 = ADVANCED_FACE('',(#1859),#1870,.F.);
#1859 = FACE_BOUND('',#1860,.T.);
#1860 = EDGE_LOOP('',(#1861,#1862,#1868,#1869));
#1861 = ORIENTED_EDGE('',*,*,#295,.T.);
#1862 = ORIENTED_EDGE('',*,*,#1863,.T.);
#1863 = EDGE_CURVE('',#296,#1021,#1864,.T.);
#1864 = LINE('',#1865,#1866);
#1865 = CARTESIAN_POINT('',(180.665,-97.65,-4.6E-02));
#1866 = VECTOR('',#1867,1.);
#1867 = DIRECTION('',(0.,0.,1.));
#1868 = ORIENTED_EDGE('',*,*,#1020,.F.);
#1869 = ORIENTED_EDGE('',*,*,#1863,.F.);
#1870 = CYLINDRICAL_SURFACE('',#1871,0.45);
#1871 = AXIS2_PLACEMENT_3D('',#1872,#1873,#1874);
#1872 = CARTESIAN_POINT('',(180.665,-97.2,-4.6E-02));
#1873 = DIRECTION('',(-0.,-0.,-1.));
#1874 = DIRECTION('',(-6.315935428979E-14,-1.,0.));
#1875 = ADVANCED_FACE('',(#1876),#1887,.F.);
#1876 = FACE_BOUND('',#1877,.T.);
#1877 = EDGE_LOOP('',(#1878,#1879,#1885,#1886));
#1878 = ORIENTED_EDGE('',*,*,#306,.T.);
#1879 = ORIENTED_EDGE('',*,*,#1880,.T.);
#1880 = EDGE_CURVE('',#307,#1032,#1881,.T.);
#1881 = LINE('',#1882,#1883);
#1882 = CARTESIAN_POINT('',(183.205,-97.65,-4.6E-02));
#1883 = VECTOR('',#1884,1.);
#1884 = DIRECTION('',(0.,0.,1.));
#1885 = ORIENTED_EDGE('',*,*,#1031,.F.);
#1886 = ORIENTED_EDGE('',*,*,#1880,.F.);
#1887 = CYLINDRICAL_SURFACE('',#1888,0.45);
#1888 = AXIS2_PLACEMENT_3D('',#1889,#1890,#1891);
#1889 = CARTESIAN_POINT('',(183.205,-97.2,-4.6E-02));
#1890 = DIRECTION('',(-0.,0.,-1.));
#1891 = DIRECTION('',(6.315935428979E-14,-1.,-0.));
#1892 = ADVANCED_FACE('',(#1893),#1904,.F.);
#1893 = FACE_BOUND('',#1894,.T.);
#1894 = EDGE_LOOP('',(#1895,#1896,#1902,#1903));
#1895 = ORIENTED_EDGE('',*,*,#317,.T.);
#1896 = ORIENTED_EDGE('',*,*,#1897,.T.);
#1897 = EDGE_CURVE('',#318,#1043,#1898,.T.);
#1898 = LINE('',#1899,#1900);
#1899 = CARTESIAN_POINT('',(158.904,-83.922,-4.6E-02));
#1900 = VECTOR('',#1901,1.);
#1901 = DIRECTION('',(0.,0.,1.));
#1902 = ORIENTED_EDGE('',*,*,#1042,.F.);
#1903 = ORIENTED_EDGE('',*,*,#1897,.F.);
#1904 = CYLINDRICAL_SURFACE('',#1905,0.65);
#1905 = AXIS2_PLACEMENT_3D('',#1906,#1907,#1908);
#1906 = CARTESIAN_POINT('',(158.904,-83.272,-4.6E-02));
#1907 = DIRECTION('',(-0.,-0.,-1.));
#1908 = DIRECTION('',(-0.,-1.,0.));
#1909 = ADVANCED_FACE('',(#1910),#1921,.F.);
#1910 = FACE_BOUND('',#1911,.T.);
#1911 = EDGE_LOOP('',(#1912,#1913,#1919,#1920));
#1912 = ORIENTED_EDGE('',*,*,#328,.T.);
#1913 = ORIENTED_EDGE('',*,*,#1914,.T.);
#1914 = EDGE_CURVE('',#329,#1054,#1915,.T.);
#1915 = LINE('',#1916,#1917);
#1916 = CARTESIAN_POINT('',(158.904,-78.922,-4.6E-02));
#1917 = VECTOR('',#1918,1.);
#1918 = DIRECTION('',(0.,0.,1.));
#1919 = ORIENTED_EDGE('',*,*,#1053,.F.);
#1920 = ORIENTED_EDGE('',*,*,#1914,.F.);
#1921 = CYLINDRICAL_SURFACE('',#1922,0.65);
#1922 = AXIS2_PLACEMENT_3D('',#1923,#1924,#1925);
#1923 = CARTESIAN_POINT('',(158.904,-78.272,-4.6E-02));
#1924 = DIRECTION('',(-0.,-0.,-1.));
#1925 = DIRECTION('',(-0.,-1.,0.));
#1926 = ADVANCED_FACE('',(#1927),#1938,.F.);
#1927 = FACE_BOUND('',#1928,.T.);
#1928 = EDGE_LOOP('',(#1929,#1930,#1936,#1937));
#1929 = ORIENTED_EDGE('',*,*,#339,.T.);
#1930 = ORIENTED_EDGE('',*,*,#1931,.T.);
#1931 = EDGE_CURVE('',#340,#1065,#1932,.T.);
#1932 = LINE('',#1933,#1934);
#1933 = CARTESIAN_POINT('',(163.404,-83.88,-4.6E-02));
#1934 = VECTOR('',#1935,1.);
#1935 = DIRECTION('',(0.,0.,1.));
#1936 = ORIENTED_EDGE('',*,*,#1064,.F.);
#1937 = ORIENTED_EDGE('',*,*,#1931,.F.);
#1938 = CYLINDRICAL_SURFACE('',#1939,0.65);
#1939 = AXIS2_PLACEMENT_3D('',#1940,#1941,#1942);
#1940 = CARTESIAN_POINT('',(163.404,-83.23,-4.6E-02));
#1941 = DIRECTION('',(-0.,-0.,-1.));
#1942 = DIRECTION('',(-0.,-1.,0.));
#1943 = ADVANCED_FACE('',(#1944),#1955,.F.);
#1944 = FACE_BOUND('',#1945,.T.);
#1945 = EDGE_LOOP('',(#1946,#1947,#1953,#1954));
#1946 = ORIENTED_EDGE('',*,*,#350,.T.);
#1947 = ORIENTED_EDGE('',*,*,#1948,.T.);
#1948 = EDGE_CURVE('',#351,#1076,#1949,.T.);
#1949 = LINE('',#1950,#1951);
#1950 = CARTESIAN_POINT('',(163.404,-78.88,-4.6E-02));
#1951 = VECTOR('',#1952,1.);
#1952 = DIRECTION('',(0.,0.,1.));
#1953 = ORIENTED_EDGE('',*,*,#1075,.F.);
#1954 = ORIENTED_EDGE('',*,*,#1948,.F.);
#1955 = CYLINDRICAL_SURFACE('',#1956,0.65);
#1956 = AXIS2_PLACEMENT_3D('',#1957,#1958,#1959);
#1957 = CARTESIAN_POINT('',(163.404,-78.23,-4.6E-02));
#1958 = DIRECTION('',(-0.,-0.,-1.));
#1959 = DIRECTION('',(-0.,-1.,0.));
#1960 = ADVANCED_FACE('',(#1961),#1977,.F.);
#1961 = FACE_BOUND('',#1962,.T.);
#1962 = EDGE_LOOP('',(#1963,#1964,#1970,#1971));
#1963 = ORIENTED_EDGE('',*,*,#361,.T.);
#1964 = ORIENTED_EDGE('',*,*,#1965,.T.);
#1965 = EDGE_CURVE('',#364,#1089,#1966,.T.);
#1966 = LINE('',#1967,#1968);
#1967 = CARTESIAN_POINT('',(183.8,-85.392,-4.6E-02));
#1968 = VECTOR('',#1969,1.);
#1969 = DIRECTION('',(0.,0.,1.));
#1970 = ORIENTED_EDGE('',*,*,#1086,.F.);
#1971 = ORIENTED_EDGE('',*,*,#1972,.F.);
#1972 = EDGE_CURVE('',#362,#1087,#1973,.T.);
#1973 = LINE('',#1974,#1975);
#1974 = CARTESIAN_POINT('',(183.8,-84.792,-4.6E-02));
#1975 = VECTOR('',#1976,1.);
#1976 = DIRECTION('',(0.,0.,1.));
#1977 = CYLINDRICAL_SURFACE('',#1978,0.3);
#1978 = AXIS2_PLACEMENT_3D('',#1979,#1980,#1981);
#1979 = CARTESIAN_POINT('',(183.8,-85.092,-4.6E-02));
#1980 = DIRECTION('',(-0.,0.,-1.));
#1981 = DIRECTION('',(9.473903143468E-14,-1.,-0.));
#1982 = ADVANCED_FACE('',(#1983),#1994,.T.);
#1983 = FACE_BOUND('',#1984,.T.);
#1984 = EDGE_LOOP('',(#1985,#1986,#1987,#1988));
#1985 = ORIENTED_EDGE('',*,*,#389,.T.);
#1986 = ORIENTED_EDGE('',*,*,#1972,.T.);
#1987 = ORIENTED_EDGE('',*,*,#1114,.F.);
#1988 = ORIENTED_EDGE('',*,*,#1989,.F.);
#1989 = EDGE_CURVE('',#381,#1106,#1990,.T.);
#1990 = LINE('',#1991,#1992);
#1991 = CARTESIAN_POINT('',(183.2,-84.792,-4.6E-02));
#1992 = VECTOR('',#1993,1.);
#1993 = DIRECTION('',(0.,0.,1.));
#1994 = PLANE('',#1995);
#1995 = AXIS2_PLACEMENT_3D('',#1996,#1997,#1998);
#1996 = CARTESIAN_POINT('',(183.8,-84.792,-4.6E-02));
#1997 = DIRECTION('',(0.,-1.,0.));
#1998 = DIRECTION('',(-1.,0.,0.));
#1999 = ADVANCED_FACE('',(#2000),#2011,.F.);
#2000 = FACE_BOUND('',#2001,.T.);
#2001 = EDGE_LOOP('',(#2002,#2003,#2004,#2005));
#2002 = ORIENTED_EDGE('',*,*,#380,.T.);
#2003 = ORIENTED_EDGE('',*,*,#1989,.T.);
#2004 = ORIENTED_EDGE('',*,*,#1105,.F.);
#2005 = ORIENTED_EDGE('',*,*,#2006,.F.);
#2006 = EDGE_CURVE('',#373,#1098,#2007,.T.);
#2007 = LINE('',#2008,#2009);
#2008 = CARTESIAN_POINT('',(183.2,-85.392,-4.6E-02));
#2009 = VECTOR('',#2010,1.);
#2010 = DIRECTION('',(0.,0.,1.));
#2011 = CYLINDRICAL_SURFACE('',#2012,0.3);
#2012 = AXIS2_PLACEMENT_3D('',#2013,#2014,#2015);
#2013 = CARTESIAN_POINT('',(183.2,-85.092,-4.6E-02));
#2014 = DIRECTION('',(-0.,-0.,-1.));
#2015 = DIRECTION('',(-9.473903143468E-14,1.,0.));
#2016 = ADVANCED_FACE('',(#2017),#2023,.T.);
#2017 = FACE_BOUND('',#2018,.T.);
#2018 = EDGE_LOOP('',(#2019,#2020,#2021,#2022));
#2019 = ORIENTED_EDGE('',*,*,#372,.T.);
#2020 = ORIENTED_EDGE('',*,*,#2006,.T.);
#2021 = ORIENTED_EDGE('',*,*,#1097,.F.);
#2022 = ORIENTED_EDGE('',*,*,#1965,.F.);
#2023 = PLANE('',#2024);
#2024 = AXIS2_PLACEMENT_3D('',#2025,#2026,#2027);
#2025 = CARTESIAN_POINT('',(183.2,-85.392,-4.6E-02));
#2026 = DIRECTION('',(0.,1.,0.));
#2027 = DIRECTION('',(1.,0.,0.));
#2028 = ADVANCED_FACE('',(#2029),#2045,.F.);
#2029 = FACE_BOUND('',#2030,.T.);
#2030 = EDGE_LOOP('',(#2031,#2032,#2038,#2039));
#2031 = ORIENTED_EDGE('',*,*,#397,.T.);
#2032 = ORIENTED_EDGE('',*,*,#2033,.T.);
#2033 = EDGE_CURVE('',#400,#1125,#2034,.T.);
#2034 = LINE('',#2035,#2036);
#2035 = CARTESIAN_POINT('',(187.6,-85.392,-4.6E-02));
#2036 = VECTOR('',#2037,1.);
#2037 = DIRECTION('',(0.,0.,1.));
#2038 = ORIENTED_EDGE('',*,*,#1122,.F.);
#2039 = ORIENTED_EDGE('',*,*,#2040,.F.);
#2040 = EDGE_CURVE('',#398,#1123,#2041,.T.);
#2041 = LINE('',#2042,#2043);
#2042 = CARTESIAN_POINT('',(187.6,-84.792,-4.6E-02));
#2043 = VECTOR('',#2044,1.);
#2044 = DIRECTION('',(0.,0.,1.));
#2045 = CYLINDRICAL_SURFACE('',#2046,0.3);
#2046 = AXIS2_PLACEMENT_3D('',#2047,#2048,#2049);
#2047 = CARTESIAN_POINT('',(187.6,-85.092,-4.6E-02));
#2048 = DIRECTION('',(-0.,-0.,-1.));
#2049 = DIRECTION('',(-9.473903143468E-14,-1.,0.));
#2050 = ADVANCED_FACE('',(#2051),#2062,.T.);
#2051 = FACE_BOUND('',#2052,.T.);
#2052 = EDGE_LOOP('',(#2053,#2054,#2055,#2056));
#2053 = ORIENTED_EDGE('',*,*,#425,.T.);
#2054 = ORIENTED_EDGE('',*,*,#2040,.T.);
#2055 = ORIENTED_EDGE('',*,*,#1150,.F.);
#2056 = ORIENTED_EDGE('',*,*,#2057,.F.);
#2057 = EDGE_CURVE('',#417,#1142,#2058,.T.);
#2058 = LINE('',#2059,#2060);
#2059 = CARTESIAN_POINT('',(187.,-84.792,-4.6E-02));
#2060 = VECTOR('',#2061,1.);
#2061 = DIRECTION('',(0.,0.,1.));
#2062 = PLANE('',#2063);
#2063 = AXIS2_PLACEMENT_3D('',#2064,#2065,#2066);
#2064 = CARTESIAN_POINT('',(187.6,-84.792,-4.6E-02));
#2065 = DIRECTION('',(0.,-1.,0.));
#2066 = DIRECTION('',(-1.,0.,0.));
#2067 = ADVANCED_FACE('',(#2068),#2079,.F.);
#2068 = FACE_BOUND('',#2069,.T.);
#2069 = EDGE_LOOP('',(#2070,#2071,#2072,#2073));
#2070 = ORIENTED_EDGE('',*,*,#416,.T.);
#2071 = ORIENTED_EDGE('',*,*,#2057,.T.);
#2072 = ORIENTED_EDGE('',*,*,#1141,.F.);
#2073 = ORIENTED_EDGE('',*,*,#2074,.F.);
#2074 = EDGE_CURVE('',#409,#1134,#2075,.T.);
#2075 = LINE('',#2076,#2077);
#2076 = CARTESIAN_POINT('',(187.,-85.392,-4.6E-02));
#2077 = VECTOR('',#2078,1.);
#2078 = DIRECTION('',(0.,0.,1.));
#2079 = CYLINDRICAL_SURFACE('',#2080,0.3);
#2080 = AXIS2_PLACEMENT_3D('',#2081,#2082,#2083);
#2081 = CARTESIAN_POINT('',(187.,-85.092,-4.6E-02));
#2082 = DIRECTION('',(-0.,-0.,-1.));
#2083 = DIRECTION('',(9.473903143468E-14,1.,-0.));
#2084 = ADVANCED_FACE('',(#2085),#2091,.T.);
#2085 = FACE_BOUND('',#2086,.T.);
#2086 = EDGE_LOOP('',(#2087,#2088,#2089,#2090));
#2087 = ORIENTED_EDGE('',*,*,#408,.T.);
#2088 = ORIENTED_EDGE('',*,*,#2074,.T.);
#2089 = ORIENTED_EDGE('',*,*,#1133,.F.);
#2090 = ORIENTED_EDGE('',*,*,#2033,.F.);
#2091 = PLANE('',#2092);
#2092 = AXIS2_PLACEMENT_3D('',#2093,#2094,#2095);
#2093 = CARTESIAN_POINT('',(187.,-85.392,-4.6E-02));
#2094 = DIRECTION('',(0.,1.,0.));
#2095 = DIRECTION('',(1.,0.,0.));
#2096 = ADVANCED_FACE('',(#2097),#2108,.F.);
#2097 = FACE_BOUND('',#2098,.T.);
#2098 = EDGE_LOOP('',(#2099,#2100,#2106,#2107));
#2099 = ORIENTED_EDGE('',*,*,#433,.T.);
#2100 = ORIENTED_EDGE('',*,*,#2101,.T.);
#2101 = EDGE_CURVE('',#434,#1159,#2102,.T.);
#2102 = LINE('',#2103,#2104);
#2103 = CARTESIAN_POINT('',(175.904,-83.88,-4.6E-02));
#2104 = VECTOR('',#2105,1.);
#2105 = DIRECTION('',(0.,0.,1.));
#2106 = ORIENTED_EDGE('',*,*,#1158,.F.);
#2107 = ORIENTED_EDGE('',*,*,#2101,.F.);
#2108 = CYLINDRICAL_SURFACE('',#2109,0.65);
#2109 = AXIS2_PLACEMENT_3D('',#2110,#2111,#2112);
#2110 = CARTESIAN_POINT('',(175.904,-83.23,-4.6E-02));
#2111 = DIRECTION('',(-0.,-0.,-1.));
#2112 = DIRECTION('',(-0.,-1.,0.));
#2113 = ADVANCED_FACE('',(#2114),#2125,.F.);
#2114 = FACE_BOUND('',#2115,.T.);
#2115 = EDGE_LOOP('',(#2116,#2117,#2123,#2124));
#2116 = ORIENTED_EDGE('',*,*,#444,.T.);
#2117 = ORIENTED_EDGE('',*,*,#2118,.T.);
#2118 = EDGE_CURVE('',#445,#1170,#2119,.T.);
#2119 = LINE('',#2120,#2121);
#2120 = CARTESIAN_POINT('',(175.904,-78.88,-4.6E-02));
#2121 = VECTOR('',#2122,1.);
#2122 = DIRECTION('',(0.,0.,1.));
#2123 = ORIENTED_EDGE('',*,*,#1169,.F.);
#2124 = ORIENTED_EDGE('',*,*,#2118,.F.);
#2125 = CYLINDRICAL_SURFACE('',#2126,0.65);
#2126 = AXIS2_PLACEMENT_3D('',#2127,#2128,#2129);
#2127 = CARTESIAN_POINT('',(175.904,-78.23,-4.6E-02));
#2128 = DIRECTION('',(-0.,-0.,-1.));
#2129 = DIRECTION('',(-0.,-1.,0.));
#2130 = ADVANCED_FACE('',(#2131),#2142,.F.);
#2131 = FACE_BOUND('',#2132,.T.);
#2132 = EDGE_LOOP('',(#2133,#2134,#2140,#2141));
#2133 = ORIENTED_EDGE('',*,*,#455,.T.);
#2134 = ORIENTED_EDGE('',*,*,#2135,.T.);
#2135 = EDGE_CURVE('',#456,#1181,#2136,.T.);
#2136 = LINE('',#2137,#2138);
#2137 = CARTESIAN_POINT('',(122.174,-64.712,-4.6E-02));
#2138 = VECTOR('',#2139,1.);
#2139 = DIRECTION('',(0.,0.,1.));
#2140 = ORIENTED_EDGE('',*,*,#1180,.F.);
#2141 = ORIENTED_EDGE('',*,*,#2135,.F.);
#2142 = CYLINDRICAL_SURFACE('',#2143,0.45);
#2143 = AXIS2_PLACEMENT_3D('',#2144,#2145,#2146);
#2144 = CARTESIAN_POINT('',(122.174,-64.262,-4.6E-02));
#2145 = DIRECTION('',(-0.,-0.,-1.));
#2146 = DIRECTION('',(-0.,-1.,0.));
#2147 = ADVANCED_FACE('',(#2148),#2159,.F.);
#2148 = FACE_BOUND('',#2149,.T.);
#2149 = EDGE_LOOP('',(#2150,#2151,#2157,#2158));
#2150 = ORIENTED_EDGE('',*,*,#466,.T.);
#2151 = ORIENTED_EDGE('',*,*,#2152,.T.);
#2152 = EDGE_CURVE('',#467,#1192,#2153,.T.);
#2153 = LINE('',#2154,#2155);
#2154 = CARTESIAN_POINT('',(124.714,-64.712,-4.6E-02));
#2155 = VECTOR('',#2156,1.);
#2156 = DIRECTION('',(0.,0.,1.));
#2157 = ORIENTED_EDGE('',*,*,#1191,.F.);
#2158 = ORIENTED_EDGE('',*,*,#2152,.F.);
#2159 = CYLINDRICAL_SURFACE('',#2160,0.45);
#2160 = AXIS2_PLACEMENT_3D('',#2161,#2162,#2163);
#2161 = CARTESIAN_POINT('',(124.714,-64.262,-4.6E-02));
#2162 = DIRECTION('',(-0.,-0.,-1.));
#2163 = DIRECTION('',(-0.,-1.,0.));
#2164 = ADVANCED_FACE('',(#2165),#2176,.F.);
#2165 = FACE_BOUND('',#2166,.T.);
#2166 = EDGE_LOOP('',(#2167,#2173,#2174,#2175));
#2167 = ORIENTED_EDGE('',*,*,#2168,.T.);
#2168 = EDGE_CURVE('',#478,#1203,#2169,.T.);
#2169 = LINE('',#2170,#2171);
#2170 = CARTESIAN_POINT('',(136.982,-50.546,0.));
#2171 = VECTOR('',#2172,1.);
#2172 = DIRECTION('',(0.,0.,1.));
#2173 = ORIENTED_EDGE('',*,*,#1202,.T.);
#2174 = ORIENTED_EDGE('',*,*,#2168,.F.);
#2175 = ORIENTED_EDGE('',*,*,#477,.F.);
#2176 = CYLINDRICAL_SURFACE('',#2177,1.6);
#2177 = AXIS2_PLACEMENT_3D('',#2178,#2179,#2180);
#2178 = CARTESIAN_POINT('',(135.382,-50.546,0.));
#2179 = DIRECTION('',(-0.,-0.,-1.));
#2180 = DIRECTION('',(1.,0.,-0.));
#2181 = ADVANCED_FACE('',(#2182),#2193,.F.);
#2182 = FACE_BOUND('',#2183,.T.);
#2183 = EDGE_LOOP('',(#2184,#2185,#2191,#2192));
#2184 = ORIENTED_EDGE('',*,*,#488,.T.);
#2185 = ORIENTED_EDGE('',*,*,#2186,.T.);
#2186 = EDGE_CURVE('',#489,#1214,#2187,.T.);
#2187 = LINE('',#2188,#2189);
#2188 = CARTESIAN_POINT('',(149.754,-61.4,-4.6E-02));
#2189 = VECTOR('',#2190,1.);
#2190 = DIRECTION('',(0.,0.,1.));
#2191 = ORIENTED_EDGE('',*,*,#1213,.F.);
#2192 = ORIENTED_EDGE('',*,*,#2186,.F.);
#2193 = CYLINDRICAL_SURFACE('',#2194,0.15);
#2194 = AXIS2_PLACEMENT_3D('',#2195,#2196,#2197);
#2195 = CARTESIAN_POINT('',(149.754,-61.25,-4.6E-02));
#2196 = DIRECTION('',(-0.,-0.,-1.));
#2197 = DIRECTION('',(-1.894780628694E-13,-1.,0.));
#2198 = ADVANCED_FACE('',(#2199),#2210,.F.);
#2199 = FACE_BOUND('',#2200,.T.);
#2200 = EDGE_LOOP('',(#2201,#2202,#2208,#2209));
#2201 = ORIENTED_EDGE('',*,*,#499,.T.);
#2202 = ORIENTED_EDGE('',*,*,#2203,.T.);
#2203 = EDGE_CURVE('',#500,#1225,#2204,.T.);
#2204 = LINE('',#2205,#2206);
#2205 = CARTESIAN_POINT('',(150.454,-62.1,-4.6E-02));
#2206 = VECTOR('',#2207,1.);
#2207 = DIRECTION('',(0.,0.,1.));
#2208 = ORIENTED_EDGE('',*,*,#1224,.F.);
#2209 = ORIENTED_EDGE('',*,*,#2203,.F.);
#2210 = CYLINDRICAL_SURFACE('',#2211,0.15);
#2211 = AXIS2_PLACEMENT_3D('',#2212,#2213,#2214);
#2212 = CARTESIAN_POINT('',(150.454,-61.95,-4.6E-02));
#2213 = DIRECTION('',(-0.,-0.,-1.));
#2214 = DIRECTION('',(-0.,-1.,0.));
#2215 = ADVANCED_FACE('',(#2216),#2227,.F.);
#2216 = FACE_BOUND('',#2217,.T.);
#2217 = EDGE_LOOP('',(#2218,#2219,#2225,#2226));
#2218 = ORIENTED_EDGE('',*,*,#510,.T.);
#2219 = ORIENTED_EDGE('',*,*,#2220,.T.);
#2220 = EDGE_CURVE('',#511,#1236,#2221,.T.);
#2221 = LINE('',#2222,#2223);
#2222 = CARTESIAN_POINT('',(151.854,-62.1,-4.6E-02));
#2223 = VECTOR('',#2224,1.);
#2224 = DIRECTION('',(0.,0.,1.));
#2225 = ORIENTED_EDGE('',*,*,#1235,.F.);
#2226 = ORIENTED_EDGE('',*,*,#2220,.F.);
#2227 = CYLINDRICAL_SURFACE('',#2228,0.15);
#2228 = AXIS2_PLACEMENT_3D('',#2229,#2230,#2231);
#2229 = CARTESIAN_POINT('',(151.854,-61.95,-4.6E-02));
#2230 = DIRECTION('',(-0.,0.,-1.));
#2231 = DIRECTION('',(1.894780628694E-13,-1.,-0.));
#2232 = ADVANCED_FACE('',(#2233),#2244,.F.);
#2233 = FACE_BOUND('',#2234,.T.);
#2234 = EDGE_LOOP('',(#2235,#2236,#2242,#2243));
#2235 = ORIENTED_EDGE('',*,*,#521,.T.);
#2236 = ORIENTED_EDGE('',*,*,#2237,.T.);
#2237 = EDGE_CURVE('',#522,#1247,#2238,.T.);
#2238 = LINE('',#2239,#2240);
#2239 = CARTESIAN_POINT('',(151.154,-61.4,-4.6E-02));
#2240 = VECTOR('',#2241,1.);
#2241 = DIRECTION('',(0.,0.,1.));
#2242 = ORIENTED_EDGE('',*,*,#1246,.F.);
#2243 = ORIENTED_EDGE('',*,*,#2237,.F.);
#2244 = CYLINDRICAL_SURFACE('',#2245,0.15);
#2245 = AXIS2_PLACEMENT_3D('',#2246,#2247,#2248);
#2246 = CARTESIAN_POINT('',(151.154,-61.25,-4.6E-02));
#2247 = DIRECTION('',(-0.,-0.,-1.));
#2248 = DIRECTION('',(-0.,-1.,0.));
#2249 = ADVANCED_FACE('',(#2250),#2261,.F.);
#2250 = FACE_BOUND('',#2251,.T.);
#2251 = EDGE_LOOP('',(#2252,#2253,#2259,#2260));
#2252 = ORIENTED_EDGE('',*,*,#532,.T.);
#2253 = ORIENTED_EDGE('',*,*,#2254,.T.);
#2254 = EDGE_CURVE('',#533,#1258,#2255,.T.);
#2255 = LINE('',#2256,#2257);
#2256 = CARTESIAN_POINT('',(152.554,-61.4,-4.6E-02));
#2257 = VECTOR('',#2258,1.);
#2258 = DIRECTION('',(0.,0.,1.));
#2259 = ORIENTED_EDGE('',*,*,#1257,.F.);
#2260 = ORIENTED_EDGE('',*,*,#2254,.F.);
#2261 = CYLINDRICAL_SURFACE('',#2262,0.15);
#2262 = AXIS2_PLACEMENT_3D('',#2263,#2264,#2265);
#2263 = CARTESIAN_POINT('',(152.554,-61.25,-4.6E-02));
#2264 = DIRECTION('',(-0.,-0.,-1.));
#2265 = DIRECTION('',(-0.,-1.,0.));
#2266 = ADVANCED_FACE('',(#2267),#2278,.F.);
#2267 = FACE_BOUND('',#2268,.T.);
#2268 = EDGE_LOOP('',(#2269,#2270,#2276,#2277));
#2269 = ORIENTED_EDGE('',*,*,#543,.T.);
#2270 = ORIENTED_EDGE('',*,*,#2271,.T.);
#2271 = EDGE_CURVE('',#544,#1269,#2272,.T.);
#2272 = LINE('',#2273,#2274);
#2273 = CARTESIAN_POINT('',(150.454,-60.7,-4.6E-02));
#2274 = VECTOR('',#2275,1.);
#2275 = DIRECTION('',(0.,0.,1.));
#2276 = ORIENTED_EDGE('',*,*,#1268,.F.);
#2277 = ORIENTED_EDGE('',*,*,#2271,.F.);
#2278 = CYLINDRICAL_SURFACE('',#2279,0.15);
#2279 = AXIS2_PLACEMENT_3D('',#2280,#2281,#2282);
#2280 = CARTESIAN_POINT('',(150.454,-60.55,-4.6E-02));
#2281 = DIRECTION('',(-0.,-0.,-1.));
#2282 = DIRECTION('',(-0.,-1.,0.));
#2283 = ADVANCED_FACE('',(#2284),#2295,.F.);
#2284 = FACE_BOUND('',#2285,.T.);
#2285 = EDGE_LOOP('',(#2286,#2287,#2293,#2294));
#2286 = ORIENTED_EDGE('',*,*,#554,.T.);
#2287 = ORIENTED_EDGE('',*,*,#2288,.T.);
#2288 = EDGE_CURVE('',#555,#1280,#2289,.T.);
#2289 = LINE('',#2290,#2291);
#2290 = CARTESIAN_POINT('',(149.754,-60.,-4.6E-02));
#2291 = VECTOR('',#2292,1.);
#2292 = DIRECTION('',(0.,0.,1.));
#2293 = ORIENTED_EDGE('',*,*,#1279,.F.);
#2294 = ORIENTED_EDGE('',*,*,#2288,.F.);
#2295 = CYLINDRICAL_SURFACE('',#2296,0.15);
#2296 = AXIS2_PLACEMENT_3D('',#2297,#2298,#2299);
#2297 = CARTESIAN_POINT('',(149.754,-59.85,-4.6E-02));
#2298 = DIRECTION('',(-0.,-0.,-1.));
#2299 = DIRECTION('',(-1.894780628694E-13,-1.,0.));
#2300 = ADVANCED_FACE('',(#2301),#2312,.F.);
#2301 = FACE_BOUND('',#2302,.T.);
#2302 = EDGE_LOOP('',(#2303,#2304,#2310,#2311));
#2303 = ORIENTED_EDGE('',*,*,#565,.T.);
#2304 = ORIENTED_EDGE('',*,*,#2305,.T.);
#2305 = EDGE_CURVE('',#566,#1291,#2306,.T.);
#2306 = LINE('',#2307,#2308);
#2307 = CARTESIAN_POINT('',(151.854,-60.7,-4.6E-02));
#2308 = VECTOR('',#2309,1.);
#2309 = DIRECTION('',(0.,0.,1.));
#2310 = ORIENTED_EDGE('',*,*,#1290,.F.);
#2311 = ORIENTED_EDGE('',*,*,#2305,.F.);
#2312 = CYLINDRICAL_SURFACE('',#2313,0.15);
#2313 = AXIS2_PLACEMENT_3D('',#2314,#2315,#2316);
#2314 = CARTESIAN_POINT('',(151.854,-60.55,-4.6E-02));
#2315 = DIRECTION('',(-0.,0.,-1.));
#2316 = DIRECTION('',(1.894780628694E-13,-1.,-0.));
#2317 = ADVANCED_FACE('',(#2318),#2329,.F.);
#2318 = FACE_BOUND('',#2319,.T.);
#2319 = EDGE_LOOP('',(#2320,#2321,#2327,#2328));
#2320 = ORIENTED_EDGE('',*,*,#576,.T.);
#2321 = ORIENTED_EDGE('',*,*,#2322,.T.);
#2322 = EDGE_CURVE('',#577,#1302,#2323,.T.);
#2323 = LINE('',#2324,#2325);
#2324 = CARTESIAN_POINT('',(151.154,-60.,-4.6E-02));
#2325 = VECTOR('',#2326,1.);
#2326 = DIRECTION('',(0.,0.,1.));
#2327 = ORIENTED_EDGE('',*,*,#1301,.F.);
#2328 = ORIENTED_EDGE('',*,*,#2322,.F.);
#2329 = CYLINDRICAL_SURFACE('',#2330,0.15);
#2330 = AXIS2_PLACEMENT_3D('',#2331,#2332,#2333);
#2331 = CARTESIAN_POINT('',(151.154,-59.85,-4.6E-02));
#2332 = DIRECTION('',(-0.,-0.,-1.));
#2333 = DIRECTION('',(-0.,-1.,0.));
#2334 = ADVANCED_FACE('',(#2335),#2346,.F.);
#2335 = FACE_BOUND('',#2336,.T.);
#2336 = EDGE_LOOP('',(#2337,#2338,#2344,#2345));
#2337 = ORIENTED_EDGE('',*,*,#587,.T.);
#2338 = ORIENTED_EDGE('',*,*,#2339,.T.);
#2339 = EDGE_CURVE('',#588,#1313,#2340,.T.);
#2340 = LINE('',#2341,#2342);
#2341 = CARTESIAN_POINT('',(152.554,-60.,-4.6E-02));
#2342 = VECTOR('',#2343,1.);
#2343 = DIRECTION('',(0.,0.,1.));
#2344 = ORIENTED_EDGE('',*,*,#1312,.F.);
#2345 = ORIENTED_EDGE('',*,*,#2339,.F.);
#2346 = CYLINDRICAL_SURFACE('',#2347,0.15);
#2347 = AXIS2_PLACEMENT_3D('',#2348,#2349,#2350);
#2348 = CARTESIAN_POINT('',(152.554,-59.85,-4.6E-02));
#2349 = DIRECTION('',(-0.,-0.,-1.));
#2350 = DIRECTION('',(-0.,-1.,0.));
#2351 = ADVANCED_FACE('',(#2352),#2363,.F.);
#2352 = FACE_BOUND('',#2353,.T.);
#2353 = EDGE_LOOP('',(#2354,#2355,#2361,#2362));
#2354 = ORIENTED_EDGE('',*,*,#598,.T.);
#2355 = ORIENTED_EDGE('',*,*,#2356,.T.);
#2356 = EDGE_CURVE('',#599,#1324,#2357,.T.);
#2357 = LINE('',#2358,#2359);
#2358 = CARTESIAN_POINT('',(150.454,-59.3,-4.6E-02));
#2359 = VECTOR('',#2360,1.);
#2360 = DIRECTION('',(0.,0.,1.));
#2361 = ORIENTED_EDGE('',*,*,#1323,.F.);
#2362 = ORIENTED_EDGE('',*,*,#2356,.F.);
#2363 = CYLINDRICAL_SURFACE('',#2364,0.15);
#2364 = AXIS2_PLACEMENT_3D('',#2365,#2366,#2367);
#2365 = CARTESIAN_POINT('',(150.454,-59.15,-4.6E-02));
#2366 = DIRECTION('',(-0.,-0.,-1.));
#2367 = DIRECTION('',(-0.,-1.,0.));
#2368 = ADVANCED_FACE('',(#2369),#2380,.F.);
#2369 = FACE_BOUND('',#2370,.T.);
#2370 = EDGE_LOOP('',(#2371,#2372,#2378,#2379));
#2371 = ORIENTED_EDGE('',*,*,#609,.T.);
#2372 = ORIENTED_EDGE('',*,*,#2373,.T.);
#2373 = EDGE_CURVE('',#610,#1335,#2374,.T.);
#2374 = LINE('',#2375,#2376);
#2375 = CARTESIAN_POINT('',(151.854,-59.3,-4.6E-02));
#2376 = VECTOR('',#2377,1.);
#2377 = DIRECTION('',(0.,0.,1.));
#2378 = ORIENTED_EDGE('',*,*,#1334,.F.);
#2379 = ORIENTED_EDGE('',*,*,#2373,.F.);
#2380 = CYLINDRICAL_SURFACE('',#2381,0.15);
#2381 = AXIS2_PLACEMENT_3D('',#2382,#2383,#2384);
#2382 = CARTESIAN_POINT('',(151.854,-59.15,-4.6E-02));
#2383 = DIRECTION('',(-0.,0.,-1.));
#2384 = DIRECTION('',(1.894780628693E-13,-1.,-0.));
#2385 = ADVANCED_FACE('',(#2386),#2397,.F.);
#2386 = FACE_BOUND('',#2387,.T.);
#2387 = EDGE_LOOP('',(#2388,#2389,#2395,#2396));
#2388 = ORIENTED_EDGE('',*,*,#620,.T.);
#2389 = ORIENTED_EDGE('',*,*,#2390,.T.);
#2390 = EDGE_CURVE('',#621,#1346,#2391,.T.);
#2391 = LINE('',#2392,#2393);
#2392 = CARTESIAN_POINT('',(166.61,-69.615,-4.6E-02));
#2393 = VECTOR('',#2394,1.);
#2394 = DIRECTION('',(0.,0.,1.));
#2395 = ORIENTED_EDGE('',*,*,#1345,.F.);
#2396 = ORIENTED_EDGE('',*,*,#2390,.F.);
#2397 = CYLINDRICAL_SURFACE('',#2398,0.5);
#2398 = AXIS2_PLACEMENT_3D('',#2399,#2400,#2401);
#2399 = CARTESIAN_POINT('',(166.61,-69.115,-4.6E-02));
#2400 = DIRECTION('',(-0.,-0.,-1.));
#2401 = DIRECTION('',(-0.,-1.,0.));
#2402 = ADVANCED_FACE('',(#2403),#2414,.F.);
#2403 = FACE_BOUND('',#2404,.T.);
#2404 = EDGE_LOOP('',(#2405,#2406,#2412,#2413));
#2405 = ORIENTED_EDGE('',*,*,#631,.T.);
#2406 = ORIENTED_EDGE('',*,*,#2407,.T.);
#2407 = EDGE_CURVE('',#632,#1357,#2408,.T.);
#2408 = LINE('',#2409,#2410);
#2409 = CARTESIAN_POINT('',(166.61,-67.075,-4.6E-02));
#2410 = VECTOR('',#2411,1.);
#2411 = DIRECTION('',(0.,0.,1.));
#2412 = ORIENTED_EDGE('',*,*,#1356,.F.);
#2413 = ORIENTED_EDGE('',*,*,#2407,.F.);
#2414 = CYLINDRICAL_SURFACE('',#2415,0.5);
#2415 = AXIS2_PLACEMENT_3D('',#2416,#2417,#2418);
#2416 = CARTESIAN_POINT('',(166.61,-66.575,-4.6E-02));
#2417 = DIRECTION('',(-0.,-0.,-1.));
#2418 = DIRECTION('',(-0.,-1.,0.));
#2419 = ADVANCED_FACE('',(#2420),#2436,.F.);
#2420 = FACE_BOUND('',#2421,.T.);
#2421 = EDGE_LOOP('',(#2422,#2423,#2429,#2430));
#2422 = ORIENTED_EDGE('',*,*,#642,.T.);
#2423 = ORIENTED_EDGE('',*,*,#2424,.T.);
#2424 = EDGE_CURVE('',#645,#1370,#2425,.T.);
#2425 = LINE('',#2426,#2427);
#2426 = CARTESIAN_POINT('',(183.8,-76.752,-4.6E-02));
#2427 = VECTOR('',#2428,1.);
#2428 = DIRECTION('',(0.,0.,1.));
#2429 = ORIENTED_EDGE('',*,*,#1367,.F.);
#2430 = ORIENTED_EDGE('',*,*,#2431,.F.);
#2431 = EDGE_CURVE('',#643,#1368,#2432,.T.);
#2432 = LINE('',#2433,#2434);
#2433 = CARTESIAN_POINT('',(183.8,-76.152,-4.6E-02));
#2434 = VECTOR('',#2435,1.);
#2435 = DIRECTION('',(0.,0.,1.));
#2436 = CYLINDRICAL_SURFACE('',#2437,0.3);
#2437 = AXIS2_PLACEMENT_3D('',#2438,#2439,#2440);
#2438 = CARTESIAN_POINT('',(183.8,-76.452,-4.6E-02));
#2439 = DIRECTION('',(-0.,0.,-1.));
#2440 = DIRECTION('',(9.473903143468E-14,-1.,-0.));
#2441 = ADVANCED_FACE('',(#2442),#2453,.T.);
#2442 = FACE_BOUND('',#2443,.T.);
#2443 = EDGE_LOOP('',(#2444,#2445,#2446,#2447));
#2444 = ORIENTED_EDGE('',*,*,#670,.T.);
#2445 = ORIENTED_EDGE('',*,*,#2431,.T.);
#2446 = ORIENTED_EDGE('',*,*,#1395,.F.);
#2447 = ORIENTED_EDGE('',*,*,#2448,.F.);
#2448 = EDGE_CURVE('',#662,#1387,#2449,.T.);
#2449 = LINE('',#2450,#2451);
#2450 = CARTESIAN_POINT('',(183.2,-76.152,-4.6E-02));
#2451 = VECTOR('',#2452,1.);
#2452 = DIRECTION('',(0.,0.,1.));
#2453 = PLANE('',#2454);
#2454 = AXIS2_PLACEMENT_3D('',#2455,#2456,#2457);
#2455 = CARTESIAN_POINT('',(183.8,-76.152,-4.6E-02));
#2456 = DIRECTION('',(0.,-1.,0.));
#2457 = DIRECTION('',(-1.,0.,0.));
#2458 = ADVANCED_FACE('',(#2459),#2470,.F.);
#2459 = FACE_BOUND('',#2460,.T.);
#2460 = EDGE_LOOP('',(#2461,#2462,#2463,#2464));
#2461 = ORIENTED_EDGE('',*,*,#661,.T.);
#2462 = ORIENTED_EDGE('',*,*,#2448,.T.);
#2463 = ORIENTED_EDGE('',*,*,#1386,.F.);
#2464 = ORIENTED_EDGE('',*,*,#2465,.F.);
#2465 = EDGE_CURVE('',#654,#1379,#2466,.T.);
#2466 = LINE('',#2467,#2468);
#2467 = CARTESIAN_POINT('',(183.2,-76.752,-4.6E-02));
#2468 = VECTOR('',#2469,1.);
#2469 = DIRECTION('',(0.,0.,1.));
#2470 = CYLINDRICAL_SURFACE('',#2471,0.3);
#2471 = AXIS2_PLACEMENT_3D('',#2472,#2473,#2474);
#2472 = CARTESIAN_POINT('',(183.2,-76.452,-4.6E-02));
#2473 = DIRECTION('',(-0.,-0.,-1.));
#2474 = DIRECTION('',(-9.473903143468E-14,1.,0.));
#2475 = ADVANCED_FACE('',(#2476),#2482,.T.);
#2476 = FACE_BOUND('',#2477,.T.);
#2477 = EDGE_LOOP('',(#2478,#2479,#2480,#2481));
#2478 = ORIENTED_EDGE('',*,*,#653,.T.);
#2479 = ORIENTED_EDGE('',*,*,#2465,.T.);
#2480 = ORIENTED_EDGE('',*,*,#1378,.F.);
#2481 = ORIENTED_EDGE('',*,*,#2424,.F.);
#2482 = PLANE('',#2483);
#2483 = AXIS2_PLACEMENT_3D('',#2484,#2485,#2486);
#2484 = CARTESIAN_POINT('',(183.2,-76.752,-4.6E-02));
#2485 = DIRECTION('',(0.,1.,0.));
#2486 = DIRECTION('',(1.,0.,0.));
#2487 = ADVANCED_FACE('',(#2488),#2504,.F.);
#2488 = FACE_BOUND('',#2489,.T.);
#2489 = EDGE_LOOP('',(#2490,#2491,#2497,#2498));
#2490 = ORIENTED_EDGE('',*,*,#678,.T.);
#2491 = ORIENTED_EDGE('',*,*,#2492,.T.);
#2492 = EDGE_CURVE('',#681,#1406,#2493,.T.);
#2493 = LINE('',#2494,#2495);
#2494 = CARTESIAN_POINT('',(187.6,-76.752,-4.6E-02));
#2495 = VECTOR('',#2496,1.);
#2496 = DIRECTION('',(0.,0.,1.));
#2497 = ORIENTED_EDGE('',*,*,#1403,.F.);
#2498 = ORIENTED_EDGE('',*,*,#2499,.F.);
#2499 = EDGE_CURVE('',#679,#1404,#2500,.T.);
#2500 = LINE('',#2501,#2502);
#2501 = CARTESIAN_POINT('',(187.6,-76.152,-4.6E-02));
#2502 = VECTOR('',#2503,1.);
#2503 = DIRECTION('',(0.,0.,1.));
#2504 = CYLINDRICAL_SURFACE('',#2505,0.3);
#2505 = AXIS2_PLACEMENT_3D('',#2506,#2507,#2508);
#2506 = CARTESIAN_POINT('',(187.6,-76.452,-4.6E-02));
#2507 = DIRECTION('',(-0.,-0.,-1.));
#2508 = DIRECTION('',(-0.,-1.,0.));
#2509 = ADVANCED_FACE('',(#2510),#2521,.T.);
#2510 = FACE_BOUND('',#2511,.T.);
#2511 = EDGE_LOOP('',(#2512,#2513,#2514,#2515));
#2512 = ORIENTED_EDGE('',*,*,#706,.T.);
#2513 = ORIENTED_EDGE('',*,*,#2499,.T.);
#2514 = ORIENTED_EDGE('',*,*,#1431,.F.);
#2515 = ORIENTED_EDGE('',*,*,#2516,.F.);
#2516 = EDGE_CURVE('',#698,#1423,#2517,.T.);
#2517 = LINE('',#2518,#2519);
#2518 = CARTESIAN_POINT('',(187.,-76.152,-4.6E-02));
#2519 = VECTOR('',#2520,1.);
#2520 = DIRECTION('',(0.,0.,1.));
#2521 = PLANE('',#2522);
#2522 = AXIS2_PLACEMENT_3D('',#2523,#2524,#2525);
#2523 = CARTESIAN_POINT('',(187.6,-76.152,-4.6E-02));
#2524 = DIRECTION('',(0.,-1.,0.));
#2525 = DIRECTION('',(-1.,0.,0.));
#2526 = ADVANCED_FACE('',(#2527),#2538,.F.);
#2527 = FACE_BOUND('',#2528,.T.);
#2528 = EDGE_LOOP('',(#2529,#2530,#2531,#2532));
#2529 = ORIENTED_EDGE('',*,*,#697,.T.);
#2530 = ORIENTED_EDGE('',*,*,#2516,.T.);
#2531 = ORIENTED_EDGE('',*,*,#1422,.F.);
#2532 = ORIENTED_EDGE('',*,*,#2533,.F.);
#2533 = EDGE_CURVE('',#690,#1415,#2534,.T.);
#2534 = LINE('',#2535,#2536);
#2535 = CARTESIAN_POINT('',(187.,-76.752,-4.6E-02));
#2536 = VECTOR('',#2537,1.);
#2537 = DIRECTION('',(0.,0.,1.));
#2538 = CYLINDRICAL_SURFACE('',#2539,0.3);
#2539 = AXIS2_PLACEMENT_3D('',#2540,#2541,#2542);
#2540 = CARTESIAN_POINT('',(187.,-76.452,-4.6E-02));
#2541 = DIRECTION('',(-0.,0.,-1.));
#2542 = DIRECTION('',(0.,1.,0.));
#2543 = ADVANCED_FACE('',(#2544),#2550,.T.);
#2544 = FACE_BOUND('',#2545,.T.);
#2545 = EDGE_LOOP('',(#2546,#2547,#2548,#2549));
#2546 = ORIENTED_EDGE('',*,*,#689,.T.);
#2547 = ORIENTED_EDGE('',*,*,#2533,.T.);
#2548 = ORIENTED_EDGE('',*,*,#1414,.F.);
#2549 = ORIENTED_EDGE('',*,*,#2492,.F.);
#2550 = PLANE('',#2551);
#2551 = AXIS2_PLACEMENT_3D('',#2552,#2553,#2554);
#2552 = CARTESIAN_POINT('',(187.,-76.752,-4.6E-02));
#2553 = DIRECTION('',(0.,1.,0.));
#2554 = DIRECTION('',(1.,0.,0.));
#2555 = ADVANCED_FACE('',(#2556),#2567,.F.);
#2556 = FACE_BOUND('',#2557,.T.);
#2557 = EDGE_LOOP('',(#2558,#2559,#2565,#2566));
#2558 = ORIENTED_EDGE('',*,*,#714,.T.);
#2559 = ORIENTED_EDGE('',*,*,#2560,.T.);
#2560 = EDGE_CURVE('',#715,#1440,#2561,.T.);
#2561 = LINE('',#2562,#2563);
#2562 = CARTESIAN_POINT('',(173.08,-63.63,-4.6E-02));
#2563 = VECTOR('',#2564,1.);
#2564 = DIRECTION('',(0.,0.,1.));
#2565 = ORIENTED_EDGE('',*,*,#1439,.F.);
#2566 = ORIENTED_EDGE('',*,*,#2560,.F.);
#2567 = CYLINDRICAL_SURFACE('',#2568,0.5);
#2568 = AXIS2_PLACEMENT_3D('',#2569,#2570,#2571);
#2569 = CARTESIAN_POINT('',(173.08,-63.13,-4.6E-02));
#2570 = DIRECTION('',(-0.,-0.,-1.));
#2571 = DIRECTION('',(-0.,-1.,0.));
#2572 = ADVANCED_FACE('',(#2573),#2584,.F.);
#2573 = FACE_BOUND('',#2574,.T.);
#2574 = EDGE_LOOP('',(#2575,#2576,#2582,#2583));
#2575 = ORIENTED_EDGE('',*,*,#725,.T.);
#2576 = ORIENTED_EDGE('',*,*,#2577,.T.);
#2577 = EDGE_CURVE('',#726,#1451,#2578,.T.);
#2578 = LINE('',#2579,#2580);
#2579 = CARTESIAN_POINT('',(180.665,-64.712,-4.6E-02));
#2580 = VECTOR('',#2581,1.);
#2581 = DIRECTION('',(0.,0.,1.));
#2582 = ORIENTED_EDGE('',*,*,#1450,.F.);
#2583 = ORIENTED_EDGE('',*,*,#2577,.F.);
#2584 = CYLINDRICAL_SURFACE('',#2585,0.45);
#2585 = AXIS2_PLACEMENT_3D('',#2586,#2587,#2588);
#2586 = CARTESIAN_POINT('',(180.665,-64.262,-4.6E-02));
#2587 = DIRECTION('',(-0.,-0.,-1.));
#2588 = DIRECTION('',(-6.315935428979E-14,-1.,0.));
#2589 = ADVANCED_FACE('',(#2590),#2601,.F.);
#2590 = FACE_BOUND('',#2591,.T.);
#2591 = EDGE_LOOP('',(#2592,#2593,#2599,#2600));
#2592 = ORIENTED_EDGE('',*,*,#736,.T.);
#2593 = ORIENTED_EDGE('',*,*,#2594,.T.);
#2594 = EDGE_CURVE('',#737,#1462,#2595,.T.);
#2595 = LINE('',#2596,#2597);
#2596 = CARTESIAN_POINT('',(183.205,-64.712,-4.6E-02));
#2597 = VECTOR('',#2598,1.);
#2598 = DIRECTION('',(0.,0.,1.));
#2599 = ORIENTED_EDGE('',*,*,#1461,.F.);
#2600 = ORIENTED_EDGE('',*,*,#2594,.F.);
#2601 = CYLINDRICAL_SURFACE('',#2602,0.45);
#2602 = AXIS2_PLACEMENT_3D('',#2603,#2604,#2605);
#2603 = CARTESIAN_POINT('',(183.205,-64.262,-4.6E-02));
#2604 = DIRECTION('',(-0.,0.,-1.));
#2605 = DIRECTION('',(6.315935428978E-14,-1.,-0.));
#2606 = ADVANCED_FACE('',(#2607),#2618,.F.);
#2607 = FACE_BOUND('',#2608,.T.);
#2608 = EDGE_LOOP('',(#2609,#2615,#2616,#2617));
#2609 = ORIENTED_EDGE('',*,*,#2610,.T.);
#2610 = EDGE_CURVE('',#748,#1473,#2611,.T.);
#2611 = LINE('',#2612,#2613);
#2612 = CARTESIAN_POINT('',(171.526,-50.546,0.));
#2613 = VECTOR('',#2614,1.);
#2614 = DIRECTION('',(0.,0.,1.));
#2615 = ORIENTED_EDGE('',*,*,#1472,.T.);
#2616 = ORIENTED_EDGE('',*,*,#2610,.F.);
#2617 = ORIENTED_EDGE('',*,*,#747,.F.);
#2618 = CYLINDRICAL_SURFACE('',#2619,1.6);
#2619 = AXIS2_PLACEMENT_3D('',#2620,#2621,#2622);
#2620 = CARTESIAN_POINT('',(169.926,-50.546,0.));
#2621 = DIRECTION('',(-0.,-0.,-1.));
#2622 = DIRECTION('',(1.,0.,-0.));
#2623 = ADVANCED_FACE('',(#2624),#2635,.F.);
#2624 = FACE_BOUND('',#2625,.T.);
#2625 = EDGE_LOOP('',(#2626,#2627,#2633,#2634));
#2626 = ORIENTED_EDGE('',*,*,#758,.T.);
#2627 = ORIENTED_EDGE('',*,*,#2628,.T.);
#2628 = EDGE_CURVE('',#759,#1484,#2629,.T.);
#2629 = LINE('',#2630,#2631);
#2630 = CARTESIAN_POINT('',(173.08,-61.09,-4.6E-02));
#2631 = VECTOR('',#2632,1.);
#2632 = DIRECTION('',(0.,0.,1.));
#2633 = ORIENTED_EDGE('',*,*,#1483,.F.);
#2634 = ORIENTED_EDGE('',*,*,#2628,.F.);
#2635 = CYLINDRICAL_SURFACE('',#2636,0.5);
#2636 = AXIS2_PLACEMENT_3D('',#2637,#2638,#2639);
#2637 = CARTESIAN_POINT('',(173.08,-60.59,-4.6E-02));
#2638 = DIRECTION('',(-0.,-0.,-1.));
#2639 = DIRECTION('',(-0.,-1.,0.));
#2640 = ADVANCED_FACE('',(#2641),#2652,.F.);
#2641 = FACE_BOUND('',#2642,.T.);
#2642 = EDGE_LOOP('',(#2643,#2644,#2650,#2651));
#2643 = ORIENTED_EDGE('',*,*,#769,.T.);
#2644 = ORIENTED_EDGE('',*,*,#2645,.T.);
#2645 = EDGE_CURVE('',#770,#1495,#2646,.T.);
#2646 = LINE('',#2647,#2648);
#2647 = CARTESIAN_POINT('',(173.08,-58.55,-4.6E-02));
#2648 = VECTOR('',#2649,1.);
#2649 = DIRECTION('',(0.,0.,1.));
#2650 = ORIENTED_EDGE('',*,*,#1494,.F.);
#2651 = ORIENTED_EDGE('',*,*,#2645,.F.);
#2652 = CYLINDRICAL_SURFACE('',#2653,0.5);
#2653 = AXIS2_PLACEMENT_3D('',#2654,#2655,#2656);
#2654 = CARTESIAN_POINT('',(173.08,-58.05,-4.6E-02));
#2655 = DIRECTION('',(-0.,-0.,-1.));
#2656 = DIRECTION('',(-0.,-1.,0.));
#2657 = ADVANCED_FACE('',(#2658),#2669,.F.);
#2658 = FACE_BOUND('',#2659,.T.);
#2659 = EDGE_LOOP('',(#2660,#2661,#2667,#2668));
#2660 = ORIENTED_EDGE('',*,*,#780,.T.);
#2661 = ORIENTED_EDGE('',*,*,#2662,.T.);
#2662 = EDGE_CURVE('',#781,#1506,#2663,.T.);
#2663 = LINE('',#2664,#2665);
#2664 = CARTESIAN_POINT('',(173.08,-56.01,-4.6E-02));
#2665 = VECTOR('',#2666,1.);
#2666 = DIRECTION('',(0.,0.,1.));
#2667 = ORIENTED_EDGE('',*,*,#1505,.F.);
#2668 = ORIENTED_EDGE('',*,*,#2662,.F.);
#2669 = CYLINDRICAL_SURFACE('',#2670,0.5);
#2670 = AXIS2_PLACEMENT_3D('',#2671,#2672,#2673);
#2671 = CARTESIAN_POINT('',(173.08,-55.51,-4.6E-02));
#2672 = DIRECTION('',(-0.,-0.,-1.));
#2673 = DIRECTION('',(-0.,-1.,0.));
#2674 = ( GEOMETRIC_REPRESENTATION_CONTEXT(3) 
GLOBAL_UNCERTAINTY_ASSIGNED_CONTEXT((#2678)) 
GLOBAL_UNIT_ASSIGNED_CONTEXT((#2675,#2676,#2677)) REPRESENTATION_CONTEXT
('Context #1','3D Context with UNIT and UNCERTAINTY') );
#2675 = ( LENGTH_UNIT() NAMED_UNIT(*) SI_UNIT(.MILLI.,.METRE.) );
#2676 = ( NAMED_UNIT(*) PLANE_ANGLE_UNIT() SI_UNIT($,.RADIAN.) );
#2677 = ( NAMED_UNIT(*) SI_UNIT($,.STERADIAN.) SOLID_ANGLE_UNIT() );
#2678 = UNCERTAINTY_MEASURE_WITH_UNIT(LENGTH_MEASURE(1.E-07),#2675,
  'distance_accuracy_value','confusion accuracy');
#2679 = CONTEXT_DEPENDENT_SHAPE_REPRESENTATION(#2680,#2682);
#2680 = ( REPRESENTATION_RELATIONSHIP('','',#32,#10) 
REPRESENTATION_RELATIONSHIP_WITH_TRANSFORMATION(#2681) 
SHAPE_REPRESENTATION_RELATIONSHIP() );
#2681 = ITEM_DEFINED_TRANSFORMATION('','',#11,#15);
#2682 = PRODUCT_DEFINITION_SHAPE('Placement','Placement of an item',
  #2683);
#2683 = NEXT_ASSEMBLY_USAGE_OCCURRENCE('1','=>[0:1:1:2]','',#5,#27,$);
#2684 = PRODUCT_RELATED_PRODUCT_CATEGORY('part',$,(#29));
#2685 = MECHANICAL_DESIGN_GEOMETRIC_PRESENTATION_REPRESENTATION('',(
    #2686),#2674);
#2686 = STYLED_ITEM('color',(#2687),#33);
#2687 = PRESENTATION_STYLE_ASSIGNMENT((#2688));
#2688 = SURFACE_STYLE_USAGE(.BOTH.,#2689);
#2689 = SURFACE_SIDE_STYLE('',(#2690));
#2690 = SURFACE_STYLE_FILL_AREA(#2691);
#2691 = FILL_AREA_STYLE('',(#2692));
#2692 = FILL_AREA_STYLE_COLOUR('',#2693);
#2693 = COLOUR_RGB('',0.313304153717,0.484529207832,0.410020903123);
ENDSEC;
END-ISO-10303-21;
