ISO-10303-21;
HEADER;
FILE_DESCRIPTION (( 'STEP AP214' ),
    '1' );
FILE_NAME ('1.60.810.2.STEP',
    '2024-09-01T16:52:36',
    ( 'LENOVO' ),
    ( '' ),
    'SwSTEP 2.0',
    'SolidWorks 2021',
    '' );
FILE_SCHEMA (( 'AUTOMOTIVE_DESIGN' ));
ENDSEC;

DATA;
#1 = VERTEX_POINT ( 'NONE', #418 ) ;
#2 = CLOSED_SHELL ( 'NONE', ( #966, #831, #411, #109, #1147, #845, #36, #912, #718, #1410, #118, #511, #1318, #1280, #275, #1144, #622, #385 ) ) ;
#3 = EDGE_CURVE ( 'NONE', #1157, #1326, #682, .T. ) ;
#4 = VERTEX_POINT ( 'NONE', #1158 ) ;
#5 = CARTESIAN_POINT ( 'NONE',  ( -0.7599999999999997868, 0.9600000000000000755, 0.3599999999999999867 ) ) ;
#6 = STYLED_ITEM ( 'NONE', ( #798 ), #332 ) ;
#7 = ORIENTED_EDGE ( 'NONE', *, *, #802, .T. ) ;
#8 = DIRECTION ( 'NONE',  ( -0.000000000000000000, -0.000000000000000000, 1.000000000000000000 ) ) ;
#9 = ORIENTED_EDGE ( 'NONE', *, *, #107, .T. ) ;
#10 = PRESENTATION_STYLE_ASSIGNMENT (( #1249 ) ) ;
#11 = EDGE_LOOP ( 'NONE', ( #185, #56, #850, #360 ) ) ;
#12 = ORIENTED_EDGE ( 'NONE', *, *, #34, .T. ) ;
#13 = CARTESIAN_POINT ( 'NONE',  ( 0.7999999999999999334, 0.03999999999999999389, -0.3599999999999998757 ) ) ;
#14 = ORIENTED_EDGE ( 'NONE', *, *, #612, .T. ) ;
#15 = CARTESIAN_POINT ( 'NONE',  ( 0.6000000000199179340, 0.03999999999999999389, -0.3599999999999999867 ) ) ;
#16 = ORIENTED_EDGE ( 'NONE', *, *, #914, .F. ) ;
#17 = CARTESIAN_POINT ( 'NONE',  ( 0.7999999999999998224, 0.9600000000000000755, 0.3999999999999999667 ) ) ;
#18 = EDGE_CURVE ( 'NONE', #700, #415, #1189, .T. ) ;
#19 = VERTEX_POINT ( 'NONE', #166 ) ;
#20 = DIRECTION ( 'NONE',  ( 0.000000000000000000, -1.000000000000000000, 0.000000000000000000 ) ) ;
#21 = ORIENTED_EDGE ( 'NONE', *, *, #1059, .T. ) ;
#22 = CARTESIAN_POINT ( 'NONE',  ( 0.000000000000000000, 0.000000000000000000, 0.000000000000000000 ) ) ;
#23 = VERTEX_POINT ( 'NONE', #526 ) ;
#24 = EDGE_LOOP ( 'NONE', ( #566, #1292, #189 ) ) ;
#25 = AXIS2_PLACEMENT_3D ( 'NONE', #108, #209, #89 ) ;
#26 =( LENGTH_UNIT ( ) NAMED_UNIT ( * ) SI_UNIT ( .MILLI., .METRE. ) );
#27 = PRESENTATION_LAYER_ASSIGNMENT (  '', '', ( #81 ) ) ;
#28 = ORIENTED_EDGE ( 'NONE', *, *, #938, .T. ) ;
#29 = CARTESIAN_POINT ( 'NONE',  ( -0.5999999999999999778, 0.9600000000000000755, -0.3599999999999998757 ) ) ;
#30 = ORIENTED_EDGE ( 'NONE', *, *, #660, .T. ) ;
#31 = DIRECTION ( 'NONE',  ( 0.000000000000000000, 1.000000000000000000, 0.000000000000000000 ) ) ;
#32 = VERTEX_POINT ( 'NONE', #1261 ) ;
#33 = CARTESIAN_POINT ( 'NONE',  ( -0.7599999999999997868, 1.000000000000000000, 0.3999999999999999667 ) ) ;
#34 = EDGE_CURVE ( 'NONE', #1006, #1396, #218, .T. ) ;
#35 = ORIENTED_EDGE ( 'NONE', *, *, #1370, .T. ) ;
#36 = ADVANCED_FACE ( 'NONE', ( #223 ), #692, .T. ) ;
#37 = VERTEX_POINT ( 'NONE', #1163 ) ;
#38 = CARTESIAN_POINT ( 'NONE',  ( 0.5999999999999998668, 1.000000000000000000, 0.3599999999999999867 ) ) ;
#39 = ORIENTED_EDGE ( 'NONE', *, *, #541, .T. ) ;
#40 = APPLICATION_PROTOCOL_DEFINITION ( 'draft international standard', 'automotive_design', 1998, #251 ) ;
#41 = CARTESIAN_POINT ( 'NONE',  ( 0.7599999999999997868, 0.03999999999999999389, 0.3599999999999999867 ) ) ;
#42 = EDGE_LOOP ( 'NONE', ( #593, #842, #1430, #1128 ) ) ;
#43 = ORIENTED_EDGE ( 'NONE', *, *, #1113, .T. ) ;
#44 = EDGE_LOOP ( 'NONE', ( #637, #28, #527, #21 ) ) ;
#45 = FILL_AREA_STYLE ('',( #1375 ) ) ;
#46 = ORIENTED_EDGE ( 'NONE', *, *, #519, .T. ) ;
#47 = UNCERTAINTY_MEASURE_WITH_UNIT (LENGTH_MEASURE( 1.000000000000000082E-05 ), #330, 'distance_accuracy_value', 'NONE');
#48 = AXIS2_PLACEMENT_3D ( 'NONE', #1014, #114, #584 ) ;
#49 = FILL_AREA_STYLE_COLOUR ( '', #995 ) ;
#50 = UNCERTAINTY_MEASURE_WITH_UNIT (LENGTH_MEASURE( 1.000000000000000082E-05 ), #1153, 'distance_accuracy_value', 'NONE');
#51 = EDGE_CURVE ( 'NONE', #76, #1356, #1171, .T. ) ;
#52 = ORIENTED_EDGE ( 'NONE', *, *, #420, .F. ) ;
#53 = CARTESIAN_POINT ( 'NONE',  ( 0.000000000000000000, 0.9600000000000000755, 0.3599999999999999867 ) ) ;
#54 = FILL_AREA_STYLE_COLOUR ( '', #295 ) ;
#55 = AXIS2_PLACEMENT_3D ( 'NONE', #387, #493, #666 ) ;
#56 = ORIENTED_EDGE ( 'NONE', *, *, #560, .F. ) ;
#57 = CARTESIAN_POINT ( 'NONE',  ( 0.000000000000000000, 0.9600000000000000755, -0.3599999999999998757 ) ) ;
#58 = ADVANCED_FACE ( 'NONE', ( #687 ), #679, .T. ) ;
#59 = DIRECTION ( 'NONE',  ( 0.000000000000000000, 0.000000000000000000, 1.000000000000000000 ) ) ;
#60 = VERTEX_POINT ( 'NONE', #956 ) ;
#61 = EDGE_LOOP ( 'NONE', ( #1418, #137, #986, #113 ) ) ;
#62 = SURFACE_SIDE_STYLE ('',( #503 ) ) ;
#63 = CARTESIAN_POINT ( 'NONE',  ( 0.7599999999999997868, 0.03999999999999999389, 0.3599999999999999867 ) ) ;
#64 = AXIS2_PLACEMENT_3D ( 'NONE', #885, #985, #423 ) ;
#65 = VERTEX_POINT ( 'NONE', #131 ) ;
#66 = DIRECTION ( 'NONE',  ( -1.000000000000000000, -0.000000000000000000, 8.673617379884036705E-17 ) ) ;
#67 = CARTESIAN_POINT ( 'NONE',  ( 0.6000000000199179340, 0.01333333333333333419, 0.3599999998211066976 ) ) ;
#68 = VERTEX_POINT ( 'NONE', #1079 ) ;
#69 = CARTESIAN_POINT ( 'NONE',  ( -0.7599999999999998979, 0.9600000000000000755, -0.3599999999999998757 ) ) ;
#70 = ORIENTED_EDGE ( 'NONE', *, *, #871, .F. ) ;
#71 = SURFACE_SIDE_STYLE ('',( #730 ) ) ;
#72 = ORIENTED_EDGE ( 'NONE', *, *, #450, .T. ) ;
#73 = EDGE_CURVE ( 'NONE', #934, #32, #1166, .T. ) ;
#74 = PLANE ( 'NONE',  #704 ) ;
#75 =( NAMED_UNIT ( * ) PLANE_ANGLE_UNIT ( ) SI_UNIT ( $, .RADIAN. ) );
#76 = VERTEX_POINT ( 'NONE', #160 ) ;
#77 = AXIS2_PLACEMENT_3D ( 'NONE', #1188, #1082, #1399 ) ;
#78 = ORIENTED_EDGE ( 'NONE', *, *, #450, .F. ) ;
#79 = VERTEX_POINT ( 'NONE', #1068 ) ;
#80 = DIRECTION ( 'NONE',  ( 0.000000000000000000, 0.000000000000000000, 1.000000000000000000 ) ) ;
#81 = STYLED_ITEM ( 'NONE', ( #10 ), #1149 ) ;
#82 = CARTESIAN_POINT ( 'NONE',  ( 0.7599999999999997868, 1.000000000000000000, 0.3599999999999999867 ) ) ;
#83 = ORIENTED_EDGE ( 'NONE', *, *, #954, .T. ) ;
#84 = AXIS2_PLACEMENT_3D ( 'NONE', #305, #429, #87 ) ;
#85 = VERTEX_POINT ( 'NONE', #281 ) ;
#86 = ORIENTED_EDGE ( 'NONE', *, *, #317, .F. ) ;
#87 = DIRECTION ( 'NONE',  ( 2.710505431213761578E-16, 0.000000000000000000, 1.000000000000000000 ) ) ;
#88 = EDGE_LOOP ( 'NONE', ( #1304, #834, #1165, #70 ) ) ;
#89 = DIRECTION ( 'NONE',  ( 0.000000000000000000, 0.000000000000000000, -1.000000000000000000 ) ) ;
#90 = EDGE_CURVE ( 'NONE', #60, #1157, #1164, .T. ) ;
#91 = ORIENTED_EDGE ( 'NONE', *, *, #1241, .F. ) ;
#92 = CARTESIAN_POINT ( 'NONE',  ( 0.6000000000000000888, 0.000000000000000000, -0.3599999999999998757 ) ) ;
#93 = DIRECTION ( 'NONE',  ( 0.000000000000000000, -1.000000000000000000, 0.000000000000000000 ) ) ;
#94 =( NAMED_UNIT ( * ) SI_UNIT ( $, .STERADIAN. ) SOLID_ANGLE_UNIT ( ) );
#95 = ORIENTED_EDGE ( 'NONE', *, *, #875, .T. ) ;
#96 = ORIENTED_EDGE ( 'NONE', *, *, #634, .T. ) ;
#97 = ORIENTED_EDGE ( 'NONE', *, *, #647, .F. ) ;
#98 = DIRECTION ( 'NONE',  ( -0.000000000000000000, -1.000000000000000000, -0.000000000000000000 ) ) ;
#99 = DIRECTION ( 'NONE',  ( 0.000000000000000000, 0.000000000000000000, -1.000000000000000000 ) ) ;
#100 = AXIS2_PLACEMENT_3D ( 'NONE', #459, #581, #667 ) ;
#101 = DIRECTION ( 'NONE',  ( -1.000000000000000000, 0.000000000000000000, -0.000000000000000000 ) ) ;
#102 = ORIENTED_EDGE ( 'NONE', *, *, #410, .F. ) ;
#103 = STYLED_ITEM ( 'NONE', ( #822 ), #1073 ) ;
#104 = CARTESIAN_POINT ( 'NONE',  ( -0.6000000000000000888, 0.9600000000000000755, -0.3999999999999998557 ) ) ;
#105 = DIRECTION ( 'NONE',  ( 0.000000000000000000, -1.000000000000000000, 0.000000000000000000 ) ) ;
#106 = DIRECTION ( 'NONE',  ( -0.000000000000000000, 1.000000000000000000, -0.000000000000000000 ) ) ;
#107 = EDGE_CURVE ( 'NONE', #1067, #801, #1141, .T. ) ;
#108 = CARTESIAN_POINT ( 'NONE',  ( -0.7599999999999997868, 1.000000000000000000, 0.3599999999999999867 ) ) ;
#109 = ADVANCED_FACE ( 'NONE', ( #179 ), #231, .F. ) ;
#110 = AXIS2_PLACEMENT_3D ( 'NONE', #1076, #1160, #146 ) ;
#111 = CARTESIAN_POINT ( 'NONE',  ( 0.7999999999999998224, 1.000000000000000000, 0.3999999999999999667 ) ) ;
#112 = DIRECTION ( 'NONE',  ( 0.000000000000000000, 0.000000000000000000, -1.000000000000000000 ) ) ;
#113 = ORIENTED_EDGE ( 'NONE', *, *, #1420, .F. ) ;
#114 = DIRECTION ( 'NONE',  ( 0.000000000000000000, 1.000000000000000000, 0.000000000000000000 ) ) ;
#115 = DIRECTION ( 'NONE',  ( -1.000000000000000000, 2.710505431213761479E-15, -0.000000000000000000 ) ) ;
#116 = PRODUCT_RELATED_PRODUCT_CATEGORY ( 'part', '', ( #1347 ) ) ;
#117 = ORIENTED_EDGE ( 'NONE', *, *, #358, .T. ) ;
#118 = ADVANCED_FACE ( 'NONE', ( #198 ), #671, .T. ) ;
#119 = EDGE_CURVE ( 'NONE', #909, #85, #724, .T. ) ;
#120 = DIRECTION ( 'NONE',  ( 1.000000000000000000, -0.000000000000000000, 0.000000000000000000 ) ) ;
#121 = AXIS2_PLACEMENT_3D ( 'NONE', #847, #961, #1381 ) ;
#122 = DIRECTION ( 'NONE',  ( 0.000000000000000000, 1.000000000000000000, 0.000000000000000000 ) ) ;
#123 = ORIENTED_EDGE ( 'NONE', *, *, #1137, .T. ) ;
#124 = FILL_AREA_STYLE_COLOUR ( '', #1202 ) ;
#125 = DIRECTION ( 'NONE',  ( 0.000000000000000000, -0.000000000000000000, -1.000000000000000000 ) ) ;
#126 = CARTESIAN_POINT ( 'NONE',  ( -0.7999999999999999334, 0.03999999999999999389, -0.3599999999999998757 ) ) ;
#127 = ORIENTED_EDGE ( 'NONE', *, *, #1031, .F. ) ;
#128 =( GEOMETRIC_REPRESENTATION_CONTEXT ( 3 ) GLOBAL_UNCERTAINTY_ASSIGNED_CONTEXT ( ( #50 ) ) GLOBAL_UNIT_ASSIGNED_CONTEXT ( ( #1153, #1256, #1360 ) ) REPRESENTATION_CONTEXT ( 'NONE', 'WORKASPACE' ) );
#129 = ORIENTED_EDGE ( 'NONE', *, *, #1044, .F. ) ;
#130 = DIRECTION ( 'NONE',  ( -0.000000000000000000, 1.000000000000000000, 0.000000000000000000 ) ) ;
#131 = CARTESIAN_POINT ( 'NONE',  ( -0.5999999999999999778, 0.9600000000000000755, 0.3866666666666666585 ) ) ;
#132 = EDGE_CURVE ( 'NONE', #700, #552, #713, .T. ) ;
#133 = ADVANCED_FACE ( 'NONE', ( #253 ), #230, .F. ) ;
#134 = DIRECTION ( 'NONE',  ( 0.000000000000000000, 0.000000000000000000, 1.000000000000000000 ) ) ;
#135 = DIRECTION ( 'NONE',  ( 1.000000000000000000, 0.000000000000000000, 2.710505431213761578E-16 ) ) ;
#136 =( GEOMETRIC_REPRESENTATION_CONTEXT ( 3 ) GLOBAL_UNCERTAINTY_ASSIGNED_CONTEXT ( ( #284 ) ) GLOBAL_UNIT_ASSIGNED_CONTEXT ( ( #1065, #157, #1084 ) ) REPRESENTATION_CONTEXT ( 'NONE', 'WORKASPACE' ) );
#137 = ORIENTED_EDGE ( 'NONE', *, *, #90, .F. ) ;
#138 = FILL_AREA_STYLE ('',( #1353 ) ) ;
#139 = ORIENTED_EDGE ( 'NONE', *, *, #410, .T. ) ;
#140 = CARTESIAN_POINT ( 'NONE',  ( 0.6000000000199179340, 0.03999999999999999389, -0.3866666666666666030 ) ) ;
#141 = STYLED_ITEM ( 'NONE', ( #775 ), #518 ) ;
#142 = DIRECTION ( 'NONE',  ( 1.000000000000000000, -0.000000000000000000, -2.710505431213761578E-16 ) ) ;
#143 = DIRECTION ( 'NONE',  ( 0.000000000000000000, 0.000000000000000000, 1.000000000000000000 ) ) ;
#144 = PLANE ( 'NONE',  #736 ) ;
#145 = DIRECTION ( 'NONE',  ( -1.000000000000000000, 0.000000000000000000, 0.000000000000000000 ) ) ;
#146 = DIRECTION ( 'NONE',  ( 0.000000000000000000, 0.000000000000000000, 1.000000000000000000 ) ) ;
#147 = UNCERTAINTY_MEASURE_WITH_UNIT (LENGTH_MEASURE( 1.000000000000000082E-05 ), #732, 'distance_accuracy_value', 'NONE');
#148 = CARTESIAN_POINT ( 'NONE',  ( 0.6000000000199179340, 0.03999999999999999389, 0.3599999999999998757 ) ) ;
#149 = EDGE_CURVE ( 'NONE', #76, #700, #722, .T. ) ;
#150 = DIRECTION ( 'NONE',  ( -1.000000000000000000, -0.000000000000000000, 8.673617379884036705E-17 ) ) ;
#151 = SURFACE_SIDE_STYLE ('',( #1277 ) ) ;
#152 = CARTESIAN_POINT ( 'NONE',  ( 0.6000000000199179340, 0.9600000000000000755, 0.3599999999999998757 ) ) ;
#153 = CARTESIAN_POINT ( 'NONE',  ( 0.000000000000000000, 1.000000000000000000, 0.000000000000000000 ) ) ;
#154 = ORIENTED_EDGE ( 'NONE', *, *, #1062, .T. ) ;
#155 = AXIS2_PLACEMENT_3D ( 'NONE', #176, #1397, #758 ) ;
#156 = DIRECTION ( 'NONE',  ( 1.000000000000000000, 0.000000000000000000, 0.000000000000000000 ) ) ;
#157 =( NAMED_UNIT ( * ) PLANE_ANGLE_UNIT ( ) SI_UNIT ( $, .RADIAN. ) );
#158 = EDGE_CURVE ( 'NONE', #409, #499, #1201, .T. ) ;
#159 = MECHANICAL_DESIGN_GEOMETRIC_PRESENTATION_REPRESENTATION (  '', ( #1414 ), #1015 ) ;
#160 = CARTESIAN_POINT ( 'NONE',  ( 0.6000000000199179340, 0.01333333333333333419, -0.3599999999999999867 ) ) ;
#161 = DIRECTION ( 'NONE',  ( -8.673617379884036705E-17, 0.000000000000000000, -1.000000000000000000 ) ) ;
#162 = AXIS2_PLACEMENT_3D ( 'NONE', #1424, #105, #334 ) ;
#163 = CARTESIAN_POINT ( 'NONE',  ( -0.7599999999999998979, 0.9600000000000000755, 0.3599999999999999867 ) ) ;
#164 = ADVANCED_FACE ( 'NONE', ( #749 ), #676, .F. ) ;
#165 = EDGE_CURVE ( 'NONE', #944, #65, #282, .T. ) ;
#166 = CARTESIAN_POINT ( 'NONE',  ( 0.5999999999999998668, 1.000000000000000000, 0.3599999999999999867 ) ) ;
#167 = DIRECTION ( 'NONE',  ( 1.000000000000000000, -0.000000000000000000, 0.000000000000000000 ) ) ;
#168 = AXIS2_PLACEMENT_3D ( 'NONE', #1367, #1372, #678 ) ;
#169 = CARTESIAN_POINT ( 'NONE',  ( -0.7599999999999997868, 0.000000000000000000, 0.3599999999999999867 ) ) ;
#170 = CARTESIAN_POINT ( 'NONE',  ( -0.7599999999999997868, 0.04000000000000000083, 0.3599999999999999867 ) ) ;
#171 = DIRECTION ( 'NONE',  ( 0.000000000000000000, 0.000000000000000000, -1.000000000000000000 ) ) ;
#172 = DIRECTION ( 'NONE',  ( 0.000000000000000000, -0.000000000000000000, 1.000000000000000000 ) ) ;
#173 = CARTESIAN_POINT ( 'NONE',  ( 0.6000000000000000888, 0.000000000000000000, -0.3999999999999998557 ) ) ;
#174 = CARTESIAN_POINT ( 'NONE',  ( -0.5999999999999999778, 0.9866666666666666918, 0.3599999999999999867 ) ) ;
#175 = VECTOR ( 'NONE', #1379, 1000.000000000000000 ) ;
#176 = CARTESIAN_POINT ( 'NONE',  ( 0.7599999999999998979, 0.9600000000000000755, 0.3599999999999999867 ) ) ;
#177 = EDGE_CURVE ( 'NONE', #1, #1336, #232, .T. ) ;
#178 = CARTESIAN_POINT ( 'NONE',  ( -0.7599999999999998979, 0.03999999999999999389, -0.3599999999999998757 ) ) ;
#179 = FACE_OUTER_BOUND ( 'NONE', #11, .T. ) ;
#180 = CARTESIAN_POINT ( 'NONE',  ( 0.7999999999999999334, 0.9600000000000000755, -0.3999999999999998557 ) ) ;
#181 = CARTESIAN_POINT ( 'NONE',  ( -0.7999999999999998224, 0.03999999999999999389, 0.3999999999999999667 ) ) ;
#182 = ORIENTED_EDGE ( 'NONE', *, *, #433, .T. ) ;
#183 = STYLED_ITEM ( 'NONE', ( #790 ), #611 ) ;
#184 = CARTESIAN_POINT ( 'NONE',  ( -0.7599999999999998979, 1.000000000000000000, -0.3999999999999998557 ) ) ;
#185 = ORIENTED_EDGE ( 'NONE', *, *, #578, .F. ) ;
#186 = EDGE_LOOP ( 'NONE', ( #981, #1170, #373 ) ) ;
#187 = VECTOR ( 'NONE', #1264, 1000.000000000000000 ) ;
#188 = DIRECTION ( 'NONE',  ( -1.355252715606880789E-16, 0.000000000000000000, 1.000000000000000000 ) ) ;
#189 = ORIENTED_EDGE ( 'NONE', *, *, #379, .F. ) ;
#190 = DIRECTION ( 'NONE',  ( -1.000000000000000000, -0.000000000000000000, 2.710505431213761479E-15 ) ) ;
#191 = EDGE_CURVE ( 'NONE', #1012, #37, #276, .T. ) ;
#192 = CARTESIAN_POINT ( 'NONE',  ( 0.5999999999999998668, 0.03999999999999999389, 0.3599999999999999867 ) ) ;
#193 = CARTESIAN_POINT ( 'NONE',  ( 0.5999999999999998668, 0.9600000000000000755, 0.3999999999999999667 ) ) ;
#194 = ORIENTED_EDGE ( 'NONE', *, *, #543, .F. ) ;
#195 = VECTOR ( 'NONE', #403, 1000.000000000000000 ) ;
#196 = ORIENTED_EDGE ( 'NONE', *, *, #674, .F. ) ;
#197 = DIRECTION ( 'NONE',  ( 1.355252715606880789E-16, -0.000000000000000000, 1.000000000000000000 ) ) ;
#198 = FACE_OUTER_BOUND ( 'NONE', #24, .T. ) ;
#199 = DIRECTION ( 'NONE',  ( 0.000000000000000000, 0.000000000000000000, 1.000000000000000000 ) ) ;
#200 = AXIS2_PLACEMENT_3D ( 'NONE', #663, #188, #1029 ) ;
#201 = DIRECTION ( 'NONE',  ( -1.000000000000000000, -0.000000000000000000, 8.673617379884036705E-17 ) ) ;
#202 = AXIS2_PLACEMENT_3D ( 'NONE', #655, #1195, #586 ) ;
#203 = CARTESIAN_POINT ( 'NONE',  ( 0.5999999999999998668, 0.03999999999999999389, 0.3999999999999999667 ) ) ;
#204 = CARTESIAN_POINT ( 'NONE',  ( 0.7599999999999998979, 0.03999999999999999389, -0.3599999999999998757 ) ) ;
#205 = FACE_OUTER_BOUND ( 'NONE', #830, .T. ) ;
#206 = ORIENTED_EDGE ( 'NONE', *, *, #871, .T. ) ;
#207 = VERTEX_POINT ( 'NONE', #468 ) ;
#208 = FACE_OUTER_BOUND ( 'NONE', #689, .T. ) ;
#209 = DIRECTION ( 'NONE',  ( 0.000000000000000000, -1.000000000000000000, 0.000000000000000000 ) ) ;
#210 = ORIENTED_EDGE ( 'NONE', *, *, #422, .T. ) ;
#211 = EDGE_CURVE ( 'NONE', #1157, #1396, #267, .T. ) ;
#212 = LINE ( 'NONE', #780, #725 ) ;
#213 = VECTOR ( 'NONE', #695, 1000.000000000000000 ) ;
#214 = DIRECTION ( 'NONE',  ( 0.000000000000000000, -1.000000000000000000, 0.000000000000000000 ) ) ;
#215 =( LENGTH_UNIT ( ) NAMED_UNIT ( * ) SI_UNIT ( .MILLI., .METRE. ) );
#216 = ORIENTED_EDGE ( 'NONE', *, *, #578, .T. ) ;
#217 = ORIENTED_EDGE ( 'NONE', *, *, #1241, .T. ) ;
#218 = LINE ( 'NONE', #512, #175 ) ;
#219 =( LENGTH_UNIT ( ) NAMED_UNIT ( * ) SI_UNIT ( .MILLI., .METRE. ) );
#220 = CARTESIAN_POINT ( 'NONE',  ( -0.5999999999999999778, 0.03999999999999999389, 0.3599999999999999867 ) ) ;
#221 = AXIS2_PLACEMENT_3D ( 'NONE', #910, #659, #774 ) ;
#222 = ORIENTED_EDGE ( 'NONE', *, *, #717, .F. ) ;
#223 = FACE_OUTER_BOUND ( 'NONE', #42, .T. ) ;
#224 = AXIS2_PLACEMENT_3D ( 'NONE', #571, #788, #333 ) ;
#225 = ORIENTED_EDGE ( 'NONE', *, *, #824, .T. ) ;
#226 = CIRCLE ( 'NONE', #329, 0.03999999999999999389 ) ;
#227 = EDGE_CURVE ( 'NONE', #4, #76, #1234, .T. ) ;
#228 = EDGE_CURVE ( 'NONE', #19, #365, #286, .T. ) ;
#229 = FACE_OUTER_BOUND ( 'NONE', #1297, .T. ) ;
#230 = PLANE ( 'NONE',  #1244 ) ;
#231 = PLANE ( 'NONE',  #1315 ) ;
#232 = CIRCLE ( 'NONE', #807, 0.03999999999999999389 ) ;
#233 = AXIS2_PLACEMENT_3D ( 'NONE', #170, #145, #948 ) ;
#234 =( NAMED_UNIT ( * ) PLANE_ANGLE_UNIT ( ) SI_UNIT ( $, .RADIAN. ) );
#235 = CARTESIAN_POINT ( 'NONE',  ( 0.7999999999999999334, 1.000000000000000000, -0.3999999999999998557 ) ) ;
#236 = CIRCLE ( 'NONE', #925, 0.03999999999999999389 ) ;
#237 = FACE_OUTER_BOUND ( 'NONE', #1049, .T. ) ;
#238 = VECTOR ( 'NONE', #130, 1000.000000000000000 ) ;
#239 = VECTOR ( 'NONE', #1369, 1000.000000000000000 ) ;
#240 = DIRECTION ( 'NONE',  ( 0.000000000000000000, 0.000000000000000000, -1.000000000000000000 ) ) ;
#241 = LINE ( 'NONE', #640, #1217 ) ;
#242 = FILL_AREA_STYLE_COLOUR ( '', #1174 ) ;
#243 = VECTOR ( 'NONE', #951, 1000.000000000000000 ) ;
#244 = PRESENTATION_STYLE_ASSIGNMENT (( #638 ) ) ;
#245 = EDGE_CURVE ( 'NONE', #23, #1064, #729, .T. ) ;
#246 = DIRECTION ( 'NONE',  ( 0.000000000000000000, -1.000000000000000000, 0.000000000000000000 ) ) ;
#247 = CYLINDRICAL_SURFACE ( 'NONE', #1406, 0.03999999999999999389 ) ;
#248 = PRESENTATION_STYLE_ASSIGNMENT (( #1022 ) ) ;
#249 = FILL_AREA_STYLE ('',( #546 ) ) ;
#250 = PRESENTATION_LAYER_ASSIGNMENT (  '', '', ( #6 ) ) ;
#251 = APPLICATION_CONTEXT ( 'automotive_design' ) ;
#252 = UNCERTAINTY_MEASURE_WITH_UNIT (LENGTH_MEASURE( 1.000000000000000082E-05 ), #1115, 'distance_accuracy_value', 'NONE');
#253 = FACE_OUTER_BOUND ( 'NONE', #594, .T. ) ;
#254 = CIRCLE ( 'NONE', #1121, 0.03999999999999999389 ) ;
#255 = CIRCLE ( 'NONE', #490, 0.03999999999999999389 ) ;
#256 = SURFACE_STYLE_FILL_AREA ( #1146 ) ;
#257 = CIRCLE ( 'NONE', #233, 0.03999999999999999389 ) ;
#258 = DIRECTION ( 'NONE',  ( -1.000000000000000000, -0.000000000000000000, 8.673617379884036705E-17 ) ) ;
#259 = FACE_OUTER_BOUND ( 'NONE', #550, .T. ) ;
#260 = DIRECTION ( 'NONE',  ( 1.000000000000000000, -0.000000000000000000, -2.710505431213761578E-16 ) ) ;
#261 = CIRCLE ( 'NONE', #652, 0.03999999999999999389 ) ;
#262 = CARTESIAN_POINT ( 'NONE',  ( -0.7999999999999998224, 0.9600000000000000755, 0.3999999999999999667 ) ) ;
#263 = AXIS2_PLACEMENT_3D ( 'NONE', #935, #609, #364 ) ;
#264 = VECTOR ( 'NONE', #20, 1000.000000000000000 ) ;
#265 = LINE ( 'NONE', #590, #271 ) ;
#266 = CARTESIAN_POINT ( 'NONE',  ( 0.6000000000000000888, 0.9600000000000000755, -0.3599999999999998757 ) ) ;
#267 = CIRCLE ( 'NONE', #1047, 0.03999999999999999389 ) ;
#268 = CYLINDRICAL_SURFACE ( 'NONE', #202, 0.02666666666666664756 ) ;
#269 = SURFACE_STYLE_USAGE ( .BOTH. , #151 ) ;
#270 = CIRCLE ( 'NONE', #630, 0.03999999999999999389 ) ;
#271 = VECTOR ( 'NONE', #1355, 1000.000000000000000 ) ;
#272 = PRESENTATION_STYLE_ASSIGNMENT (( #579 ) ) ;
#273 = VECTOR ( 'NONE', #1091, 1000.000000000000000 ) ;
#274 = PRESENTATION_STYLE_ASSIGNMENT (( #1032 ) ) ;
#275 = ADVANCED_FACE ( 'NONE', ( #289 ), #737, .T. ) ;
#276 = CIRCLE ( 'NONE', #322, 0.03999999999999999389 ) ;
#277 = LINE ( 'NONE', #1284, #1247 ) ;
#278 = ADVANCED_FACE ( 'NONE', ( #734 ), #247, .T. ) ;
#279 = SURFACE_SIDE_STYLE ('',( #307 ) ) ;
#280 = EDGE_CURVE ( 'NONE', #386, #944, #1221, .T. ) ;
#281 = CARTESIAN_POINT ( 'NONE',  ( -0.5999999999999999778, 0.9866666666666666918, -0.3599999999999998757 ) ) ;
#282 = CIRCLE ( 'NONE', #701, 0.02666666666666669960 ) ;
#283 = LINE ( 'NONE', #1204, #764 ) ;
#284 = UNCERTAINTY_MEASURE_WITH_UNIT (LENGTH_MEASURE( 1.000000000000000082E-05 ), #1065, 'distance_accuracy_value', 'NONE');
#285 = CARTESIAN_POINT ( 'NONE',  ( -0.5999999999999999778, 0.9600000000000000755, 0.3866666666666666030 ) ) ;
#286 = CIRCLE ( 'NONE', #121, 0.03999999999999999389 ) ;
#287 = DIRECTION ( 'NONE',  ( -1.000000000000000000, -0.000000000000000000, 8.673617379884036705E-17 ) ) ;
#288 = LINE ( 'NONE', #180, #787 ) ;
#289 = FACE_OUTER_BOUND ( 'NONE', #592, .T. ) ;
#290 = SPHERICAL_SURFACE ( 'NONE', #669, 0.04000000000000000083 ) ;
#291 = DIRECTION ( 'NONE',  ( -1.000000000000000000, 0.000000000000000000, 0.000000000000000000 ) ) ;
#292 = CIRCLE ( 'NONE', #370, 0.03999999999999999389 ) ;
#293 = AXIS2_PLACEMENT_3D ( 'NONE', #465, #766, #1187 ) ;
#294 = ADVANCED_FACE ( 'NONE', ( #1240 ), #797, .T. ) ;
#295 = COLOUR_RGB ( '',0.7294117647058823151, 0.3568627450980392246, 0.02352941176470588203 ) ;
#296 = FACE_OUTER_BOUND ( 'NONE', #587, .T. ) ;
#297 = VECTOR ( 'NONE', #539, 1000.000000000000000 ) ;
#298 = DIRECTION ( 'NONE',  ( 2.710505431213761578E-16, -0.000000000000000000, -1.000000000000000000 ) ) ;
#299 = CARTESIAN_POINT ( 'NONE',  ( 500000.0000000000582, 0.9600000000000000755, 0.3866666666232985161 ) ) ;
#300 = VECTOR ( 'NONE', #308, 1000.000000000000000 ) ;
#301 = EDGE_LOOP ( 'NONE', ( #904, #217, #1258 ) ) ;
#302 = EDGE_CURVE ( 'NONE', #1, #448, #318, .T. ) ;
#303 = LINE ( 'NONE', #688, #825 ) ;
#304 = PRESENTATION_LAYER_ASSIGNMENT (  '', '', ( #908 ) ) ;
#305 = CARTESIAN_POINT ( 'NONE',  ( -0.6000000000000000888, 1.000000000000000000, -0.3999999999999998557 ) ) ;
#306 = LINE ( 'NONE', #873, #297 ) ;
#307 = SURFACE_STYLE_FILL_AREA ( #953 ) ;
#308 = DIRECTION ( 'NONE',  ( -1.355252715606880789E-16, 0.000000000000000000, -1.000000000000000000 ) ) ;
#309 = FILL_AREA_STYLE ('',( #1169 ) ) ;
#310 = DIRECTION ( 'NONE',  ( 0.000000000000000000, 1.000000000000000000, 0.000000000000000000 ) ) ;
#311 = VECTOR ( 'NONE', #547, 1000.000000000000000 ) ;
#312 = CARTESIAN_POINT ( 'NONE',  ( 0.000000000000000000, 0.9600000000000000755, -0.3599999999999998757 ) ) ;
#313 = DIRECTION ( 'NONE',  ( 2.710505431213761479E-15, 0.000000000000000000, 1.000000000000000000 ) ) ;
#314 = AXIS2_PLACEMENT_3D ( 'NONE', #525, #1083, #99 ) ;
#315 = COLOUR_RGB ( '',0.7294117647058823151, 0.3568627450980392246, 0.02352941176470588203 ) ;
#316 = ORIENTED_EDGE ( 'NONE', *, *, #1227, .T. ) ;
#317 = EDGE_CURVE ( 'NONE', #1, #544, #1265, .T. ) ;
#318 = LINE ( 'NONE', #500, #783 ) ;
#319 = LINE ( 'NONE', #431, #1279 ) ;
#320 = CARTESIAN_POINT ( 'NONE',  ( -0.7599999999999998979, 1.000000000000000000, -0.3599999999999998757 ) ) ;
#321 = SPHERICAL_SURFACE ( 'NONE', #263, 0.04000000000000000083 ) ;
#322 = AXIS2_PLACEMENT_3D ( 'NONE', #1334, #8, #351 ) ;
#323 = VECTOR ( 'NONE', #101, 1000.000000000000000 ) ;
#324 = SURFACE_STYLE_USAGE ( .BOTH. , #1193 ) ;
#325 = ORIENTED_EDGE ( 'NONE', *, *, #149, .T. ) ;
#326 = CARTESIAN_POINT ( 'NONE',  ( -0.7999999999999999334, 1.000000000000000000, -0.3599999999999998757 ) ) ;
#327 = AXIS2_PLACEMENT_3D ( 'NONE', #69, #1127, #1237 ) ;
#328 = DIRECTION ( 'NONE',  ( 0.000000000000000000, -0.000000000000000000, 1.000000000000000000 ) ) ;
#329 = AXIS2_PLACEMENT_3D ( 'NONE', #642, #1105, #1007 ) ;
#330 =( LENGTH_UNIT ( ) NAMED_UNIT ( * ) SI_UNIT ( .MILLI., .METRE. ) );
#331 = PRODUCT_DEFINITION_FORMATION_WITH_SPECIFIED_SOURCE ( 'ANY', '', #1347, .NOT_KNOWN. ) ;
#332 = MANIFOLD_SOLID_BREP ( 'Boss-Extrude2', #1003 ) ;
#333 = DIRECTION ( 'NONE',  ( 1.000000000000000000, 0.000000000000000000, 0.000000000000000000 ) ) ;
#334 = DIRECTION ( 'NONE',  ( -1.000000000000000000, 0.000000000000000000, 0.000000000000000000 ) ) ;
#335 = FACE_OUTER_BOUND ( 'NONE', #924, .T. ) ;
#336 = ORIENTED_EDGE ( 'NONE', *, *, #519, .F. ) ;
#337 = DIRECTION ( 'NONE',  ( 1.000000000000000000, 0.000000000000000000, 0.000000000000000000 ) ) ;
#338 = CYLINDRICAL_SURFACE ( 'NONE', #752, 0.03999999999999999389 ) ;
#339 = EDGE_CURVE ( 'NONE', #19, #513, #1268, .T. ) ;
#340 = DIRECTION ( 'NONE',  ( 0.000000000000000000, 0.000000000000000000, -1.000000000000000000 ) ) ;
#341 = ORIENTED_EDGE ( 'NONE', *, *, #420, .T. ) ;
#342 = DIRECTION ( 'NONE',  ( 0.000000000000000000, 0.000000000000000000, -1.000000000000000000 ) ) ;
#343 = VECTOR ( 'NONE', #855, 1000.000000000000000 ) ;
#344 = PRESENTATION_LAYER_ASSIGNMENT (  '', '', ( #1293 ) ) ;
#345 = EDGE_LOOP ( 'NONE', ( #564, #416, #1045, #976, #452, #615, #471, #502 ) ) ;
#346 = ORIENTED_EDGE ( 'NONE', *, *, #560, .T. ) ;
#347 = CARTESIAN_POINT ( 'NONE',  ( 0.7999999999999999334, 0.03999999999999999389, -0.3999999999999998557 ) ) ;
#348 = ORIENTED_EDGE ( 'NONE', *, *, #969, .T. ) ;
#349 = CARTESIAN_POINT ( 'NONE',  ( 500000.0000000000582, 0.01333333333333333419, 0.3599999999566318443 ) ) ;
#350 = DIRECTION ( 'NONE',  ( 1.000000000000000000, 0.000000000000000000, 2.710505431213761578E-16 ) ) ;
#351 = DIRECTION ( 'NONE',  ( 1.000000000000000000, 0.000000000000000000, 0.000000000000000000 ) ) ;
#352 = LINE ( 'NONE', #359, #356 ) ;
#353 = VECTOR ( 'NONE', #613, 1000.000000000000000 ) ;
#354 = ORIENTED_EDGE ( 'NONE', *, *, #422, .F. ) ;
#355 = DIRECTION ( 'NONE',  ( 1.000000000000000000, 0.000000000000000000, 0.000000000000000000 ) ) ;
#356 = VECTOR ( 'NONE', #595, 1000.000000000000000 ) ;
#357 = ORIENTED_EDGE ( 'NONE', *, *, #1309, .F. ) ;
#358 = EDGE_CURVE ( 'NONE', #68, #1006, #388, .T. ) ;
#359 = CARTESIAN_POINT ( 'NONE',  ( -0.7599999999999998979, 1.000000000000000000, 0.3999999999999999667 ) ) ;
#360 = ORIENTED_EDGE ( 'NONE', *, *, #969, .F. ) ;
#361 = ORIENTED_EDGE ( 'NONE', *, *, #843, .F. ) ;
#362 = UNCERTAINTY_MEASURE_WITH_UNIT (LENGTH_MEASURE( 1.000000000000000082E-05 ), #397, 'distance_accuracy_value', 'NONE');
#363 = SPHERICAL_SURFACE ( 'NONE', #549, 0.04000000000000000083 ) ;
#364 = DIRECTION ( 'NONE',  ( 1.000000000000000000, 0.000000000000000000, 0.000000000000000000 ) ) ;
#365 = VERTEX_POINT ( 'NONE', #193 ) ;
#366 = LINE ( 'NONE', #1129, #1306 ) ;
#367 = DIRECTION ( 'NONE',  ( 1.000000000000000000, 0.000000000000000000, 0.000000000000000000 ) ) ;
#368 = ORIENTED_EDGE ( 'NONE', *, *, #1192, .T. ) ;
#369 = LINE ( 'NONE', #184, #1308 ) ;
#370 = AXIS2_PLACEMENT_3D ( 'NONE', #558, #172, #1181 ) ;
#371 = LINE ( 'NONE', #38, #382 ) ;
#372 = DIRECTION ( 'NONE',  ( 1.355252715606880789E-16, 0.000000000000000000, -1.000000000000000000 ) ) ;
#373 = ORIENTED_EDGE ( 'NONE', *, *, #1278, .F. ) ;
#374 = AXIS2_PLACEMENT_3D ( 'NONE', #41, #833, #398 ) ;
#375 = CARTESIAN_POINT ( 'NONE',  ( 0.7999999999999999334, 1.000000000000000000, -0.3999999999999998557 ) ) ;
#376 = ORIENTED_EDGE ( 'NONE', *, *, #1339, .F. ) ;
#377 = VECTOR ( 'NONE', #1199, 1000.000000000000000 ) ;
#378 = CIRCLE ( 'NONE', #763, 0.02666666666666669960 ) ;
#379 = EDGE_CURVE ( 'NONE', #23, #1063, #1337, .T. ) ;
#380 = ORIENTED_EDGE ( 'NONE', *, *, #1227, .F. ) ;
#381 = VECTOR ( 'NONE', #537, 1000.000000000000000 ) ;
#382 = VECTOR ( 'NONE', #1368, 1000.000000000000000 ) ;
#383 = EDGE_LOOP ( 'NONE', ( #1307, #39, #1126, #43 ) ) ;
#384 = LINE ( 'NONE', #299, #381 ) ;
#385 = ADVANCED_FACE ( 'NONE', ( #866 ), #879, .T. ) ;
#386 = VERTEX_POINT ( 'NONE', #759 ) ;
#387 = CARTESIAN_POINT ( 'NONE',  ( -0.7599999999999998979, 0.04000000000000000083, -0.3599999999999998757 ) ) ;
#388 = LINE ( 'NONE', #658, #377 ) ;
#389 = SPHERICAL_SURFACE ( 'NONE', #224, 0.04000000000000000083 ) ;
#390 = UNCERTAINTY_MEASURE_WITH_UNIT (LENGTH_MEASURE( 1.000000000000000082E-05 ), #506, 'distance_accuracy_value', 'NONE');
#391 = ORIENTED_EDGE ( 'NONE', *, *, #177, .F. ) ;
#392 = CIRCLE ( 'NONE', #314, 0.02666666666666664756 ) ;
#393 = PRESENTATION_LAYER_ASSIGNMENT (  '', '', ( #532 ) ) ;
#394 = CARTESIAN_POINT ( 'NONE',  ( -0.5999999999999999778, 0.9866666666666666918, -0.3599999999999998757 ) ) ;
#395 = ORIENTED_EDGE ( 'NONE', *, *, #51, .F. ) ;
#396 = VECTOR ( 'NONE', #1311, 1000.000000000000000 ) ;
#397 =( LENGTH_UNIT ( ) NAMED_UNIT ( * ) SI_UNIT ( .MILLI., .METRE. ) );
#398 = DIRECTION ( 'NONE',  ( -1.000000000000000000, 0.000000000000000000, 0.000000000000000000 ) ) ;
#399 = CIRCLE ( 'NONE', #922, 0.02666666666666664756 ) ;
#400 = FACE_OUTER_BOUND ( 'NONE', #608, .T. ) ;
#401 = EDGE_LOOP ( 'NONE', ( #860, #97, #810, #1182, #376, #222, #1194, #707 ) ) ;
#402 = DIRECTION ( 'NONE',  ( 0.000000000000000000, 0.000000000000000000, 1.000000000000000000 ) ) ;
#403 = DIRECTION ( 'NONE',  ( -1.000000000000000000, -0.000000000000000000, -0.000000000000000000 ) ) ;
#404 = SURFACE_STYLE_FILL_AREA ( #839 ) ;
#405 = ORIENTED_EDGE ( 'NONE', *, *, #786, .T. ) ;
#406 = EDGE_CURVE ( 'NONE', #492, #68, #856, .T. ) ;
#407 = DIRECTION ( 'NONE',  ( 1.000000000000000000, 0.000000000000000000, -8.673617379884036705E-17 ) ) ;
#408 = CIRCLE ( 'NONE', #551, 0.02666666666666669960 ) ;
#409 = VERTEX_POINT ( 'NONE', #872 ) ;
#410 = EDGE_CURVE ( 'NONE', #516, #60, #369, .T. ) ;
#411 = ADVANCED_FACE ( 'NONE', ( #861 ), #74, .F. ) ;
#412 = ORIENTED_EDGE ( 'NONE', *, *, #683, .T. ) ;
#413 = DIRECTION ( 'NONE',  ( -0.000000000000000000, -1.000000000000000000, -0.000000000000000000 ) ) ;
#414 = AXIS2_PLACEMENT_3D ( 'NONE', #1000, #639, #959 ) ;
#415 = VERTEX_POINT ( 'NONE', #426 ) ;
#416 = ORIENTED_EDGE ( 'NONE', *, *, #1077, .T. ) ;
#417 = SURFACE_STYLE_USAGE ( .BOTH. , #773 ) ;
#418 = CARTESIAN_POINT ( 'NONE',  ( 0.7599999999999998979, 0.03999999999999999389, -0.3999999999999998557 ) ) ;
#419 = CARTESIAN_POINT ( 'NONE',  ( 500000.0000000000582, 0.9866666666666666918, 0.3599999999566318443 ) ) ;
#420 = EDGE_CURVE ( 'NONE', #1002, #65, #384, .T. ) ;
#421 = VERTEX_POINT ( 'NONE', #650 ) ;
#422 = EDGE_CURVE ( 'NONE', #1027, #1400, #1322, .T. ) ;
#423 = DIRECTION ( 'NONE',  ( 0.000000000000000000, 0.000000000000000000, 1.000000000000000000 ) ) ;
#424 = EDGE_LOOP ( 'NONE', ( #1056, #561, #685, #52 ) ) ;
#425 = CARTESIAN_POINT ( 'NONE',  ( -0.7999999999999999334, 1.000000000000000000, -0.3599999999999998757 ) ) ;
#426 = CARTESIAN_POINT ( 'NONE',  ( -0.5999999999999999778, 0.03999999999999999389, -0.3866666666666664920 ) ) ;
#427 = ORIENTED_EDGE ( 'NONE', *, *, #132, .F. ) ;
#428 =( GEOMETRIC_REPRESENTATION_CONTEXT ( 3 ) GLOBAL_UNCERTAINTY_ASSIGNED_CONTEXT ( ( #992 ) ) GLOBAL_UNIT_ASSIGNED_CONTEXT ( ( #1110, #574, #916 ) ) REPRESENTATION_CONTEXT ( 'NONE', 'WORKASPACE' ) );
#429 = DIRECTION ( 'NONE',  ( -1.000000000000000000, 0.000000000000000000, 2.710505431213761578E-16 ) ) ;
#430 = CARTESIAN_POINT ( 'NONE',  ( -0.7599999999999997868, 0.03999999999999999389, 0.3599999999999999867 ) ) ;
#431 = CARTESIAN_POINT ( 'NONE',  ( 500000.0000000000582, 0.04000000000000021594, 0.3866666666232984606 ) ) ;
#432 =( NAMED_UNIT ( * ) SI_UNIT ( $, .STERADIAN. ) SOLID_ANGLE_UNIT ( ) );
#433 = EDGE_CURVE ( 'NONE', #1002, #883, #1282, .T. ) ;
#434 = DIRECTION ( 'NONE',  ( 1.355252715606880789E-16, -0.000000000000000000, -1.000000000000000000 ) ) ;
#435 = DIRECTION ( 'NONE',  ( 0.000000000000000000, 0.000000000000000000, 1.000000000000000000 ) ) ;
#436 = CARTESIAN_POINT ( 'NONE',  ( -0.7999999999999999334, 0.03999999999999999389, -0.3599999999999998757 ) ) ;
#437 = DIRECTION ( 'NONE',  ( 0.000000000000000000, -1.000000000000000000, -0.000000000000000000 ) ) ;
#438 = FACE_OUTER_BOUND ( 'NONE', #186, .T. ) ;
#439 = ORIENTED_EDGE ( 'NONE', *, *, #302, .T. ) ;
#440 = CARTESIAN_POINT ( 'NONE',  ( 0.000000000000000000, 0.000000000000000000, -0.3599999999999998757 ) ) ;
#441 = DIRECTION ( 'NONE',  ( 0.000000000000000000, 0.000000000000000000, -1.000000000000000000 ) ) ;
#442 = PRODUCT_DEFINITION_SHAPE ( 'NONE', 'NONE',  #1365 ) ;
#443 = PRESENTATION_LAYER_ASSIGNMENT (  '', '', ( #1209 ) ) ;
#444 = ORIENTED_EDGE ( 'NONE', *, *, #717, .T. ) ;
#445 = EDGE_CURVE ( 'NONE', #365, #32, #838, .T. ) ;
#446 = DIRECTION ( 'NONE',  ( 1.000000000000000000, 0.000000000000000000, 0.000000000000000000 ) ) ;
#447 =( NAMED_UNIT ( * ) SI_UNIT ( $, .STERADIAN. ) SOLID_ANGLE_UNIT ( ) );
#448 = VERTEX_POINT ( 'NONE', #1034 ) ;
#449 = CIRCLE ( 'NONE', #1324, 0.03999999999999999389 ) ;
#450 = EDGE_CURVE ( 'NONE', #883, #4, #399, .T. ) ;
#451 = LINE ( 'NONE', #440, #474 ) ;
#452 = ORIENTED_EDGE ( 'NONE', *, *, #34, .F. ) ;
#453 = DIRECTION ( 'NONE',  ( -1.000000000000000000, 0.000000000000000000, 0.000000000000000000 ) ) ;
#454 = DIRECTION ( 'NONE',  ( 0.000000000000000000, 1.000000000000000000, 0.000000000000000000 ) ) ;
#455 = ORIENTED_EDGE ( 'NONE', *, *, #158, .F. ) ;
#456 = VECTOR ( 'NONE', #120, 1000.000000000000000 ) ;
#457 = EDGE_LOOP ( 'NONE', ( #1026, #982, #336, #694, #583, #196, #216, #354 ) ) ;
#458 = SURFACE_SIDE_STYLE ('',( #1198 ) ) ;
#459 = CARTESIAN_POINT ( 'NONE',  ( 0.7599999999999998979, 0.04000000000000000083, -0.3599999999999998757 ) ) ;
#460 = ORIENTED_EDGE ( 'NONE', *, *, #1385, .T. ) ;
#461 = CYLINDRICAL_SURFACE ( 'NONE', #25, 0.03999999999999999389 ) ;
#462 = ORIENTED_EDGE ( 'NONE', *, *, #90, .T. ) ;
#463 = LINE ( 'NONE', #181, #456 ) ;
#464 = FACE_OUTER_BOUND ( 'NONE', #61, .T. ) ;
#465 = CARTESIAN_POINT ( 'NONE',  ( 0.7599999999999998979, 0.9600000000000000755, 1.029992063861229336E-16 ) ) ;
#466 = EDGE_CURVE ( 'NONE', #1012, #1336, #884, .T. ) ;
#467 = SURFACE_SIDE_STYLE ('',( #1186 ) ) ;
#468 = CARTESIAN_POINT ( 'NONE',  ( -0.6000000000000000888, 0.000000000000000000, -0.3599999999999998757 ) ) ;
#469 = ORIENTED_EDGE ( 'NONE', *, *, #660, .F. ) ;
#470 = EDGE_CURVE ( 'NONE', #499, #79, #779, .T. ) ;
#471 = ORIENTED_EDGE ( 'NONE', *, *, #1259, .T. ) ;
#472 = FACE_OUTER_BOUND ( 'NONE', #1349, .T. ) ;
#473 = ORIENTED_EDGE ( 'NONE', *, *, #158, .T. ) ;
#474 = VECTOR ( 'NONE', #1427, 1000.000000000000000 ) ;
#475 = PLANE ( 'NONE',  #1085 ) ;
#476 = LINE ( 'NONE', #1122, #1419 ) ;
#477 = PRESENTATION_LAYER_ASSIGNMENT (  '', '', ( #1378 ) ) ;
#478 = DIRECTION ( 'NONE',  ( 1.000000000000000000, 0.000000000000000000, -8.673617379884036705E-17 ) ) ;
#479 = DIRECTION ( 'NONE',  ( 0.000000000000000000, 0.000000000000000000, -1.000000000000000000 ) ) ;
#480 = SURFACE_SIDE_STYLE ('',( #1185 ) ) ;
#481 = CARTESIAN_POINT ( 'NONE',  ( 0.6000000000199179340, 0.9600000000000000755, -0.3599999999999999867 ) ) ;
#482 = LINE ( 'NONE', #554, #936 ) ;
#483 = EDGE_CURVE ( 'NONE', #492, #801, #728, .T. ) ;
#484 = CARTESIAN_POINT ( 'NONE',  ( 0.7999999999999999334, 0.03999999999999999389, -0.3999999999999998557 ) ) ;
#485 = EDGE_CURVE ( 'NONE', #1020, #580, #261, .T. ) ;
#486 = DIRECTION ( 'NONE',  ( 0.000000000000000000, 0.000000000000000000, 1.000000000000000000 ) ) ;
#487 = FACE_OUTER_BOUND ( 'NONE', #907, .T. ) ;
#488 = ORIENTED_EDGE ( 'NONE', *, *, #1275, .T. ) ;
#489 = EDGE_LOOP ( 'NONE', ( #1288, #83, #1283, #182, #72, #812, #325, #1276 ) ) ;
#490 = AXIS2_PLACEMENT_3D ( 'NONE', #178, #310, #112 ) ;
#491 = DIRECTION ( 'NONE',  ( -1.000000000000000000, 0.000000000000000000, 8.673617379884036705E-17 ) ) ;
#492 = VERTEX_POINT ( 'NONE', #1086 ) ;
#493 = DIRECTION ( 'NONE',  ( 0.000000000000000000, -0.000000000000000000, -1.000000000000000000 ) ) ;
#494 = VERTEX_POINT ( 'NONE', #921 ) ;
#495 = ORIENTED_EDGE ( 'NONE', *, *, #541, .F. ) ;
#496 = SURFACE_STYLE_USAGE ( .BOTH. , #1120 ) ;
#497 = EDGE_CURVE ( 'NONE', #1191, #421, #1224, .T. ) ;
#498 = VERTEX_POINT ( 'NONE', #169 ) ;
#499 = VERTEX_POINT ( 'NONE', #126 ) ;
#500 = CARTESIAN_POINT ( 'NONE',  ( 0.7599999999999998979, 1.000000000000000000, -0.3999999999999998557 ) ) ;
#501 = DIRECTION ( 'NONE',  ( 1.000000000000000000, -0.000000000000000000, -0.000000000000000000 ) ) ;
#502 = ORIENTED_EDGE ( 'NONE', *, *, #485, .T. ) ;
#503 = SURFACE_STYLE_FILL_AREA ( #610 ) ;
#504 = AXIS2_PLACEMENT_3D ( 'NONE', #235, #1235, #372 ) ;
#505 = ORIENTED_EDGE ( 'NONE', *, *, #596, .T. ) ;
#506 =( LENGTH_UNIT ( ) NAMED_UNIT ( * ) SI_UNIT ( .MILLI., .METRE. ) );
#507 = APPLICATION_PROTOCOL_DEFINITION ( 'draft international standard', 'automotive_design', 1998, #939 ) ;
#508 = DIRECTION ( 'NONE',  ( 1.000000000000000000, 0.000000000000000000, 2.710505431213761578E-16 ) ) ;
#509 = ORIENTED_EDGE ( 'NONE', *, *, #625, .F. ) ;
#510 = CARTESIAN_POINT ( 'NONE',  ( -0.7999999999999999334, 0.9600000000000000755, -0.3599999999999998757 ) ) ;
#511 = ADVANCED_FACE ( 'NONE', ( #761 ), #755, .T. ) ;
#512 = CARTESIAN_POINT ( 'NONE',  ( -0.6000000000000000888, 1.000000000000000000, -0.3999999999999998557 ) ) ;
#513 = VERTEX_POINT ( 'NONE', #837 ) ;
#514 = CARTESIAN_POINT ( 'NONE',  ( -0.6000000000000000888, 0.9600000000000000755, -0.3599999999999998757 ) ) ;
#515 = AXIS2_PLACEMENT_3D ( 'NONE', #192, #508, #1021 ) ;
#516 = VERTEX_POINT ( 'NONE', #530 ) ;
#517 = CARTESIAN_POINT ( 'NONE',  ( -0.6000000000000000888, 0.9600000000000000755, -0.3999999999999998557 ) ) ;
#518 = MANIFOLD_SOLID_BREP ( 'Fillet1', #928 ) ;
#519 = EDGE_CURVE ( 'NONE', #365, #1064, #265, .T. ) ;
#520 = ORIENTED_EDGE ( 'NONE', *, *, #470, .F. ) ;
#521 =( NAMED_UNIT ( * ) SI_UNIT ( $, .STERADIAN. ) SOLID_ANGLE_UNIT ( ) );
#522 = AXIS2_PLACEMENT_3D ( 'NONE', #53, #156, #848 ) ;
#523 = DIRECTION ( 'NONE',  ( 1.000000000000000000, 0.000000000000000000, 2.710505431213761578E-16 ) ) ;
#524 = EDGE_LOOP ( 'NONE', ( #194, #495, #1295, #1119 ) ) ;
#525 = CARTESIAN_POINT ( 'NONE',  ( -0.5999999999999999778, 0.03999999999999999389, -0.3599999999999998757 ) ) ;
#526 = CARTESIAN_POINT ( 'NONE',  ( 0.7599999999999997868, 0.03999999999999999389, 0.3999999999999999667 ) ) ;
#527 = ORIENTED_EDGE ( 'NONE', *, *, #933, .F. ) ;
#528 = ADVANCED_FACE ( 'NONE', ( #757 ), #290, .T. ) ;
#529 = DIRECTION ( 'NONE',  ( -1.000000000000000000, -0.000000000000000000, 8.673617379884036705E-17 ) ) ;
#530 = CARTESIAN_POINT ( 'NONE',  ( -0.7599999999999998979, 0.03999999999999999389, -0.3999999999999998557 ) ) ;
#531 = ORIENTED_EDGE ( 'NONE', *, *, #1077, .F. ) ;
#532 = STYLED_ITEM ( 'NONE', ( #818 ), #964 ) ;
#533 = ADVANCED_FACE ( 'NONE', ( #1232 ), #1109, .F. ) ;
#534 = VERTEX_POINT ( 'NONE', #878 ) ;
#535 = CARTESIAN_POINT ( 'NONE',  ( -0.7599999999999997868, 0.9600000000000000755, 0.3999999999999999667 ) ) ;
#536 = CARTESIAN_POINT ( 'NONE',  ( 0.7999999999999999334, 1.000000000000000000, -0.3599999999999998757 ) ) ;
#537 = DIRECTION ( 'NONE',  ( -1.000000000000000000, -0.000000000000000000, 8.673617379884036705E-17 ) ) ;
#538 = ORIENTED_EDGE ( 'NONE', *, *, #358, .F. ) ;
#539 = DIRECTION ( 'NONE',  ( -1.000000000000000000, -0.000000000000000000, -0.000000000000000000 ) ) ;
#540 = ORIENTED_EDGE ( 'NONE', *, *, #1113, .F. ) ;
#541 = EDGE_CURVE ( 'NONE', #1063, #934, #283, .T. ) ;
#542 = ORIENTED_EDGE ( 'NONE', *, *, #245, .F. ) ;
#543 = EDGE_CURVE ( 'NONE', #934, #1012, #288, .T. ) ;
#544 = VERTEX_POINT ( 'NONE', #646 ) ;
#545 = MANIFOLD_SOLID_BREP ( 'Mirror2', #2 ) ;
#546 = FILL_AREA_STYLE_COLOUR ( '', #739 ) ;
#547 = DIRECTION ( 'NONE',  ( 0.000000000000000000, -1.000000000000000000, 0.000000000000000000 ) ) ;
#548 = EDGE_LOOP ( 'NONE', ( #1403, #1103, #940 ) ) ;
#549 = AXIS2_PLACEMENT_3D ( 'NONE', #698, #819, #828 ) ;
#550 = EDGE_LOOP ( 'NONE', ( #154, #644, #989, #1313 ) ) ;
#551 = AXIS2_PLACEMENT_3D ( 'NONE', #481, #1142, #1383 ) ;
#552 = VERTEX_POINT ( 'NONE', #746 ) ;
#553 = PRODUCT_DEFINITION_CONTEXT ( 'detailed design', #251, 'design' ) ;
#554 = CARTESIAN_POINT ( 'NONE',  ( -0.7999999999999998224, 1.000000000000000000, 0.3599999999999999867 ) ) ;
#555 = ORIENTED_EDGE ( 'NONE', *, *, #634, .F. ) ;
#556 = DIRECTION ( 'NONE',  ( -2.710505431213761578E-16, 0.000000000000000000, 1.000000000000000000 ) ) ;
#557 = EDGE_LOOP ( 'NONE', ( #1016, #1412, #1350, #932 ) ) ;
#558 = CARTESIAN_POINT ( 'NONE',  ( 0.7599999999999998979, 0.04000000000000000083, -0.3599999999999998757 ) ) ;
#559 = ORIENTED_EDGE ( 'NONE', *, *, #1339, .T. ) ;
#560 = EDGE_CURVE ( 'NONE', #448, #1392, #306, .T. ) ;
#561 = ORIENTED_EDGE ( 'NONE', *, *, #280, .T. ) ;
#562 = DIRECTION ( 'NONE',  ( -2.710505431213761479E-15, -1.000000000000000000, 0.000000000000000000 ) ) ;
#563 = STYLED_ITEM ( 'NONE', ( #1255 ), #294 ) ;
#564 = ORIENTED_EDGE ( 'NONE', *, *, #933, .T. ) ;
#565 = DIRECTION ( 'NONE',  ( -0.000000000000000000, 1.000000000000000000, -0.000000000000000000 ) ) ;
#566 = ORIENTED_EDGE ( 'NONE', *, *, #1291, .F. ) ;
#567 = ADVANCED_FACE ( 'NONE', ( #237 ), #1243, .T. ) ;
#568 = AXIS2_PLACEMENT_3D ( 'NONE', #1314, #898, #1005 ) ;
#569 = ORIENTED_EDGE ( 'NONE', *, *, #177, .T. ) ;
#570 = MECHANICAL_DESIGN_GEOMETRIC_PRESENTATION_REPRESENTATION (  '', ( #1209 ), #816 ) ;
#571 = CARTESIAN_POINT ( 'NONE',  ( -0.7599999999999998979, 0.9600000000000000755, -0.3599999999999998757 ) ) ;
#572 = ORIENTED_EDGE ( 'NONE', *, *, #1008, .F. ) ;
#573 = AXIS2_PLACEMENT_3D ( 'NONE', #22, #690, #367 ) ;
#574 =( NAMED_UNIT ( * ) PLANE_ANGLE_UNIT ( ) SI_UNIT ( $, .RADIAN. ) );
#575 = ORIENTED_EDGE ( 'NONE', *, *, #875, .F. ) ;
#576 = AXIS2_PLACEMENT_3D ( 'NONE', #1267, #142, #134 ) ;
#577 = CARTESIAN_POINT ( 'NONE',  ( 0.7999999999999998224, 0.03999999999999999389, 0.3599999999999999867 ) ) ;
#578 = EDGE_CURVE ( 'NONE', #1392, #1400, #241, .T. ) ;
#579 = SURFACE_STYLE_USAGE ( .BOTH. , #458 ) ;
#580 = VERTEX_POINT ( 'NONE', #1320 ) ;
#581 = DIRECTION ( 'NONE',  ( 0.000000000000000000, -1.000000000000000000, 0.000000000000000000 ) ) ;
#582 =( GEOMETRIC_REPRESENTATION_CONTEXT ( 3 ) GLOBAL_UNCERTAINTY_ASSIGNED_CONTEXT ( ( #800 ) ) GLOBAL_UNIT_ASSIGNED_CONTEXT ( ( #900, #1010, #1023 ) ) REPRESENTATION_CONTEXT ( 'NONE', 'WORKASPACE' ) );
#583 = ORIENTED_EDGE ( 'NONE', *, *, #339, .T. ) ;
#584 = DIRECTION ( 'NONE',  ( 0.000000000000000000, -0.000000000000000000, 1.000000000000000000 ) ) ;
#585 = EDGE_LOOP ( 'NONE', ( #1366, #96, #225, #395 ) ) ;
#586 = DIRECTION ( 'NONE',  ( 0.000000000000000000, 0.000000000000000000, 1.000000000000000000 ) ) ;
#587 = EDGE_LOOP ( 'NONE', ( #86, #569, #589 ) ) ;
#588 = AXIS2_PLACEMENT_3D ( 'NONE', #675, #918, #491 ) ;
#589 = ORIENTED_EDGE ( 'NONE', *, *, #596, .F. ) ;
#590 = CARTESIAN_POINT ( 'NONE',  ( 0.5999999999999998668, 1.000000000000000000, 0.3999999999999999667 ) ) ;
#591 = UNCERTAINTY_MEASURE_WITH_UNIT (LENGTH_MEASURE( 1.000000000000000082E-05 ), #1124, 'distance_accuracy_value', 'NONE');
#592 = EDGE_LOOP ( 'NONE', ( #210, #348, #854, #1096 ) ) ;
#593 = ORIENTED_EDGE ( 'NONE', *, *, #228, .T. ) ;
#594 = EDGE_LOOP ( 'NONE', ( #1048, #1033, #870, #9 ) ) ;
#595 = DIRECTION ( 'NONE',  ( 1.355252715606880789E-16, -0.000000000000000000, 1.000000000000000000 ) ) ;
#596 = EDGE_CURVE ( 'NONE', #544, #1336, #292, .T. ) ;
#597 = CARTESIAN_POINT ( 'NONE',  ( -0.5999999999999999778, 0.9600000000000000755, 0.3599999999999999867 ) ) ;
#598 = ORIENTED_EDGE ( 'NONE', *, *, #149, .F. ) ;
#599 = DIRECTION ( 'NONE',  ( 0.000000000000000000, -1.000000000000000000, 0.000000000000000000 ) ) ;
#600 = AXIS2_PLACEMENT_3D ( 'NONE', #814, #931, #1052 ) ;
#601 = ORIENTED_EDGE ( 'NONE', *, *, #466, .T. ) ;
#602 = CARTESIAN_POINT ( 'NONE',  ( 0.7999999999999998224, 0.03999999999999999389, 0.3599999999999999867 ) ) ;
#603 = ORIENTED_EDGE ( 'NONE', *, *, #483, .F. ) ;
#604 = DIRECTION ( 'NONE',  ( 0.000000000000000000, -0.000000000000000000, 1.000000000000000000 ) ) ;
#605 = DIRECTION ( 'NONE',  ( 1.000000000000000000, 0.000000000000000000, 0.000000000000000000 ) ) ;
#606 = AXIS2_PLACEMENT_3D ( 'NONE', #320, #1011, #1093 ) ;
#607 = DIRECTION ( 'NONE',  ( -1.000000000000000000, 0.000000000000000000, 0.000000000000000000 ) ) ;
#608 = EDGE_LOOP ( 'NONE', ( #1013, #1009, #139, #462 ) ) ;
#609 = DIRECTION ( 'NONE',  ( 0.000000000000000000, 1.000000000000000000, 0.000000000000000000 ) ) ;
#610 = FILL_AREA_STYLE ('',( #49 ) ) ;
#611 = ADVANCED_FACE ( 'NONE', ( #781 ), #1335, .T. ) ;
#612 = EDGE_CURVE ( 'NONE', #516, #499, #255, .T. ) ;
#613 = DIRECTION ( 'NONE',  ( 0.000000000000000000, -1.000000000000000000, 0.000000000000000000 ) ) ;
#614 = FILL_AREA_STYLE_COLOUR ( '', #1212 ) ;
#615 = ORIENTED_EDGE ( 'NONE', *, *, #625, .T. ) ;
#616 = CARTESIAN_POINT ( 'NONE',  ( 500000.0000000000582, 0.03999999999999999389, -0.3600000000433680181 ) ) ;
#617 = ORIENTED_EDGE ( 'NONE', *, *, #1420, .T. ) ;
#618 = CARTESIAN_POINT ( 'NONE',  ( 0.6000000000199179340, 0.03999999999999999389, -0.3866666666666666030 ) ) ;
#619 = EDGE_LOOP ( 'NONE', ( #827, #206, #7, #346 ) ) ;
#620 = DIRECTION ( 'NONE',  ( -0.000000000000000000, -0.000000000000000000, -1.000000000000000000 ) ) ;
#621 = AXIS2_PLACEMENT_3D ( 'NONE', #349, #31, #604 ) ;
#622 = ADVANCED_FACE ( 'NONE', ( #296 ), #747, .T. ) ;
#623 = DIRECTION ( 'NONE',  ( -0.000000000000000000, 1.000000000000000000, -0.000000000000000000 ) ) ;
#624 = CARTESIAN_POINT ( 'NONE',  ( 0.7999999999999999334, 1.000000000000000000, -0.3599999999999998757 ) ) ;
#625 = EDGE_CURVE ( 'NONE', #1006, #1067, #270, .T. ) ;
#626 = ORIENTED_EDGE ( 'NONE', *, *, #905, .F. ) ;
#627 = ADVANCED_FACE ( 'NONE', ( #760 ), #1362, .F. ) ;
#628 = AXIS2_PLACEMENT_3D ( 'NONE', #82, #1257, #715 ) ;
#629 = AXIS2_PLACEMENT_3D ( 'NONE', #312, #355, #1098 ) ;
#630 = AXIS2_PLACEMENT_3D ( 'NONE', #785, #1024, #1116 ) ;
#631 = ORIENTED_EDGE ( 'NONE', *, *, #612, .F. ) ;
#632 = AXIS2_PLACEMENT_3D ( 'NONE', #153, #706, #1074 ) ;
#633 = FILL_AREA_STYLE_COLOUR ( '', #1220 ) ;
#634 = EDGE_CURVE ( 'NONE', #4, #926, #1274, .T. ) ;
#635 = ORIENTED_EDGE ( 'NONE', *, *, #406, .T. ) ;
#636 = PLANE ( 'NONE',  #859 ) ;
#637 = ORIENTED_EDGE ( 'NONE', *, *, #905, .T. ) ;
#638 = SURFACE_STYLE_USAGE ( .BOTH. , #71 ) ;
#639 = DIRECTION ( 'NONE',  ( 1.000000000000000000, 0.000000000000000000, 2.710505431213761578E-16 ) ) ;
#640 = CARTESIAN_POINT ( 'NONE',  ( 0.6000000000000000888, 1.000000000000000000, -0.3999999999999998557 ) ) ;
#641 = CARTESIAN_POINT ( 'NONE',  ( -0.7999999999999999334, 1.000000000000000000, -0.3999999999999998557 ) ) ;
#642 = CARTESIAN_POINT ( 'NONE',  ( -0.7600000000000000089, 0.9600000000000000755, -0.3599999999999998757 ) ) ;
#643 = CARTESIAN_POINT ( 'NONE',  ( -0.7599999999999997868, 0.03999999999999999389, 0.3999999999999999667 ) ) ;
#644 = ORIENTED_EDGE ( 'NONE', *, *, #843, .T. ) ;
#645 = AXIS2_PLACEMENT_3D ( 'NONE', #662, #777, #435 ) ;
#646 = CARTESIAN_POINT ( 'NONE',  ( 0.7599999999999998979, 0.000000000000000000, -0.3599999999999998757 ) ) ;
#647 = EDGE_CURVE ( 'NONE', #415, #909, #853, .T. ) ;
#648 = DIRECTION ( 'NONE',  ( 0.000000000000000000, 0.000000000000000000, 1.000000000000000000 ) ) ;
#649 = AXIS2_PLACEMENT_3D ( 'NONE', #1417, #93, #171 ) ;
#650 = CARTESIAN_POINT ( 'NONE',  ( -0.7600000000000000089, 1.000000000000000000, -0.3599999999999998757 ) ) ;
#651 = FILL_AREA_STYLE_COLOUR ( '', #1226 ) ;
#652 = AXIS2_PLACEMENT_3D ( 'NONE', #1391, #260, #795 ) ;
#653 = DIRECTION ( 'NONE',  ( 1.000000000000000000, 0.000000000000000000, 0.000000000000000000 ) ) ;
#654 = STYLED_ITEM ( 'NONE', ( #274 ), #627 ) ;
#655 = CARTESIAN_POINT ( 'NONE',  ( 500000.0000000000582, 0.9600000000000000755, -0.3600000000433680181 ) ) ;
#656 = PLANE ( 'NONE',  #1426 ) ;
#657 = CARTESIAN_POINT ( 'NONE',  ( -0.5999999999999998668, 0.9600000000000000755, 0.3999999999999999667 ) ) ;
#658 = CARTESIAN_POINT ( 'NONE',  ( -0.5999999999999998668, 1.000000000000000000, 0.3599999999999999867 ) ) ;
#659 = DIRECTION ( 'NONE',  ( 1.000000000000000000, 0.000000000000000000, 2.710505431213761578E-16 ) ) ;
#660 = EDGE_CURVE ( 'NONE', #421, #68, #352, .T. ) ;
#661 = PLANE ( 'NONE',  #48 ) ;
#662 = CARTESIAN_POINT ( 'NONE',  ( -0.7599999999999998979, 0.03999999999999999389, -0.3599999999999998757 ) ) ;
#663 = CARTESIAN_POINT ( 'NONE',  ( 0.7599999999999998979, 0.03999999999999999389, -0.3999999999999998557 ) ) ;
#664 = AXIS2_PLACEMENT_3D ( 'NONE', #1250, #258, #402 ) ;
#665 =( NAMED_UNIT ( * ) SI_UNIT ( $, .STERADIAN. ) SOLID_ANGLE_UNIT ( ) );
#666 = DIRECTION ( 'NONE',  ( -1.000000000000000000, 0.000000000000000000, 0.000000000000000000 ) ) ;
#667 = DIRECTION ( 'NONE',  ( -1.000000000000000000, 0.000000000000000000, 0.000000000000000000 ) ) ;
#668 = AXIS2_PLACEMENT_3D ( 'NONE', #436, #1215, #648 ) ;
#669 = AXIS2_PLACEMENT_3D ( 'NONE', #1425, #738, #653 ) ;
#670 = CARTESIAN_POINT ( 'NONE',  ( 0.7599999999999997868, 0.04000000000000000083, 0.3599999999999999867 ) ) ;
#671 = SPHERICAL_SURFACE ( 'NONE', #600, 0.04000000000000000083 ) ;
#672 = ADVANCED_FACE ( 'NONE', ( #1312 ), #321, .T. ) ;
#673 = CARTESIAN_POINT ( 'NONE',  ( -0.7999999999999998224, 1.000000000000000000, 0.3999999999999999667 ) ) ;
#674 = EDGE_CURVE ( 'NONE', #1392, #513, #1325, .T. ) ;
#675 = CARTESIAN_POINT ( 'NONE',  ( 500000.0000000000582, 0.9600000000000000755, 0.3866666666232984606 ) ) ;
#676 = PLANE ( 'NONE',  #1422 ) ;
#677 = CARTESIAN_POINT ( 'NONE',  ( -0.7599999999999997868, 0.9600000000000000755, 0.3599999999999999867 ) ) ;
#678 = DIRECTION ( 'NONE',  ( 0.000000000000000000, 0.000000000000000000, 1.000000000000000000 ) ) ;
#679 = CYLINDRICAL_SURFACE ( 'NONE', #769, 0.02666666666666664756 ) ;
#680 = CARTESIAN_POINT ( 'NONE',  ( 500000.0000000000582, 0.01333333333333334286, 0.3599999999566318443 ) ) ;
#681 = CARTESIAN_POINT ( 'NONE',  ( -0.7599999999999998979, 0.9600000000000000755, 1.029992063861229336E-16 ) ) ;
#682 = LINE ( 'NONE', #1075, #1180 ) ;
#683 = EDGE_CURVE ( 'NONE', #85, #944, #877, .T. ) ;
#684 = DIRECTION ( 'NONE',  ( 1.000000000000000000, 0.000000000000000000, 2.710505431213761578E-16 ) ) ;
#685 = ORIENTED_EDGE ( 'NONE', *, *, #165, .T. ) ;
#686 = AXIS2_PLACEMENT_3D ( 'NONE', #1136, #1050, #794 ) ;
#687 = FACE_OUTER_BOUND ( 'NONE', #1035, .T. ) ;
#688 = CARTESIAN_POINT ( 'NONE',  ( 0.6000000000199179340, 0.9866666666666666918, -0.3600000001788931092 ) ) ;
#689 = EDGE_LOOP ( 'NONE', ( #509, #538, #357, #1407 ) ) ;
#690 = DIRECTION ( 'NONE',  ( 0.000000000000000000, 0.000000000000000000, 1.000000000000000000 ) ) ;
#691 = CARTESIAN_POINT ( 'NONE',  ( 0.6000000000199179340, 0.9600000000000000755, 0.3866666666666665475 ) ) ;
#692 = CYLINDRICAL_SURFACE ( 'NONE', #522, 0.03999999999999999389 ) ;
#693 = FILL_AREA_STYLE ('',( #614 ) ) ;
#694 = ORIENTED_EDGE ( 'NONE', *, *, #228, .F. ) ;
#695 = DIRECTION ( 'NONE',  ( 1.000000000000000000, -0.000000000000000000, -0.000000000000000000 ) ) ;
#696 = LINE ( 'NONE', #1197, #1213 ) ;
#697 = ORIENTED_EDGE ( 'NONE', *, *, #18, .T. ) ;
#698 = CARTESIAN_POINT ( 'NONE',  ( -0.7599999999999998979, 0.04000000000000000083, -0.3599999999999998757 ) ) ;
#699 = EDGE_CURVE ( 'NONE', #552, #1030, #408, .T. ) ;
#700 = VERTEX_POINT ( 'NONE', #618 ) ;
#701 = AXIS2_PLACEMENT_3D ( 'NONE', #597, #478, #1041 ) ;
#702 = PRESENTATION_STYLE_ASSIGNMENT (( #923 ) ) ;
#703 = ADVANCED_FACE ( 'NONE', ( #1342 ), #1373, .F. ) ;
#704 = AXIS2_PLACEMENT_3D ( 'NONE', #857, #523, #556 ) ;
#705 =( NAMED_UNIT ( * ) PLANE_ANGLE_UNIT ( ) SI_UNIT ( $, .RADIAN. ) );
#706 = DIRECTION ( 'NONE',  ( 0.000000000000000000, 1.000000000000000000, 0.000000000000000000 ) ) ;
#707 = ORIENTED_EDGE ( 'NONE', *, *, #683, .F. ) ;
#708 = VECTOR ( 'NONE', #298, 1000.000000000000000 ) ;
#709 = DIRECTION ( 'NONE',  ( 0.000000000000000000, 0.000000000000000000, 1.000000000000000000 ) ) ;
#710 = DIRECTION ( 'NONE',  ( 0.000000000000000000, 1.000000000000000000, -0.000000000000000000 ) ) ;
#711 = CIRCLE ( 'NONE', #1043, 0.03999999999999999389 ) ;
#712 = CARTESIAN_POINT ( 'NONE',  ( 500000.0000000000582, 0.01333333333333333419, -0.3600000000433680181 ) ) ;
#713 = LINE ( 'NONE', #140, #238 ) ;
#714 = VECTOR ( 'NONE', #441, 1000.000000000000000 ) ;
#715 = DIRECTION ( 'NONE',  ( 0.000000000000000000, 0.000000000000000000, -1.000000000000000000 ) ) ;
#716 = ORIENTED_EDGE ( 'NONE', *, *, #1038, .F. ) ;
#717 = EDGE_CURVE ( 'NONE', #65, #1036, #745, .T. ) ;
#718 = ADVANCED_FACE ( 'NONE', ( #259 ), #720, .T. ) ;
#719 = MECHANICAL_DESIGN_GEOMETRIC_PRESENTATION_REPRESENTATION (  '', ( #563 ), #136 ) ;
#720 = CYLINDRICAL_SURFACE ( 'NONE', #999, 0.03999999999999999389 ) ;
#721 = DIRECTION ( 'NONE',  ( 2.710505431213761578E-16, 0.000000000000000000, -1.000000000000000000 ) ) ;
#722 = CIRCLE ( 'NONE', #990, 0.02666666666666664756 ) ;
#723 = CYLINDRICAL_SURFACE ( 'NONE', #64, 0.03999999999999999389 ) ;
#724 = CIRCLE ( 'NONE', #686, 0.02666666666666669960 ) ;
#725 = VECTOR ( 'NONE', #1294, 1000.000000000000000 ) ;
#726 = AXIS2_PLACEMENT_3D ( 'NONE', #1207, #1104, #1421 ) ;
#727 =( NAMED_UNIT ( * ) PLANE_ANGLE_UNIT ( ) SI_UNIT ( $, .RADIAN. ) );
#728 = CIRCLE ( 'NONE', #1233, 0.03999999999999999389 ) ;
#729 = LINE ( 'NONE', #1140, #243 ) ;
#730 = SURFACE_STYLE_FILL_AREA ( #249 ) ;
#731 = CARTESIAN_POINT ( 'NONE',  ( -0.5999999999999998668, 0.03999999999999999389, 0.3999999999999999667 ) ) ;
#732 =( LENGTH_UNIT ( ) NAMED_UNIT ( * ) SI_UNIT ( .MILLI., .METRE. ) );
#733 =( NAMED_UNIT ( * ) SI_UNIT ( $, .STERADIAN. ) SOLID_ANGLE_UNIT ( ) );
#734 = FACE_OUTER_BOUND ( 'NONE', #557, .T. ) ;
#735 = LINE ( 'NONE', #1100, #714 ) ;
#736 = AXIS2_PLACEMENT_3D ( 'NONE', #957, #1167, #1155 ) ;
#737 = CYLINDRICAL_SURFACE ( 'NONE', #110, 0.03999999999999999389 ) ;
#738 = DIRECTION ( 'NONE',  ( 0.000000000000000000, 1.000000000000000000, 0.000000000000000000 ) ) ;
#739 = COLOUR_RGB ( '',0.7294117647058823151, 0.3568627450980392246, 0.02352941176470588203 ) ;
#740 = DIRECTION ( 'NONE',  ( 1.000000000000000000, 0.000000000000000000, -1.355252715606880789E-16 ) ) ;
#741 = FACE_OUTER_BOUND ( 'NONE', #1057, .T. ) ;
#742 = EDGE_CURVE ( 'NONE', #421, #60, #226, .T. ) ;
#743 = VECTOR ( 'NONE', #529, 1000.000000000000000 ) ;
#744 = FACE_OUTER_BOUND ( 'NONE', #383, .T. ) ;
#745 = LINE ( 'NONE', #285, #264 ) ;
#746 = CARTESIAN_POINT ( 'NONE',  ( 0.6000000000199179340, 0.9599999999999998535, -0.3866666666666666030 ) ) ;
#747 = SPHERICAL_SURFACE ( 'NONE', #100, 0.04000000000000000083 ) ;
#748 = VECTOR ( 'NONE', #201, 1000.000000000000000 ) ;
#749 = FACE_OUTER_BOUND ( 'NONE', #984, .T. ) ;
#750 = FILL_AREA_STYLE_COLOUR ( '', #1252 ) ;
#751 = LINE ( 'NONE', #1168, #273 ) ;
#752 = AXIS2_PLACEMENT_3D ( 'NONE', #681, #1363, #809 ) ;
#753 = COLOUR_RGB ( '',0.7294117647058823151, 0.3568627450980392246, 0.02352941176470588203 ) ;
#754 = CARTESIAN_POINT ( 'NONE',  ( -0.6000000000000000888, 1.000000000000000000, -0.3599999999999998757 ) ) ;
#755 = CYLINDRICAL_SURFACE ( 'NONE', #1159, 0.03999999999999999389 ) ;
#756 = AXIS2_PLACEMENT_3D ( 'NONE', #29, #407, #161 ) ;
#757 = FACE_OUTER_BOUND ( 'NONE', #1051, .T. ) ;
#758 = DIRECTION ( 'NONE',  ( -1.000000000000000000, 0.000000000000000000, 0.000000000000000000 ) ) ;
#759 = CARTESIAN_POINT ( 'NONE',  ( 0.6000000000199179340, 0.9866666666666666918, 0.3599999999999998757 ) ) ;
#760 = FACE_OUTER_BOUND ( 'NONE', #585, .T. ) ;
#761 = FACE_OUTER_BOUND ( 'NONE', #619, .T. ) ;
#762 = UNCERTAINTY_MEASURE_WITH_UNIT (LENGTH_MEASURE( 1.000000000000000082E-05 ), #26, 'distance_accuracy_value', 'NONE');
#763 = AXIS2_PLACEMENT_3D ( 'NONE', #152, #350, #340 ) ;
#764 = VECTOR ( 'NONE', #106, 1000.000000000000000 ) ;
#765 = EDGE_CURVE ( 'NONE', #891, #1027, #1210, .T. ) ;
#766 = DIRECTION ( 'NONE',  ( 1.355252715606880789E-16, 0.000000000000000000, -1.000000000000000000 ) ) ;
#767 = SURFACE_STYLE_FILL_AREA ( #994 ) ;
#768 = LINE ( 'NONE', #536, #789 ) ;
#769 = AXIS2_PLACEMENT_3D ( 'NONE', #616, #150, #59 ) ;
#770 = DIRECTION ( 'NONE',  ( 0.000000000000000000, 0.000000000000000000, -1.000000000000000000 ) ) ;
#771 = ADVANCED_FACE ( 'NONE', ( #208 ), #723, .T. ) ;
#772 = FILL_AREA_STYLE_COLOUR ( '', #793 ) ;
#773 = SURFACE_SIDE_STYLE ('',( #813 ) ) ;
#774 = DIRECTION ( 'NONE',  ( -2.710505431213761578E-16, 0.000000000000000000, 1.000000000000000000 ) ) ;
#775 = PRESENTATION_STYLE_ASSIGNMENT (( #1066 ) ) ;
#776 = LINE ( 'NONE', #1248, #239 ) ;
#777 = DIRECTION ( 'NONE',  ( -1.000000000000000000, -0.000000000000000000, -0.000000000000000000 ) ) ;
#778 = DIRECTION ( 'NONE',  ( 2.710505431213761479E-15, -1.000000000000000000, 0.000000000000000000 ) ) ;
#779 = LINE ( 'NONE', #1161, #782 ) ;
#780 = CARTESIAN_POINT ( 'NONE',  ( 0.000000000000000000, 0.000000000000000000, 0.3599999999999999867 ) ) ;
#781 = FACE_OUTER_BOUND ( 'NONE', #489, .T. ) ;
#782 = VECTOR ( 'NONE', #1272, 1000.000000000000000 ) ;
#783 = VECTOR ( 'NONE', #623, 1000.000000000000000 ) ;
#784 = FILL_AREA_STYLE ('',( #124 ) ) ;
#785 = CARTESIAN_POINT ( 'NONE',  ( -0.5999999999999998668, 0.9600000000000000755, 0.3599999999999999867 ) ) ;
#786 = EDGE_CURVE ( 'NONE', #492, #1191, #696, .T. ) ;
#787 = VECTOR ( 'NONE', #434, 1000.000000000000000 ) ;
#788 = DIRECTION ( 'NONE',  ( 0.000000000000000000, 1.000000000000000000, 0.000000000000000000 ) ) ;
#789 = VECTOR ( 'NONE', #937, 1000.000000000000000 ) ;
#790 = PRESENTATION_STYLE_ASSIGNMENT (( #1001 ) ) ;
#791 = DIRECTION ( 'NONE',  ( -1.355252715606880789E-16, 0.000000000000000000, 1.000000000000000000 ) ) ;
#792 = AXIS2_PLACEMENT_3D ( 'NONE', #63, #1102, #1296 ) ;
#793 = COLOUR_RGB ( '',0.7294117647058823151, 0.3568627450980392246, 0.02352941176470588203 ) ;
#794 = DIRECTION ( 'NONE',  ( 0.000000000000000000, 0.000000000000000000, -1.000000000000000000 ) ) ;
#795 = DIRECTION ( 'NONE',  ( 0.000000000000000000, 0.000000000000000000, 1.000000000000000000 ) ) ;
#796 =( GEOMETRIC_REPRESENTATION_CONTEXT ( 3 ) GLOBAL_UNCERTAINTY_ASSIGNED_CONTEXT ( ( #1099 ) ) GLOBAL_UNIT_ASSIGNED_CONTEXT ( ( #215, #1263, #864 ) ) REPRESENTATION_CONTEXT ( 'NONE', 'WORKASPACE' ) );
#797 = CYLINDRICAL_SURFACE ( 'NONE', #664, 0.02666666666666664756 ) ;
#798 = PRESENTATION_STYLE_ASSIGNMENT (( #417 ) ) ;
#799 = CIRCLE ( 'NONE', #155, 0.03999999999999999389 ) ;
#800 = UNCERTAINTY_MEASURE_WITH_UNIT (LENGTH_MEASURE( 1.000000000000000082E-05 ), #900, 'distance_accuracy_value', 'NONE');
#801 = VERTEX_POINT ( 'NONE', #535 ) ;
#802 = EDGE_CURVE ( 'NONE', #37, #448, #236, .T. ) ;
#803 = ORIENTED_EDGE ( 'NONE', *, *, #765, .T. ) ;
#804 = VECTOR ( 'NONE', #988, 1000.000000000000000 ) ;
#805 = DIRECTION ( 'NONE',  ( 0.000000000000000000, 0.000000000000000000, 1.000000000000000000 ) ) ;
#806 = LINE ( 'NONE', #968, #343 ) ;
#807 = AXIS2_PLACEMENT_3D ( 'NONE', #204, #1236, #342 ) ;
#808 = ORIENTED_EDGE ( 'NONE', *, *, #647, .T. ) ;
#809 = DIRECTION ( 'NONE',  ( -1.000000000000000000, 0.000000000000000000, 1.355252715606879063E-16 ) ) ;
#810 = ORIENTED_EDGE ( 'NONE', *, *, #1151, .F. ) ;
#811 = MECHANICAL_DESIGN_GEOMETRIC_PRESENTATION_REPRESENTATION (  '', ( #532 ), #1364 ) ;
#812 = ORIENTED_EDGE ( 'NONE', *, *, #227, .T. ) ;
#813 = SURFACE_STYLE_FILL_AREA ( #309 ) ;
#814 = CARTESIAN_POINT ( 'NONE',  ( 0.7599999999999997868, 0.04000000000000000083, 0.3599999999999999867 ) ) ;
#815 = CIRCLE ( 'NONE', #515, 0.03999999999999999389 ) ;
#816 =( GEOMETRIC_REPRESENTATION_CONTEXT ( 3 ) GLOBAL_UNCERTAINTY_ASSIGNED_CONTEXT ( ( #252 ) ) GLOBAL_UNIT_ASSIGNED_CONTEXT ( ( #1115, #75, #733 ) ) REPRESENTATION_CONTEXT ( 'NONE', 'WORKASPACE' ) );
#817 = MECHANICAL_DESIGN_GEOMETRIC_PRESENTATION_REPRESENTATION (  '', ( #654 ), #1327 ) ;
#818 = PRESENTATION_STYLE_ASSIGNMENT (( #269 ) ) ;
#819 = DIRECTION ( 'NONE',  ( 0.000000000000000000, 1.000000000000000000, 0.000000000000000000 ) ) ;
#820 = SURFACE_STYLE_FILL_AREA ( #1028 ) ;
#821 = CARTESIAN_POINT ( 'NONE',  ( -0.5999999999999998668, 1.000000000000000000, 0.3599999999999999867 ) ) ;
#822 = PRESENTATION_STYLE_ASSIGNMENT (( #496 ) ) ;
#823 = ORIENTED_EDGE ( 'NONE', *, *, #280, .F. ) ;
#824 = EDGE_CURVE ( 'NONE', #926, #1356, #735, .T. ) ;
#825 = VECTOR ( 'NONE', #1384, 1000.000000000000000 ) ;
#826 = VECTOR ( 'NONE', #122, 1000.000000000000000 ) ;
#827 = ORIENTED_EDGE ( 'NONE', *, *, #674, .T. ) ;
#828 = DIRECTION ( 'NONE',  ( 1.000000000000000000, 0.000000000000000000, 0.000000000000000000 ) ) ;
#829 = VECTOR ( 'NONE', #929, 1000.000000000000000 ) ;
#830 = EDGE_LOOP ( 'NONE', ( #540, #1179, #46, #542 ) ) ;
#831 = ADVANCED_FACE ( 'NONE', ( #205 ), #656, .F. ) ;
#832 = LINE ( 'NONE', #33, #353 ) ;
#833 = DIRECTION ( 'NONE',  ( 0.000000000000000000, 0.000000000000000000, 1.000000000000000000 ) ) ;
#834 = ORIENTED_EDGE ( 'NONE', *, *, #1106, .F. ) ;
#835 = LINE ( 'NONE', #484, #1269 ) ;
#836 = SURFACE_SIDE_STYLE ('',( #256 ) ) ;
#837 = CARTESIAN_POINT ( 'NONE',  ( 0.6000000000000000888, 1.000000000000000000, -0.3599999999999998757 ) ) ;
#838 = LINE ( 'NONE', #17, #1289 ) ;
#839 = FILL_AREA_STYLE ('',( #946 ) ) ;
#840 = FACE_OUTER_BOUND ( 'NONE', #1042, .T. ) ;
#841 = DIRECTION ( 'NONE',  ( 0.000000000000000000, 0.000000000000000000, 1.000000000000000000 ) ) ;
#842 = ORIENTED_EDGE ( 'NONE', *, *, #445, .T. ) ;
#843 = EDGE_CURVE ( 'NONE', #891, #534, #212, .T. ) ;
#844 = ORIENTED_EDGE ( 'NONE', *, *, #191, .T. ) ;
#845 = ADVANCED_FACE ( 'NONE', ( #1222 ), #636, .F. ) ;
#846 = LINE ( 'NONE', #1423, #323 ) ;
#847 = CARTESIAN_POINT ( 'NONE',  ( 0.5999999999999998668, 0.9600000000000000755, 0.3599999999999999867 ) ) ;
#848 = DIRECTION ( 'NONE',  ( 0.000000000000000000, 0.000000000000000000, 1.000000000000000000 ) ) ;
#849 = CIRCLE ( 'NONE', #1092, 0.03999999999999999389 ) ;
#850 = ORIENTED_EDGE ( 'NONE', *, *, #302, .F. ) ;
#851 = FACE_OUTER_BOUND ( 'NONE', #88, .T. ) ;
#852 = CARTESIAN_POINT ( 'NONE',  ( -0.7599999999999998979, 0.000000000000000000, 1.029992063861229336E-16 ) ) ;
#853 = LINE ( 'NONE', #1331, #826 ) ;
#854 = ORIENTED_EDGE ( 'NONE', *, *, #317, .T. ) ;
#855 = DIRECTION ( 'NONE',  ( -1.000000000000000000, 0.000000000000000000, 0.000000000000000000 ) ) ;
#856 = CIRCLE ( 'NONE', #917, 0.03999999999999999389 ) ;
#857 = CARTESIAN_POINT ( 'NONE',  ( 0.6000000000000000888, 1.000000000000000000, -0.3999999999999998557 ) ) ;
#858 = VECTOR ( 'NONE', #1377, 1000.000000000000000 ) ;
#859 = AXIS2_PLACEMENT_3D ( 'NONE', #974, #1176, #80 ) ;
#860 = ORIENTED_EDGE ( 'NONE', *, *, #119, .F. ) ;
#861 = FACE_OUTER_BOUND ( 'NONE', #457, .T. ) ;
#862 = FACE_OUTER_BOUND ( 'NONE', #44, .T. ) ;
#863 = CARTESIAN_POINT ( 'NONE',  ( -0.7999999999999998224, 0.03999999999999999389, 0.3599999999999999867 ) ) ;
#864 =( NAMED_UNIT ( * ) SI_UNIT ( $, .STERADIAN. ) SOLID_ANGLE_UNIT ( ) );
#865 = LINE ( 'NONE', #1409, #396 ) ;
#866 = FACE_OUTER_BOUND ( 'NONE', #901, .T. ) ;
#867 = FACE_OUTER_BOUND ( 'NONE', #301, .T. ) ;
#868 = DIRECTION ( 'NONE',  ( -1.000000000000000000, -0.000000000000000000, 8.673617379884036705E-17 ) ) ;
#869 = VECTOR ( 'NONE', #805, 1000.000000000000000 ) ;
#870 = ORIENTED_EDGE ( 'NONE', *, *, #1259, .F. ) ;
#871 = EDGE_CURVE ( 'NONE', #513, #37, #768, .T. ) ;
#872 = CARTESIAN_POINT ( 'NONE',  ( -0.7599999999999998979, 0.000000000000000000, -0.3599999999999998757 ) ) ;
#873 = CARTESIAN_POINT ( 'NONE',  ( 0.6000000000000000888, 0.9600000000000000755, -0.3999999999999998557 ) ) ;
#874 = EDGE_LOOP ( 'NONE', ( #1094, #520, #455, #626 ) ) ;
#875 = EDGE_CURVE ( 'NONE', #552, #909, #776, .T. ) ;
#876 = CIRCLE ( 'NONE', #374, 0.03999999999999999389 ) ;
#877 = LINE ( 'NONE', #394, #869 ) ;
#878 = CARTESIAN_POINT ( 'NONE',  ( 0.7599999999999997868, 0.000000000000000000, 0.3599999999999999867 ) ) ;
#879 = CYLINDRICAL_SURFACE ( 'NONE', #649, 0.03999999999999999389 ) ;
#880 = SPHERICAL_SURFACE ( 'NONE', #162, 0.04000000000000000083 ) ;
#881 = DIRECTION ( 'NONE',  ( -1.000000000000000000, -0.000000000000000000, -0.000000000000000000 ) ) ;
#882 = PRESENTATION_STYLE_ASSIGNMENT (( #1239 ) ) ;
#883 = VERTEX_POINT ( 'NONE', #958 ) ;
#884 = LINE ( 'NONE', #624, #1341 ) ;
#885 = CARTESIAN_POINT ( 'NONE',  ( 0.000000000000000000, 0.9600000000000000755, 0.3599999999999999867 ) ) ;
#886 = ORIENTED_EDGE ( 'NONE', *, *, #470, .T. ) ;
#887 =( GEOMETRIC_REPRESENTATION_CONTEXT ( 3 ) GLOBAL_UNCERTAINTY_ASSIGNED_CONTEXT ( ( #991 ) ) GLOBAL_UNIT_ASSIGNED_CONTEXT ( ( #895, #1408, #447 ) ) REPRESENTATION_CONTEXT ( 'NONE', 'WORKASPACE' ) );
#888 = CARTESIAN_POINT ( 'NONE',  ( 0.6000000000000000888, 1.000000000000000000, -0.3999999999999998557 ) ) ;
#889 = ORIENTED_EDGE ( 'NONE', *, *, #1044, .T. ) ;
#890 = CARTESIAN_POINT ( 'NONE',  ( 0.6000000000000000888, 0.03999999999999999389, -0.3999999999999998557 ) ) ;
#891 = VERTEX_POINT ( 'NONE', #1055 ) ;
#892 = UNCERTAINTY_MEASURE_WITH_UNIT (LENGTH_MEASURE( 1.000000000000000082E-05 ), #219, 'distance_accuracy_value', 'NONE');
#893 = EDGE_CURVE ( 'NONE', #498, #1058, #257, .T. ) ;
#894 = ORIENTED_EDGE ( 'NONE', *, *, #954, .F. ) ;
#895 =( LENGTH_UNIT ( ) NAMED_UNIT ( * ) SI_UNIT ( .MILLI., .METRE. ) );
#896 = ORIENTED_EDGE ( 'NONE', *, *, #497, .T. ) ;
#897 = ORIENTED_EDGE ( 'NONE', *, *, #1151, .T. ) ;
#898 = DIRECTION ( 'NONE',  ( -0.000000000000000000, -1.000000000000000000, -0.000000000000000000 ) ) ;
#899 =( GEOMETRIC_REPRESENTATION_CONTEXT ( 3 ) GLOBAL_UNCERTAINTY_ASSIGNED_CONTEXT ( ( #47 ) ) GLOBAL_UNIT_ASSIGNED_CONTEXT ( ( #330, #1190, #94 ) ) REPRESENTATION_CONTEXT ( 'NONE', 'WORKASPACE' ) );
#900 =( LENGTH_UNIT ( ) NAMED_UNIT ( * ) SI_UNIT ( .MILLI., .METRE. ) );
#901 = EDGE_LOOP ( 'NONE', ( #91, #601, #391, #439 ) ) ;
#902 =( GEOMETRIC_REPRESENTATION_CONTEXT ( 3 ) GLOBAL_UNCERTAINTY_ASSIGNED_CONTEXT ( ( #892 ) ) GLOBAL_UNIT_ASSIGNED_CONTEXT ( ( #219, #1037, #1231 ) ) REPRESENTATION_CONTEXT ( 'NONE', 'WORKASPACE' ) );
#903 = ADVANCED_FACE ( 'NONE', ( #741 ), #1246, .T. ) ;
#904 = ORIENTED_EDGE ( 'NONE', *, *, #191, .F. ) ;
#905 = EDGE_CURVE ( 'NONE', #498, #409, #1228, .T. ) ;
#906 = DIRECTION ( 'NONE',  ( 0.000000000000000000, 0.000000000000000000, -1.000000000000000000 ) ) ;
#907 = EDGE_LOOP ( 'NONE', ( #716, #972, #844, #1071 ) ) ;
#908 = STYLED_ITEM ( 'NONE', ( #702 ), #58 ) ;
#909 = VERTEX_POINT ( 'NONE', #975 ) ;
#910 = CARTESIAN_POINT ( 'NONE',  ( 0.6000000000000000888, 1.000000000000000000, -0.3999999999999998557 ) ) ;
#911 = CARTESIAN_POINT ( 'NONE',  ( 0.7599999999999997868, 0.9600000000000000755, 0.3599999999999999867 ) ) ;
#912 = ADVANCED_FACE ( 'NONE', ( #744 ), #1230, .T. ) ;
#913 = SURFACE_SIDE_STYLE ('',( #1238 ) ) ;
#914 = EDGE_CURVE ( 'NONE', #498, #79, #254, .T. ) ;
#915 = DIRECTION ( 'NONE',  ( 0.000000000000000000, -1.000000000000000000, 0.000000000000000000 ) ) ;
#916 =( NAMED_UNIT ( * ) SI_UNIT ( $, .STERADIAN. ) SOLID_ANGLE_UNIT ( ) );
#917 = AXIS2_PLACEMENT_3D ( 'NONE', #163, #1107, #446 ) ;
#918 = DIRECTION ( 'NONE',  ( -8.673617379884036705E-17, 0.000000000000000000, -1.000000000000000000 ) ) ;
#919 = DIRECTION ( 'NONE',  ( 0.000000000000000000, 0.000000000000000000, -1.000000000000000000 ) ) ;
#920 = VECTOR ( 'NONE', #453, 1000.000000000000000 ) ;
#921 = CARTESIAN_POINT ( 'NONE',  ( 0.7599999999999998979, 1.000000000000000000, 0.3599999999999999867 ) ) ;
#922 = AXIS2_PLACEMENT_3D ( 'NONE', #148, #1150, #479 ) ;
#923 = SURFACE_STYLE_USAGE ( .BOTH. , #480 ) ;
#924 = EDGE_LOOP ( 'NONE', ( #427, #697, #808, #575 ) ) ;
#925 = AXIS2_PLACEMENT_3D ( 'NONE', #1303, #190, #313 ) ;
#926 = VERTEX_POINT ( 'NONE', #1081 ) ;
#927 = VECTOR ( 'NONE', #791, 1000.000000000000000 ) ;
#928 = CLOSED_SHELL ( 'NONE', ( #1389, #133, #533, #1118, #1145, #1216, #771, #1376, #278, #672, #528, #1374, #980, #1162, #1390, #1152, #955, #567 ) ) ;
#929 = DIRECTION ( 'NONE',  ( -1.000000000000000000, -0.000000000000000000, 8.673617379884036705E-17 ) ) ;
#930 = EDGE_LOOP ( 'NONE', ( #896, #1404, #993 ) ) ;
#931 = DIRECTION ( 'NONE',  ( 0.000000000000000000, -1.000000000000000000, 0.000000000000000000 ) ) ;
#932 = ORIENTED_EDGE ( 'NONE', *, *, #1059, .F. ) ;
#933 = EDGE_CURVE ( 'NONE', #580, #207, #751, .T. ) ;
#934 = VERTEX_POINT ( 'NONE', #1178 ) ;
#935 = CARTESIAN_POINT ( 'NONE',  ( -0.7599999999999997868, 0.9600000000000000755, 0.3599999999999999867 ) ) ;
#936 = VECTOR ( 'NONE', #1329, 1000.000000000000000 ) ;
#937 = DIRECTION ( 'NONE',  ( 1.000000000000000000, 0.000000000000000000, 0.000000000000000000 ) ) ;
#938 = EDGE_CURVE ( 'NONE', #409, #207, #277, .T. ) ;
#939 = APPLICATION_CONTEXT ( 'automotive_design' ) ;
#940 = ORIENTED_EDGE ( 'NONE', *, *, #406, .F. ) ;
#941 = SPHERICAL_SURFACE ( 'NONE', #726, 0.04000000000000000083 ) ;
#942 = AXIS2_PLACEMENT_3D ( 'NONE', #965, #868, #841 ) ;
#943 = FACE_OUTER_BOUND ( 'NONE', #1343, .T. ) ;
#944 = VERTEX_POINT ( 'NONE', #174 ) ;
#945 = PRESENTATION_LAYER_ASSIGNMENT (  '', '', ( #1089 ) ) ;
#946 = FILL_AREA_STYLE_COLOUR ( '', #1346 ) ;
#947 = LINE ( 'NONE', #326, #920 ) ;
#948 = DIRECTION ( 'NONE',  ( 0.000000000000000000, 0.000000000000000000, 1.000000000000000000 ) ) ;
#949 = ORIENTED_EDGE ( 'NONE', *, *, #938, .F. ) ;
#950 = CIRCLE ( 'NONE', #1088, 0.03999999999999999389 ) ;
#951 = DIRECTION ( 'NONE',  ( -1.000000000000000000, 0.000000000000000000, 0.000000000000000000 ) ) ;
#952 = ORIENTED_EDGE ( 'NONE', *, *, #497, .F. ) ;
#953 = FILL_AREA_STYLE ('',( #633 ) ) ;
#954 = EDGE_CURVE ( 'NONE', #1030, #386, #303, .T. ) ;
#955 = ADVANCED_FACE ( 'NONE', ( #1290 ), #363, .T. ) ;
#956 = CARTESIAN_POINT ( 'NONE',  ( -0.7599999999999998979, 0.9600000000000000755, -0.3999999999999998557 ) ) ;
#957 = CARTESIAN_POINT ( 'NONE',  ( 500000.0000000000582, 0.03999999999999999389, -0.3866666667100346344 ) ) ;
#958 = CARTESIAN_POINT ( 'NONE',  ( 0.6000000000199179340, 0.04000000000000021594, 0.3866666666666664920 ) ) ;
#959 = DIRECTION ( 'NONE',  ( 0.000000000000000000, 0.000000000000000000, 1.000000000000000000 ) ) ;
#960 = FACE_OUTER_BOUND ( 'NONE', #1039, .T. ) ;
#961 = DIRECTION ( 'NONE',  ( 1.000000000000000000, 0.000000000000000000, 2.710505431213761578E-16 ) ) ;
#962 = CIRCLE ( 'NONE', #1018, 0.02666666666666664756 ) ;
#963 = FACE_OUTER_BOUND ( 'NONE', #1060, .T. ) ;
#964 = ADVANCED_FACE ( 'NONE', ( #840 ), #1333, .F. ) ;
#965 = CARTESIAN_POINT ( 'NONE',  ( 500000.0000000000582, 0.03999999999999999389, 0.3599999999566318443 ) ) ;
#966 = ADVANCED_FACE ( 'NONE', ( #1266 ), #1132, .F. ) ;
#967 = MECHANICAL_DESIGN_GEOMETRIC_PRESENTATION_REPRESENTATION (  '', ( #103 ), #902 ) ;
#968 = CARTESIAN_POINT ( 'NONE',  ( -0.7999999999999999334, 0.03999999999999999389, -0.3999999999999998557 ) ) ;
#969 = EDGE_CURVE ( 'NONE', #1400, #1, #835, .T. ) ;
#970 = SURFACE_STYLE_USAGE ( .BOTH. , #836 ) ;
#971 = CYLINDRICAL_SURFACE ( 'NONE', #629, 0.03999999999999999389 ) ;
#972 = ORIENTED_EDGE ( 'NONE', *, *, #543, .T. ) ;
#973 = ORIENTED_EDGE ( 'NONE', *, *, #1370, .F. ) ;
#974 = CARTESIAN_POINT ( 'NONE',  ( 0.000000000000000000, 0.000000000000000000, 0.000000000000000000 ) ) ;
#975 = CARTESIAN_POINT ( 'NONE',  ( -0.5999999999999999778, 0.9599999999999998535, -0.3866666666666664920 ) ) ;
#976 = ORIENTED_EDGE ( 'NONE', *, *, #211, .T. ) ;
#977 = CARTESIAN_POINT ( 'NONE',  ( -0.5999999999999999778, 0.04000000000000021594, 0.3866666666666666030 ) ) ;
#978 = CARTESIAN_POINT ( 'NONE',  ( 0.6000000000199179340, 0.9600000000000000755, 0.3866666666666664920 ) ) ;
#979 = PLANE ( 'NONE',  #632 ) ;
#980 = ADVANCED_FACE ( 'NONE', ( #1302 ), #338, .T. ) ;
#981 = ORIENTED_EDGE ( 'NONE', *, *, #73, .F. ) ;
#982 = ORIENTED_EDGE ( 'NONE', *, *, #1062, .F. ) ;
#983 = CARTESIAN_POINT ( 'NONE',  ( -0.5999999999999999778, 0.01333333333333333419, -0.3599999999999998757 ) ) ;
#984 = EDGE_LOOP ( 'NONE', ( #894, #316, #412, #823 ) ) ;
#985 = DIRECTION ( 'NONE',  ( -1.000000000000000000, 0.000000000000000000, 0.000000000000000000 ) ) ;
#986 = ORIENTED_EDGE ( 'NONE', *, *, #742, .F. ) ;
#987 = EDGE_CURVE ( 'NONE', #801, #1058, #832, .T. ) ;
#988 = DIRECTION ( 'NONE',  ( 2.710505431213761578E-16, -0.000000000000000000, -1.000000000000000000 ) ) ;
#989 = ORIENTED_EDGE ( 'NONE', *, *, #1291, .T. ) ;
#990 = AXIS2_PLACEMENT_3D ( 'NONE', #15, #684, #240 ) ;
#991 = UNCERTAINTY_MEASURE_WITH_UNIT (LENGTH_MEASURE( 1.000000000000000082E-05 ), #895, 'distance_accuracy_value', 'NONE');
#992 = UNCERTAINTY_MEASURE_WITH_UNIT (LENGTH_MEASURE( 1.000000000000000082E-05 ), #1110, 'distance_accuracy_value', 'NONE');
#993 = ORIENTED_EDGE ( 'NONE', *, *, #1385, .F. ) ;
#994 = FILL_AREA_STYLE ('',( #750 ) ) ;
#995 = COLOUR_RGB ( '',0.7921568627450980005, 0.8196078431372548767, 0.9333333333333333481 ) ;
#996 = ORIENTED_EDGE ( 'NONE', *, *, #987, .F. ) ;
#997 = DIRECTION ( 'NONE',  ( -1.000000000000000000, 0.000000000000000000, 0.000000000000000000 ) ) ;
#998 = ORIENTED_EDGE ( 'NONE', *, *, #1137, .F. ) ;
#999 = AXIS2_PLACEMENT_3D ( 'NONE', #602, #997, #770 ) ;
#1000 = CARTESIAN_POINT ( 'NONE',  ( 0.6000000000000000888, 0.03999999999999999389, -0.3599999999999998757 ) ) ;
#1001 = SURFACE_STYLE_USAGE ( .BOTH. , #1200 ) ;
#1002 = VERTEX_POINT ( 'NONE', #691 ) ;
#1003 = CLOSED_SHELL ( 'NONE', ( #611, #703, #1073, #58, #627, #903, #964, #294, #164, #1253 ) ) ;
#1004 = CARTESIAN_POINT ( 'NONE',  ( -0.7999999999999999334, 1.000000000000000000, -0.3999999999999998557 ) ) ;
#1005 = DIRECTION ( 'NONE',  ( 0.000000000000000000, 0.000000000000000000, 1.000000000000000000 ) ) ;
#1006 = VERTEX_POINT ( 'NONE', #821 ) ;
#1007 = DIRECTION ( 'NONE',  ( -2.710505431213761479E-15, 0.000000000000000000, 1.000000000000000000 ) ) ;
#1008 = EDGE_CURVE ( 'NONE', #883, #1036, #319, .T. ) ;
#1009 = ORIENTED_EDGE ( 'NONE', *, *, #1031, .T. ) ;
#1010 =( NAMED_UNIT ( * ) PLANE_ANGLE_UNIT ( ) SI_UNIT ( $, .RADIAN. ) );
#1011 = DIRECTION ( 'NONE',  ( 0.000000000000000000, -1.000000000000000000, 0.000000000000000000 ) ) ;
#1012 = VERTEX_POINT ( 'NONE', #1415 ) ;
#1013 = ORIENTED_EDGE ( 'NONE', *, *, #3, .T. ) ;
#1014 = CARTESIAN_POINT ( 'NONE',  ( 0.000000000000000000, 1.000000000000000000, 0.000000000000000000 ) ) ;
#1015 =( GEOMETRIC_REPRESENTATION_CONTEXT ( 3 ) GLOBAL_UNCERTAINTY_ASSIGNED_CONTEXT ( ( #1183 ) ) GLOBAL_UNIT_ASSIGNED_CONTEXT ( ( #1138, #727, #521 ) ) REPRESENTATION_CONTEXT ( 'NONE', 'WORKASPACE' ) );
#1016 = ORIENTED_EDGE ( 'NONE', *, *, #485, .F. ) ;
#1017 = PLANE ( 'NONE',  #1148 ) ;
#1018 = AXIS2_PLACEMENT_3D ( 'NONE', #220, #1344, #906 ) ;
#1019 = MECHANICAL_DESIGN_GEOMETRIC_PRESENTATION_REPRESENTATION (  '', ( #1089 ), #899 ) ;
#1020 = VERTEX_POINT ( 'NONE', #731 ) ;
#1021 = DIRECTION ( 'NONE',  ( 0.000000000000000000, 0.000000000000000000, 1.000000000000000000 ) ) ;
#1022 = SURFACE_STYLE_USAGE ( .BOTH. , #467 ) ;
#1023 =( NAMED_UNIT ( * ) SI_UNIT ( $, .STERADIAN. ) SOLID_ANGLE_UNIT ( ) );
#1024 = DIRECTION ( 'NONE',  ( 1.000000000000000000, -0.000000000000000000, -2.710505431213761578E-16 ) ) ;
#1025 =( GEOMETRIC_REPRESENTATION_CONTEXT ( 3 ) GLOBAL_UNCERTAINTY_ASSIGNED_CONTEXT ( ( #362 ) ) GLOBAL_UNIT_ASSIGNED_CONTEXT ( ( #397, #234, #1351 ) ) REPRESENTATION_CONTEXT ( 'NONE', 'WORKASPACE' ) );
#1026 = ORIENTED_EDGE ( 'NONE', *, *, #765, .F. ) ;
#1027 = VERTEX_POINT ( 'NONE', #92 ) ;
#1028 = FILL_AREA_STYLE ('',( #772 ) ) ;
#1029 = DIRECTION ( 'NONE',  ( -1.000000000000000000, 0.000000000000000000, 0.000000000000000000 ) ) ;
#1030 = VERTEX_POINT ( 'NONE', #1101 ) ;
#1031 = EDGE_CURVE ( 'NONE', #1326, #516, #806, .T. ) ;
#1032 = SURFACE_STYLE_USAGE ( .BOTH. , #913 ) ;
#1033 = ORIENTED_EDGE ( 'NONE', *, *, #1357, .T. ) ;
#1034 = CARTESIAN_POINT ( 'NONE',  ( 0.7599999999999998979, 0.9600000000000000755, -0.3999999999999998557 ) ) ;
#1035 = EDGE_LOOP ( 'NONE', ( #598, #1340, #897, #1070 ) ) ;
#1036 = VERTEX_POINT ( 'NONE', #977 ) ;
#1037 =( NAMED_UNIT ( * ) PLANE_ANGLE_UNIT ( ) SI_UNIT ( $, .RADIAN. ) );
#1038 = EDGE_CURVE ( 'NONE', #934, #494, #799, .T. ) ;
#1039 = EDGE_LOOP ( 'NONE', ( #1173, #368, #505, #488 ) ) ;
#1040 = EDGE_LOOP ( 'NONE', ( #123, #473, #631 ) ) ;
#1041 = DIRECTION ( 'NONE',  ( 0.000000000000000000, 0.000000000000000000, -1.000000000000000000 ) ) ;
#1042 = EDGE_LOOP ( 'NONE', ( #1281, #341, #444, #572 ) ) ;
#1043 = AXIS2_PLACEMENT_3D ( 'NONE', #1429, #454, #1196 ) ;
#1044 = EDGE_CURVE ( 'NONE', #1191, #499, #1298, .T. ) ;
#1045 = ORIENTED_EDGE ( 'NONE', *, *, #3, .F. ) ;
#1046 = SURFACE_SIDE_STYLE ('',( #404 ) ) ;
#1047 = AXIS2_PLACEMENT_3D ( 'NONE', #514, #1371, #709 ) ;
#1048 = ORIENTED_EDGE ( 'NONE', *, *, #987, .T. ) ;
#1049 = EDGE_LOOP ( 'NONE', ( #460, #102, #14, #129 ) ) ;
#1050 = DIRECTION ( 'NONE',  ( 1.000000000000000000, 0.000000000000000000, -8.673617379884036705E-17 ) ) ;
#1051 = EDGE_LOOP ( 'NONE', ( #1416, #1087, #16 ) ) ;
#1052 = DIRECTION ( 'NONE',  ( -1.000000000000000000, 0.000000000000000000, 0.000000000000000000 ) ) ;
#1053 = EDGE_LOOP ( 'NONE', ( #1177, #361, #803, #1123 ) ) ;
#1054 = DIRECTION ( 'NONE',  ( 0.000000000000000000, 0.000000000000000000, -1.000000000000000000 ) ) ;
#1055 = CARTESIAN_POINT ( 'NONE',  ( 0.5999999999999998668, 0.000000000000000000, 0.3599999999999999867 ) ) ;
#1056 = ORIENTED_EDGE ( 'NONE', *, *, #1211, .F. ) ;
#1057 = EDGE_LOOP ( 'NONE', ( #78, #1321, #559, #555 ) ) ;
#1058 = VERTEX_POINT ( 'NONE', #643 ) ;
#1059 = EDGE_CURVE ( 'NONE', #580, #498, #846, .T. ) ;
#1060 = EDGE_LOOP ( 'NONE', ( #1078, #996, #603, #973 ) ) ;
#1061 = CARTESIAN_POINT ( 'NONE',  ( -0.7599999999999997868, 0.03999999999999999389, 0.3599999999999999867 ) ) ;
#1062 = EDGE_CURVE ( 'NONE', #1064, #891, #815, .T. ) ;
#1063 = VERTEX_POINT ( 'NONE', #577 ) ;
#1064 = VERTEX_POINT ( 'NONE', #203 ) ;
#1065 =( LENGTH_UNIT ( ) NAMED_UNIT ( * ) SI_UNIT ( .MILLI., .METRE. ) );
#1066 = SURFACE_STYLE_USAGE ( .BOTH. , #279 ) ;
#1067 = VERTEX_POINT ( 'NONE', #657 ) ;
#1068 = CARTESIAN_POINT ( 'NONE',  ( -0.7999999999999998224, 0.03999999999999999389, 0.3599999999999999867 ) ) ;
#1069 = PRESENTATION_LAYER_ASSIGNMENT (  '', '', ( #654 ) ) ;
#1070 = ORIENTED_EDGE ( 'NONE', *, *, #18, .F. ) ;
#1071 = ORIENTED_EDGE ( 'NONE', *, *, #1130, .T. ) ;
#1072 = DIRECTION ( 'NONE',  ( 0.000000000000000000, -1.000000000000000000, 0.000000000000000000 ) ) ;
#1073 = ADVANCED_FACE ( 'NONE', ( #335 ), #144, .F. ) ;
#1074 = DIRECTION ( 'NONE',  ( 0.000000000000000000, 0.000000000000000000, 1.000000000000000000 ) ) ;
#1075 = CARTESIAN_POINT ( 'NONE',  ( -0.6000000000000000888, 1.000000000000000000, -0.3999999999999998557 ) ) ;
#1076 = CARTESIAN_POINT ( 'NONE',  ( 0.7999999999999999334, 0.03999999999999999389, -0.3599999999999998757 ) ) ;
#1077 = EDGE_CURVE ( 'NONE', #207, #1326, #1330, .T. ) ;
#1078 = ORIENTED_EDGE ( 'NONE', *, *, #1095, .F. ) ;
#1079 = CARTESIAN_POINT ( 'NONE',  ( -0.7599999999999998979, 1.000000000000000000, 0.3599999999999999867 ) ) ;
#1080 = ORIENTED_EDGE ( 'NONE', *, *, #786, .F. ) ;
#1081 = CARTESIAN_POINT ( 'NONE',  ( -0.5999999999999999778, 0.01333333333333334286, 0.3599999999999999867 ) ) ;
#1082 = DIRECTION ( 'NONE',  ( -1.000000000000000000, 0.000000000000000000, 0.000000000000000000 ) ) ;
#1083 = DIRECTION ( 'NONE',  ( 1.000000000000000000, 0.000000000000000000, -8.673617379884036705E-17 ) ) ;
#1084 =( NAMED_UNIT ( * ) SI_UNIT ( $, .STERADIAN. ) SOLID_ANGLE_UNIT ( ) );
#1085 = AXIS2_PLACEMENT_3D ( 'NONE', #641, #740, #1112 ) ;
#1086 = CARTESIAN_POINT ( 'NONE',  ( -0.7999999999999998224, 0.9600000000000000755, 0.3599999999999999867 ) ) ;
#1087 = ORIENTED_EDGE ( 'NONE', *, *, #1095, .T. ) ;
#1088 = AXIS2_PLACEMENT_3D ( 'NONE', #5, #1411, #778 ) ;
#1089 = STYLED_ITEM ( 'NONE', ( #1223 ), #545 ) ;
#1090 = DIRECTION ( 'NONE',  ( 0.000000000000000000, 0.000000000000000000, -1.000000000000000000 ) ) ;
#1091 = DIRECTION ( 'NONE',  ( -2.710505431213761578E-16, -0.000000000000000000, -1.000000000000000000 ) ) ;
#1092 = AXIS2_PLACEMENT_3D ( 'NONE', #1061, #915, #1054 ) ;
#1093 = DIRECTION ( 'NONE',  ( 0.000000000000000000, 0.000000000000000000, -1.000000000000000000 ) ) ;
#1094 = ORIENTED_EDGE ( 'NONE', *, *, #914, .T. ) ;
#1095 = EDGE_CURVE ( 'NONE', #1058, #79, #849, .T. ) ;
#1096 = ORIENTED_EDGE ( 'NONE', *, *, #1354, .T. ) ;
#1097 = DIRECTION ( 'NONE',  ( 1.000000000000000000, 0.000000000000000000, -0.000000000000000000 ) ) ;
#1098 = DIRECTION ( 'NONE',  ( 0.000000000000000000, 0.000000000000000000, -1.000000000000000000 ) ) ;
#1099 = UNCERTAINTY_MEASURE_WITH_UNIT (LENGTH_MEASURE( 1.000000000000000082E-05 ), #215, 'distance_accuracy_value', 'NONE');
#1100 = CARTESIAN_POINT ( 'NONE',  ( -0.5999999999999999778, 0.01333333333333333419, 0.3599999999999999867 ) ) ;
#1101 = CARTESIAN_POINT ( 'NONE',  ( 0.6000000000199179340, 0.9866666666666666918, -0.3599999999999999867 ) ) ;
#1102 = DIRECTION ( 'NONE',  ( -0.000000000000000000, 1.000000000000000000, -0.000000000000000000 ) ) ;
#1103 = ORIENTED_EDGE ( 'NONE', *, *, #1309, .T. ) ;
#1104 = DIRECTION ( 'NONE',  ( 0.000000000000000000, -1.000000000000000000, 0.000000000000000000 ) ) ;
#1105 = DIRECTION ( 'NONE',  ( -1.000000000000000000, 0.000000000000000000, -2.710505431213761479E-15 ) ) ;
#1106 = EDGE_CURVE ( 'NONE', #494, #19, #371, .T. ) ;
#1107 = DIRECTION ( 'NONE',  ( -0.000000000000000000, 0.000000000000000000, -1.000000000000000000 ) ) ;
#1108 = MECHANICAL_DESIGN_GEOMETRIC_PRESENTATION_REPRESENTATION (  '', ( #908 ), #1139 ) ;
#1109 = PLANE ( 'NONE',  #84 ) ;
#1110 =( LENGTH_UNIT ( ) NAMED_UNIT ( * ) SI_UNIT ( .MILLI., .METRE. ) );
#1111 = CARTESIAN_POINT ( 'NONE',  ( 500000.0000000000582, 0.9866666666666666918, -0.3600000000433680181 ) ) ;
#1112 = DIRECTION ( 'NONE',  ( -1.355252715606880789E-16, 0.000000000000000000, -1.000000000000000000 ) ) ;
#1113 = EDGE_CURVE ( 'NONE', #32, #23, #366, .T. ) ;
#1114 = CARTESIAN_POINT ( 'NONE',  ( 0.000000000000000000, 0.000000000000000000, 0.000000000000000000 ) ) ;
#1115 =( LENGTH_UNIT ( ) NAMED_UNIT ( * ) SI_UNIT ( .MILLI., .METRE. ) );
#1116 = DIRECTION ( 'NONE',  ( 0.000000000000000000, 0.000000000000000000, 1.000000000000000000 ) ) ;
#1117 = MECHANICAL_DESIGN_GEOMETRIC_PRESENTATION_REPRESENTATION (  '', ( #6 ), #1229 ) ;
#1118 = ADVANCED_FACE ( 'NONE', ( #400 ), #1300, .F. ) ;
#1119 = ORIENTED_EDGE ( 'NONE', *, *, #466, .F. ) ;
#1120 = SURFACE_SIDE_STYLE ('',( #820 ) ) ;
#1121 = AXIS2_PLACEMENT_3D ( 'NONE', #430, #620, #1156 ) ;
#1122 = CARTESIAN_POINT ( 'NONE',  ( -0.5999999999999998668, 1.000000000000000000, 0.3999999999999999667 ) ) ;
#1123 = ORIENTED_EDGE ( 'NONE', *, *, #1354, .F. ) ;
#1124 =( LENGTH_UNIT ( ) NAMED_UNIT ( * ) SI_UNIT ( .MILLI., .METRE. ) );
#1125 = AXIS2_PLACEMENT_3D ( 'NONE', #266, #135, #143 ) ;
#1126 = ORIENTED_EDGE ( 'NONE', *, *, #73, .T. ) ;
#1127 = DIRECTION ( 'NONE',  ( 0.000000000000000000, 0.000000000000000000, -1.000000000000000000 ) ) ;
#1128 = ORIENTED_EDGE ( 'NONE', *, *, #1106, .T. ) ;
#1129 = CARTESIAN_POINT ( 'NONE',  ( 0.7599999999999997868, 1.000000000000000000, 0.3999999999999999667 ) ) ;
#1130 = EDGE_CURVE ( 'NONE', #37, #494, #865, .T. ) ;
#1131 =( NAMED_UNIT ( * ) SI_UNIT ( $, .STERADIAN. ) SOLID_ANGLE_UNIT ( ) );
#1132 = PLANE ( 'NONE',  #504 ) ;
#1133 = DIRECTION ( 'NONE',  ( 0.000000000000000000, 0.000000000000000000, 1.000000000000000000 ) ) ;
#1134 = PRODUCT_CONTEXT ( 'NONE', #939, 'mechanical' ) ;
#1135 = MECHANICAL_DESIGN_GEOMETRIC_PRESENTATION_REPRESENTATION (  '', ( #141 ), #796 ) ;
#1136 = CARTESIAN_POINT ( 'NONE',  ( -0.5999999999999999778, 0.9600000000000000755, -0.3599999999999998757 ) ) ;
#1137 = EDGE_CURVE ( 'NONE', #516, #409, #1323, .T. ) ;
#1138 =( LENGTH_UNIT ( ) NAMED_UNIT ( * ) SI_UNIT ( .MILLI., .METRE. ) );
#1139 =( GEOMETRIC_REPRESENTATION_CONTEXT ( 3 ) GLOBAL_UNCERTAINTY_ASSIGNED_CONTEXT ( ( #762 ) ) GLOBAL_UNIT_ASSIGNED_CONTEXT ( ( #26, #1254, #1273 ) ) REPRESENTATION_CONTEXT ( 'NONE', 'WORKASPACE' ) );
#1140 = CARTESIAN_POINT ( 'NONE',  ( 0.7999999999999998224, 0.03999999999999999389, 0.3999999999999999667 ) ) ;
#1141 = LINE ( 'NONE', #262, #195 ) ;
#1142 = DIRECTION ( 'NONE',  ( 1.000000000000000000, 0.000000000000000000, 2.710505431213761578E-16 ) ) ;
#1143 = CARTESIAN_POINT ( 'NONE',  ( 0.7599999999999998979, 0.000000000000000000, 1.029992063861229336E-16 ) ) ;
#1144 = ADVANCED_FACE ( 'NONE', ( #867 ), #880, .T. ) ;
#1145 = ADVANCED_FACE ( 'NONE', ( #1328 ), #661, .T. ) ;
#1146 = FILL_AREA_STYLE ('',( #54 ) ) ;
#1147 = ADVANCED_FACE ( 'NONE', ( #851 ), #979, .T. ) ;
#1148 = AXIS2_PLACEMENT_3D ( 'NONE', #1114, #1219, #328 ) ;
#1149 = ADVANCED_BREP_SHAPE_REPRESENTATION ( '1.60.810.2', ( #518, #545, #332, #573 ), #428 ) ;
#1150 = DIRECTION ( 'NONE',  ( 1.000000000000000000, 0.000000000000000000, 2.710505431213761578E-16 ) ) ;
#1151 = EDGE_CURVE ( 'NONE', #1356, #415, #392, .T. ) ;
#1152 = ADVANCED_FACE ( 'NONE', ( #1338 ), #389, .T. ) ;
#1153 =( LENGTH_UNIT ( ) NAMED_UNIT ( * ) SI_UNIT ( .MILLI., .METRE. ) );
#1154 = VECTOR ( 'NONE', #66, 1000.000000000000000 ) ;
#1155 = DIRECTION ( 'NONE',  ( 1.000000000000000000, 0.000000000000000000, -8.673617379884036705E-17 ) ) ;
#1156 = DIRECTION ( 'NONE',  ( 1.000000000000000000, 0.000000000000000000, 0.000000000000000000 ) ) ;
#1157 = VERTEX_POINT ( 'NONE', #104 ) ;
#1158 = CARTESIAN_POINT ( 'NONE',  ( 0.6000000000199179340, 0.01333333333333334286, 0.3599999999999998757 ) ) ;
#1159 = AXIS2_PLACEMENT_3D ( 'NONE', #57, #291, #1382 ) ;
#1160 = DIRECTION ( 'NONE',  ( 1.000000000000000000, 0.000000000000000000, 0.000000000000000000 ) ) ;
#1161 = CARTESIAN_POINT ( 'NONE',  ( -0.7999999999999999334, 0.03999999999999999389, -0.3999999999999998557 ) ) ;
#1162 = ADVANCED_FACE ( 'NONE', ( #1316 ), #1310, .T. ) ;
#1163 = CARTESIAN_POINT ( 'NONE',  ( 0.7600000000000000089, 1.000000000000000000, -0.3599999999999998757 ) ) ;
#1164 = LINE ( 'NONE', #517, #213 ) ;
#1165 = ORIENTED_EDGE ( 'NONE', *, *, #1130, .F. ) ;
#1166 = CIRCLE ( 'NONE', #168, 0.03999999999999999389 ) ;
#1167 = DIRECTION ( 'NONE',  ( 8.673617379884036705E-17, -0.000000000000000000, 1.000000000000000000 ) ) ;
#1168 = CARTESIAN_POINT ( 'NONE',  ( -0.6000000000000000888, 0.000000000000000000, -0.3999999999999998557 ) ) ;
#1169 = FILL_AREA_STYLE_COLOUR ( '', #1245 ) ;
#1170 = ORIENTED_EDGE ( 'NONE', *, *, #1038, .T. ) ;
#1171 = LINE ( 'NONE', #712, #187 ) ;
#1172 = EDGE_CURVE ( 'NONE', #534, #1063, #876, .T. ) ;
#1173 = ORIENTED_EDGE ( 'NONE', *, *, #1172, .F. ) ;
#1174 = COLOUR_RGB ( '',0.7294117647058823151, 0.3568627450980392246, 0.02352941176470588203 ) ;
#1175 = MECHANICAL_DESIGN_GEOMETRIC_PRESENTATION_REPRESENTATION (  '', ( #1293 ), #582 ) ;
#1176 = DIRECTION ( 'NONE',  ( 0.000000000000000000, 1.000000000000000000, 0.000000000000000000 ) ) ;
#1177 = ORIENTED_EDGE ( 'NONE', *, *, #1192, .F. ) ;
#1178 = CARTESIAN_POINT ( 'NONE',  ( 0.7999999999999998224, 0.9600000000000000755, 0.3599999999999999867 ) ) ;
#1179 = ORIENTED_EDGE ( 'NONE', *, *, #445, .F. ) ;
#1180 = VECTOR ( 'NONE', #413, 1000.000000000000000 ) ;
#1181 = DIRECTION ( 'NONE',  ( 1.000000000000000000, 0.000000000000000000, 0.000000000000000000 ) ) ;
#1182 = ORIENTED_EDGE ( 'NONE', *, *, #824, .F. ) ;
#1183 = UNCERTAINTY_MEASURE_WITH_UNIT (LENGTH_MEASURE( 1.000000000000000082E-05 ), #1138, 'distance_accuracy_value', 'NONE');
#1184 = PRESENTATION_LAYER_ASSIGNMENT (  '', '', ( #141 ) ) ;
#1185 = SURFACE_STYLE_FILL_AREA ( #1359 ) ;
#1186 = SURFACE_STYLE_FILL_AREA ( #784 ) ;
#1187 = DIRECTION ( 'NONE',  ( 1.000000000000000000, 0.000000000000000000, 1.355252715606879063E-16 ) ) ;
#1188 = CARTESIAN_POINT ( 'NONE',  ( 0.7599999999999998979, 0.03999999999999999389, -0.3599999999999998757 ) ) ;
#1189 = LINE ( 'NONE', #1386, #1154 ) ;
#1190 =( NAMED_UNIT ( * ) PLANE_ANGLE_UNIT ( ) SI_UNIT ( $, .RADIAN. ) );
#1191 = VERTEX_POINT ( 'NONE', #510 ) ;
#1192 = EDGE_CURVE ( 'NONE', #534, #544, #1319, .T. ) ;
#1193 = SURFACE_SIDE_STYLE ('',( #767 ) ) ;
#1194 = ORIENTED_EDGE ( 'NONE', *, *, #165, .F. ) ;
#1195 = DIRECTION ( 'NONE',  ( -1.000000000000000000, -0.000000000000000000, 8.673617379884036705E-17 ) ) ;
#1196 = DIRECTION ( 'NONE',  ( 0.000000000000000000, 0.000000000000000000, 1.000000000000000000 ) ) ;
#1197 = CARTESIAN_POINT ( 'NONE',  ( -0.7999999999999999334, 0.9600000000000000755, -0.3999999999999998557 ) ) ;
#1198 = SURFACE_STYLE_FILL_AREA ( #693 ) ;
#1199 = DIRECTION ( 'NONE',  ( 1.000000000000000000, -0.000000000000000000, 0.000000000000000000 ) ) ;
#1200 = SURFACE_SIDE_STYLE ('',( #1251 ) ) ;
#1201 = CIRCLE ( 'NONE', #55, 0.03999999999999999389 ) ;
#1202 = COLOUR_RGB ( '',0.7294117647058823151, 0.3568627450980392246, 0.02352941176470588203 ) ;
#1203 = AXIS2_PLACEMENT_3D ( 'NONE', #670, #881, #199 ) ;
#1204 = CARTESIAN_POINT ( 'NONE',  ( 0.7999999999999998224, 1.000000000000000000, 0.3599999999999999867 ) ) ;
#1205 = DIRECTION ( 'NONE',  ( 0.000000000000000000, 0.000000000000000000, 1.000000000000000000 ) ) ;
#1206 = LINE ( 'NONE', #1317, #748 ) ;
#1207 = CARTESIAN_POINT ( 'NONE',  ( 0.7599999999999997868, 0.9600000000000000755, 0.3599999999999999867 ) ) ;
#1208 = DIRECTION ( 'NONE',  ( -1.355252715606880789E-16, -0.000000000000000000, -1.000000000000000000 ) ) ;
#1209 = STYLED_ITEM ( 'NONE', ( #248 ), #1253 ) ;
#1210 = LINE ( 'NONE', #173, #708 ) ;
#1211 = EDGE_CURVE ( 'NONE', #386, #1002, #378, .T. ) ;
#1212 = COLOUR_RGB ( '',0.7294117647058823151, 0.3568627450980392246, 0.02352941176470588203 ) ;
#1213 = VECTOR ( 'NONE', #1208, 1000.000000000000000 ) ;
#1214 = CARTESIAN_POINT ( 'NONE',  ( -0.7599999999999998979, 0.03999999999999999389, -0.3999999999999998557 ) ) ;
#1215 = DIRECTION ( 'NONE',  ( -1.000000000000000000, 0.000000000000000000, 0.000000000000000000 ) ) ;
#1216 = ADVANCED_FACE ( 'NONE', ( #862 ), #1017, .F. ) ;
#1217 = VECTOR ( 'NONE', #437, 1000.000000000000000 ) ;
#1218 = VECTOR ( 'NONE', #721, 1000.000000000000000 ) ;
#1219 = DIRECTION ( 'NONE',  ( 0.000000000000000000, 1.000000000000000000, 0.000000000000000000 ) ) ;
#1220 = COLOUR_RGB ( '',0.7921568627450980005, 0.8196078431372548767, 0.9333333333333333481 ) ;
#1221 = LINE ( 'NONE', #419, #743 ) ;
#1222 = FACE_OUTER_BOUND ( 'NONE', #1053, .T. ) ;
#1223 = PRESENTATION_STYLE_ASSIGNMENT (( #324 ) ) ;
#1224 = CIRCLE ( 'NONE', #327, 0.03999999999999999389 ) ;
#1225 = CARTESIAN_POINT ( 'NONE',  ( -0.6000000000000000888, 0.03999999999999999389, -0.3999999999999998557 ) ) ;
#1226 = COLOUR_RGB ( '',0.7294117647058823151, 0.3568627450980392246, 0.02352941176470588203 ) ;
#1227 = EDGE_CURVE ( 'NONE', #1030, #85, #1206, .T. ) ;
#1228 = LINE ( 'NONE', #852, #300 ) ;
#1229 =( GEOMETRIC_REPRESENTATION_CONTEXT ( 3 ) GLOBAL_UNCERTAINTY_ASSIGNED_CONTEXT ( ( #147 ) ) GLOBAL_UNIT_ASSIGNED_CONTEXT ( ( #732, #1305, #432 ) ) REPRESENTATION_CONTEXT ( 'NONE', 'WORKASPACE' ) );
#1230 = CYLINDRICAL_SURFACE ( 'NONE', #628, 0.03999999999999999389 ) ;
#1231 =( NAMED_UNIT ( * ) SI_UNIT ( $, .STERADIAN. ) SOLID_ANGLE_UNIT ( ) );
#1232 = FACE_OUTER_BOUND ( 'NONE', #345, .T. ) ;
#1233 = AXIS2_PLACEMENT_3D ( 'NONE', #677, #710, #1133 ) ;
#1234 = LINE ( 'NONE', #67, #1218 ) ;
#1235 = DIRECTION ( 'NONE',  ( -1.000000000000000000, 0.000000000000000000, -1.355252715606880789E-16 ) ) ;
#1236 = DIRECTION ( 'NONE',  ( 0.000000000000000000, -1.000000000000000000, -0.000000000000000000 ) ) ;
#1237 = DIRECTION ( 'NONE',  ( -1.000000000000000000, 0.000000000000000000, 0.000000000000000000 ) ) ;
#1238 = SURFACE_STYLE_FILL_AREA ( #138 ) ;
#1239 = SURFACE_STYLE_USAGE ( .BOTH. , #1046 ) ;
#1240 = FACE_OUTER_BOUND ( 'NONE', #424, .T. ) ;
#1241 = EDGE_CURVE ( 'NONE', #1012, #448, #711, .T. ) ;
#1242 = DIRECTION ( 'NONE',  ( -1.000000000000000000, 0.000000000000000000, -0.000000000000000000 ) ) ;
#1243 = CYLINDRICAL_SURFACE ( 'NONE', #606, 0.03999999999999999389 ) ;
#1244 = AXIS2_PLACEMENT_3D ( 'NONE', #673, #919, #1242 ) ;
#1245 = COLOUR_RGB ( '',0.7921568627450980005, 0.8196078431372548767, 0.9333333333333333481 ) ;
#1246 = CYLINDRICAL_SURFACE ( 'NONE', #942, 0.02666666666666664756 ) ;
#1247 = VECTOR ( 'NONE', #1405, 1000.000000000000000 ) ;
#1248 = CARTESIAN_POINT ( 'NONE',  ( 500000.0000000000582, 0.9599999999999998535, -0.3866666667100346344 ) ) ;
#1249 = SURFACE_STYLE_USAGE ( .BOTH. , #62 ) ;
#1250 = CARTESIAN_POINT ( 'NONE',  ( 500000.0000000000582, 0.9600000000000000755, 0.3599999999566318443 ) ) ;
#1251 = SURFACE_STYLE_FILL_AREA ( #1286 ) ;
#1252 = COLOUR_RGB ( '',0.7921568627450980005, 0.8196078431372548767, 0.9333333333333333481 ) ;
#1253 = ADVANCED_FACE ( 'NONE', ( #229 ), #268, .T. ) ;
#1254 =( NAMED_UNIT ( * ) PLANE_ANGLE_UNIT ( ) SI_UNIT ( $, .RADIAN. ) );
#1255 = PRESENTATION_STYLE_ASSIGNMENT (( #970 ) ) ;
#1256 =( NAMED_UNIT ( * ) PLANE_ANGLE_UNIT ( ) SI_UNIT ( $, .RADIAN. ) );
#1257 = DIRECTION ( 'NONE',  ( 0.000000000000000000, -1.000000000000000000, 0.000000000000000000 ) ) ;
#1258 = ORIENTED_EDGE ( 'NONE', *, *, #802, .F. ) ;
#1259 = EDGE_CURVE ( 'NONE', #1067, #1020, #476, .T. ) ;
#1260 = DIRECTION ( 'NONE',  ( 1.000000000000000000, 0.000000000000000000, 0.000000000000000000 ) ) ;
#1261 = CARTESIAN_POINT ( 'NONE',  ( 0.7599999999999997868, 0.9600000000000000755, 0.3999999999999999667 ) ) ;
#1262 = DIRECTION ( 'NONE',  ( 0.000000000000000000, 0.000000000000000000, -1.000000000000000000 ) ) ;
#1263 =( NAMED_UNIT ( * ) PLANE_ANGLE_UNIT ( ) SI_UNIT ( $, .RADIAN. ) );
#1264 = DIRECTION ( 'NONE',  ( -1.000000000000000000, -0.000000000000000000, 8.673617379884036705E-17 ) ) ;
#1265 = CIRCLE ( 'NONE', #77, 0.03999999999999999389 ) ;
#1266 = FACE_OUTER_BOUND ( 'NONE', #524, .T. ) ;
#1267 = CARTESIAN_POINT ( 'NONE',  ( -0.6000000000000000888, 0.03999999999999999389, -0.3599999999999998757 ) ) ;
#1268 = LINE ( 'NONE', #888, #804 ) ;
#1269 = VECTOR ( 'NONE', #605, 1000.000000000000000 ) ;
#1270 = PRESENTATION_LAYER_ASSIGNMENT (  '', '', ( #183 ) ) ;
#1271 = EDGE_LOOP ( 'NONE', ( #12, #617, #30, #117 ) ) ;
#1272 = DIRECTION ( 'NONE',  ( 1.355252715606880789E-16, -0.000000000000000000, 1.000000000000000000 ) ) ;
#1273 =( NAMED_UNIT ( * ) SI_UNIT ( $, .STERADIAN. ) SOLID_ANGLE_UNIT ( ) );
#1274 = LINE ( 'NONE', #680, #829 ) ;
#1275 = EDGE_CURVE ( 'NONE', #1336, #1063, #1393, .T. ) ;
#1276 = ORIENTED_EDGE ( 'NONE', *, *, #132, .T. ) ;
#1277 = SURFACE_STYLE_FILL_AREA ( #45 ) ;
#1278 = EDGE_CURVE ( 'NONE', #32, #494, #449, .T. ) ;
#1279 = VECTOR ( 'NONE', #287, 1000.000000000000000 ) ;
#1280 = ADVANCED_FACE ( 'NONE', ( #960 ), #1387, .T. ) ;
#1281 = ORIENTED_EDGE ( 'NONE', *, *, #433, .F. ) ;
#1282 = LINE ( 'NONE', #978, #1287 ) ;
#1283 = ORIENTED_EDGE ( 'NONE', *, *, #1211, .T. ) ;
#1284 = CARTESIAN_POINT ( 'NONE',  ( 0.000000000000000000, 0.000000000000000000, -0.3599999999999998757 ) ) ;
#1285 = ORIENTED_EDGE ( 'NONE', *, *, #119, .T. ) ;
#1286 = FILL_AREA_STYLE ('',( #651 ) ) ;
#1287 = VECTOR ( 'NONE', #1072, 1000.000000000000000 ) ;
#1288 = ORIENTED_EDGE ( 'NONE', *, *, #699, .T. ) ;
#1289 = VECTOR ( 'NONE', #501, 1000.000000000000000 ) ;
#1290 = FACE_OUTER_BOUND ( 'NONE', #1040, .T. ) ;
#1291 = EDGE_CURVE ( 'NONE', #534, #23, #1395, .T. ) ;
#1292 = ORIENTED_EDGE ( 'NONE', *, *, #1172, .T. ) ;
#1293 = STYLED_ITEM ( 'NONE', ( #272 ), #164 ) ;
#1294 = DIRECTION ( 'NONE',  ( 1.000000000000000000, -0.000000000000000000, -0.000000000000000000 ) ) ;
#1295 = ORIENTED_EDGE ( 'NONE', *, *, #1275, .F. ) ;
#1296 = DIRECTION ( 'NONE',  ( 0.000000000000000000, 0.000000000000000000, -1.000000000000000000 ) ) ;
#1297 = EDGE_LOOP ( 'NONE', ( #1361, #95, #1285, #380 ) ) ;
#1298 = LINE ( 'NONE', #425, #311 ) ;
#1299 = MECHANICAL_DESIGN_GEOMETRIC_PRESENTATION_REPRESENTATION (  '', ( #1378 ), #128 ) ;
#1300 = PLANE ( 'NONE',  #1332 ) ;
#1301 = CARTESIAN_POINT ( 'NONE',  ( 0.6000000000000000888, 0.9600000000000000755, -0.3999999999999998557 ) ) ;
#1302 = FACE_OUTER_BOUND ( 'NONE', #1394, .T. ) ;
#1303 = CARTESIAN_POINT ( 'NONE',  ( 0.7600000000000000089, 0.9600000000000000755, -0.3599999999999998757 ) ) ;
#1304 = ORIENTED_EDGE ( 'NONE', *, *, #339, .F. ) ;
#1305 =( NAMED_UNIT ( * ) PLANE_ANGLE_UNIT ( ) SI_UNIT ( $, .RADIAN. ) );
#1306 = VECTOR ( 'NONE', #246, 1000.000000000000000 ) ;
#1307 = ORIENTED_EDGE ( 'NONE', *, *, #379, .T. ) ;
#1308 = VECTOR ( 'NONE', #565, 1000.000000000000000 ) ;
#1309 = EDGE_CURVE ( 'NONE', #801, #68, #950, .T. ) ;
#1310 = CYLINDRICAL_SURFACE ( 'NONE', #1352, 0.03999999999999999389 ) ;
#1311 = DIRECTION ( 'NONE',  ( -1.355252715606880789E-16, 0.000000000000000000, 1.000000000000000000 ) ) ;
#1312 = FACE_OUTER_BOUND ( 'NONE', #548, .T. ) ;
#1313 = ORIENTED_EDGE ( 'NONE', *, *, #245, .T. ) ;
#1314 = CARTESIAN_POINT ( 'NONE',  ( -0.7599999999999998979, 0.9600000000000000755, -0.3599999999999998757 ) ) ;
#1315 = AXIS2_PLACEMENT_3D ( 'NONE', #375, #486, #607 ) ;
#1316 = FACE_OUTER_BOUND ( 'NONE', #874, .T. ) ;
#1317 = CARTESIAN_POINT ( 'NONE',  ( 500000.0000000000582, 0.9866666666666666918, -0.3600000000433680181 ) ) ;
#1318 = ADVANCED_FACE ( 'NONE', ( #487 ), #1401, .T. ) ;
#1319 = LINE ( 'NONE', #1143, #858 ) ;
#1320 = CARTESIAN_POINT ( 'NONE',  ( -0.5999999999999998668, 0.000000000000000000, 0.3599999999999999867 ) ) ;
#1321 = ORIENTED_EDGE ( 'NONE', *, *, #1008, .T. ) ;
#1322 = CIRCLE ( 'NONE', #414, 0.03999999999999999389 ) ;
#1323 = CIRCLE ( 'NONE', #645, 0.03999999999999999389 ) ;
#1324 = AXIS2_PLACEMENT_3D ( 'NONE', #911, #115, #562 ) ;
#1325 = CIRCLE ( 'NONE', #1125, 0.03999999999999999389 ) ;
#1326 = VERTEX_POINT ( 'NONE', #1225 ) ;
#1327 =( GEOMETRIC_REPRESENTATION_CONTEXT ( 3 ) GLOBAL_UNCERTAINTY_ASSIGNED_CONTEXT ( ( #591 ) ) GLOBAL_UNIT_ASSIGNED_CONTEXT ( ( #1124, #1345, #1131 ) ) REPRESENTATION_CONTEXT ( 'NONE', 'WORKASPACE' ) );
#1328 = FACE_OUTER_BOUND ( 'NONE', #1271, .T. ) ;
#1329 = DIRECTION ( 'NONE',  ( -0.000000000000000000, 1.000000000000000000, -0.000000000000000000 ) ) ;
#1330 = CIRCLE ( 'NONE', #576, 0.03999999999999999389 ) ;
#1331 = CARTESIAN_POINT ( 'NONE',  ( -0.5999999999999999778, 0.03999999999999999389, -0.3866666666666664920 ) ) ;
#1332 = AXIS2_PLACEMENT_3D ( 'NONE', #1004, #1205, #1097 ) ;
#1333 = PLANE ( 'NONE',  #588 ) ;
#1334 = CARTESIAN_POINT ( 'NONE',  ( 0.7599999999999998979, 0.9600000000000000755, -0.3599999999999998757 ) ) ;
#1335 = PLANE ( 'NONE',  #221 ) ;
#1336 = VERTEX_POINT ( 'NONE', #13 ) ;
#1337 = CIRCLE ( 'NONE', #792, 0.03999999999999999389 ) ;
#1338 = FACE_OUTER_BOUND ( 'NONE', #930, .T. ) ;
#1339 = EDGE_CURVE ( 'NONE', #1036, #926, #962, .T. ) ;
#1340 = ORIENTED_EDGE ( 'NONE', *, *, #51, .T. ) ;
#1341 = VECTOR ( 'NONE', #599, 1000.000000000000000 ) ;
#1342 = FACE_OUTER_BOUND ( 'NONE', #401, .T. ) ;
#1343 = EDGE_LOOP ( 'NONE', ( #531, #949, #998, #127 ) ) ;
#1344 = DIRECTION ( 'NONE',  ( 1.000000000000000000, 0.000000000000000000, -8.673617379884036705E-17 ) ) ;
#1345 =( NAMED_UNIT ( * ) PLANE_ANGLE_UNIT ( ) SI_UNIT ( $, .RADIAN. ) );
#1346 = COLOUR_RGB ( '',0.7294117647058823151, 0.3568627450980392246, 0.02352941176470588203 ) ;
#1347 = PRODUCT ( '1.60.810.2', '1.60.810.2', '', ( #1134 ) ) ;
#1348 = PRESENTATION_LAYER_ASSIGNMENT (  '', '', ( #1414 ) ) ;
#1349 = EDGE_LOOP ( 'NONE', ( #405, #889, #886, #35 ) ) ;
#1350 = ORIENTED_EDGE ( 'NONE', *, *, #893, .F. ) ;
#1351 =( NAMED_UNIT ( * ) SI_UNIT ( $, .STERADIAN. ) SOLID_ANGLE_UNIT ( ) );
#1352 = AXIS2_PLACEMENT_3D ( 'NONE', #1214, #197, #1260 ) ;
#1353 = FILL_AREA_STYLE_COLOUR ( '', #753 ) ;
#1354 = EDGE_CURVE ( 'NONE', #544, #1027, #451, .T. ) ;
#1355 = DIRECTION ( 'NONE',  ( 0.000000000000000000, -1.000000000000000000, -0.000000000000000000 ) ) ;
#1356 = VERTEX_POINT ( 'NONE', #983 ) ;
#1357 = EDGE_CURVE ( 'NONE', #1058, #1020, #463, .T. ) ;
#1358 = SHAPE_DEFINITION_REPRESENTATION ( #442, #1149 ) ;
#1359 = FILL_AREA_STYLE ('',( #242 ) ) ;
#1360 =( NAMED_UNIT ( * ) SI_UNIT ( $, .STERADIAN. ) SOLID_ANGLE_UNIT ( ) );
#1361 = ORIENTED_EDGE ( 'NONE', *, *, #699, .F. ) ;
#1362 = PLANE ( 'NONE',  #621 ) ;
#1363 = DIRECTION ( 'NONE',  ( -1.355252715606880789E-16, 0.000000000000000000, -1.000000000000000000 ) ) ;
#1364 =( GEOMETRIC_REPRESENTATION_CONTEXT ( 3 ) GLOBAL_UNCERTAINTY_ASSIGNED_CONTEXT ( ( #390 ) ) GLOBAL_UNIT_ASSIGNED_CONTEXT ( ( #506, #705, #665 ) ) REPRESENTATION_CONTEXT ( 'NONE', 'WORKASPACE' ) );
#1365 = PRODUCT_DEFINITION ( 'UNKNOWN', '', #331, #553 ) ;
#1366 = ORIENTED_EDGE ( 'NONE', *, *, #227, .F. ) ;
#1367 = CARTESIAN_POINT ( 'NONE',  ( 0.7599999999999997868, 0.9600000000000000755, 0.3599999999999999867 ) ) ;
#1368 = DIRECTION ( 'NONE',  ( -1.000000000000000000, 0.000000000000000000, 0.000000000000000000 ) ) ;
#1369 = DIRECTION ( 'NONE',  ( -1.000000000000000000, -0.000000000000000000, 8.673617379884036705E-17 ) ) ;
#1370 = EDGE_CURVE ( 'NONE', #79, #492, #482, .T. ) ;
#1371 = DIRECTION ( 'NONE',  ( 1.000000000000000000, -0.000000000000000000, -2.710505431213761578E-16 ) ) ;
#1372 = DIRECTION ( 'NONE',  ( -0.000000000000000000, -1.000000000000000000, -0.000000000000000000 ) ) ;
#1373 = PLANE ( 'NONE',  #756 ) ;
#1374 = ADVANCED_FACE ( 'NONE', ( #464 ), #971, .T. ) ;
#1375 = FILL_AREA_STYLE_COLOUR ( '', #315 ) ;
#1376 = ADVANCED_FACE ( 'NONE', ( #963 ), #461, .T. ) ;
#1377 = DIRECTION ( 'NONE',  ( 1.355252715606880789E-16, -0.000000000000000000, -1.000000000000000000 ) ) ;
#1378 = STYLED_ITEM ( 'NONE', ( #882 ), #703 ) ;
#1379 = DIRECTION ( 'NONE',  ( -2.710505431213761578E-16, -0.000000000000000000, -1.000000000000000000 ) ) ;
#1380 = MECHANICAL_DESIGN_GEOMETRIC_PRESENTATION_REPRESENTATION (  '', ( #81 ), #1025 ) ;
#1381 = DIRECTION ( 'NONE',  ( 0.000000000000000000, 0.000000000000000000, 1.000000000000000000 ) ) ;
#1382 = DIRECTION ( 'NONE',  ( 0.000000000000000000, 0.000000000000000000, -1.000000000000000000 ) ) ;
#1383 = DIRECTION ( 'NONE',  ( 0.000000000000000000, 0.000000000000000000, -1.000000000000000000 ) ) ;
#1384 = DIRECTION ( 'NONE',  ( -2.710505431213761578E-16, 0.000000000000000000, 1.000000000000000000 ) ) ;
#1385 = EDGE_CURVE ( 'NONE', #1191, #60, #1413, .T. ) ;
#1386 = CARTESIAN_POINT ( 'NONE',  ( 500000.0000000000582, 0.03999999999999999389, -0.3866666667100346344 ) ) ;
#1387 = CYLINDRICAL_SURFACE ( 'NONE', #200, 0.03999999999999999389 ) ;
#1388 = PRESENTATION_LAYER_ASSIGNMENT (  '', '', ( #563 ) ) ;
#1389 = ADVANCED_FACE ( 'NONE', ( #472 ), #475, .F. ) ;
#1390 = ADVANCED_FACE ( 'NONE', ( #943 ), #1428, .T. ) ;
#1391 = CARTESIAN_POINT ( 'NONE',  ( -0.5999999999999998668, 0.03999999999999999389, 0.3599999999999999867 ) ) ;
#1392 = VERTEX_POINT ( 'NONE', #1301 ) ;
#1393 = LINE ( 'NONE', #347, #927 ) ;
#1394 = EDGE_LOOP ( 'NONE', ( #635, #469, #952, #1080 ) ) ;
#1395 = CIRCLE ( 'NONE', #1203, 0.03999999999999999389 ) ;
#1396 = VERTEX_POINT ( 'NONE', #754 ) ;
#1397 = DIRECTION ( 'NONE',  ( 0.000000000000000000, 0.000000000000000000, 1.000000000000000000 ) ) ;
#1398 = MECHANICAL_DESIGN_GEOMETRIC_PRESENTATION_REPRESENTATION (  '', ( #183 ), #887 ) ;
#1399 = DIRECTION ( 'NONE',  ( 0.000000000000000000, 0.000000000000000000, 1.000000000000000000 ) ) ;
#1400 = VERTEX_POINT ( 'NONE', #890 ) ;
#1401 = CYLINDRICAL_SURFACE ( 'NONE', #293, 0.03999999999999999389 ) ;
#1402 = PRESENTATION_LAYER_ASSIGNMENT (  '', '', ( #103 ) ) ;
#1403 = ORIENTED_EDGE ( 'NONE', *, *, #483, .T. ) ;
#1404 = ORIENTED_EDGE ( 'NONE', *, *, #742, .T. ) ;
#1405 = DIRECTION ( 'NONE',  ( 1.000000000000000000, -0.000000000000000000, -0.000000000000000000 ) ) ;
#1406 = AXIS2_PLACEMENT_3D ( 'NONE', #863, #167, #1262 ) ;
#1407 = ORIENTED_EDGE ( 'NONE', *, *, #107, .F. ) ;
#1408 =( NAMED_UNIT ( * ) PLANE_ANGLE_UNIT ( ) SI_UNIT ( $, .RADIAN. ) );
#1409 = CARTESIAN_POINT ( 'NONE',  ( 0.7599999999999998979, 1.000000000000000000, 0.3999999999999999667 ) ) ;
#1410 = ADVANCED_FACE ( 'NONE', ( #438 ), #941, .T. ) ;
#1411 = DIRECTION ( 'NONE',  ( -1.000000000000000000, -2.710505431213761479E-15, 0.000000000000000000 ) ) ;
#1412 = ORIENTED_EDGE ( 'NONE', *, *, #1357, .F. ) ;
#1413 = CIRCLE ( 'NONE', #568, 0.03999999999999999389 ) ;
#1414 = STYLED_ITEM ( 'NONE', ( #244 ), #903 ) ;
#1415 = CARTESIAN_POINT ( 'NONE',  ( 0.7999999999999999334, 0.9600000000000000755, -0.3599999999999998757 ) ) ;
#1416 = ORIENTED_EDGE ( 'NONE', *, *, #893, .T. ) ;
#1417 = CARTESIAN_POINT ( 'NONE',  ( 0.7599999999999998979, 1.000000000000000000, -0.3599999999999998757 ) ) ;
#1418 = ORIENTED_EDGE ( 'NONE', *, *, #211, .F. ) ;
#1419 = VECTOR ( 'NONE', #98, 1000.000000000000000 ) ;
#1420 = EDGE_CURVE ( 'NONE', #1396, #421, #947, .T. ) ;
#1421 = DIRECTION ( 'NONE',  ( -1.000000000000000000, 0.000000000000000000, 0.000000000000000000 ) ) ;
#1422 = AXIS2_PLACEMENT_3D ( 'NONE', #1111, #214, #125 ) ;
#1423 = CARTESIAN_POINT ( 'NONE',  ( 0.000000000000000000, 0.000000000000000000, 0.3599999999999999867 ) ) ;
#1424 = CARTESIAN_POINT ( 'NONE',  ( 0.7599999999999998979, 0.9600000000000000755, -0.3599999999999998757 ) ) ;
#1425 = CARTESIAN_POINT ( 'NONE',  ( -0.7599999999999997868, 0.04000000000000000083, 0.3599999999999999867 ) ) ;
#1426 = AXIS2_PLACEMENT_3D ( 'NONE', #111, #1090, #337 ) ;
#1427 = DIRECTION ( 'NONE',  ( -1.000000000000000000, -0.000000000000000000, -0.000000000000000000 ) ) ;
#1428 = CYLINDRICAL_SURFACE ( 'NONE', #668, 0.03999999999999999389 ) ;
#1429 = CARTESIAN_POINT ( 'NONE',  ( 0.7599999999999998979, 0.9600000000000000755, -0.3599999999999998757 ) ) ;
#1430 = ORIENTED_EDGE ( 'NONE', *, *, #1278, .T. ) ;
ENDSEC;
END-ISO-10303-21;
