ISO-10303-21;
HEADER;
FILE_DESCRIPTION (( 'STEP AP214' ),
    '1' );
FILE_NAME ('1571627-1.step',
    '2025-02-24T13:32:01',
    ( '' ),
    ( '' ),
    'SwSTEP 2.0',
    'SolidWorks 2021',
    '' );
FILE_SCHEMA (( 'AUTOMOTIVE_DESIGN' ));
ENDSEC;

DATA;
#1 = AXIS2_PLACEMENT_3D ( 'NONE', #4773, #3289, #867 ) ;
#2 = DIRECTION ( 'NONE',  ( 0.000000000000000000, -1.000000000000000000, 4.399999999999999514E-16 ) ) ;
#3 = DIRECTION ( 'NONE',  ( 1.000000000000000000, 0.000000000000000000, 0.000000000000000000 ) ) ;
#4 = ORIENTED_EDGE ( 'NONE', *, *, #74, .T. ) ;
#5 = EDGE_CURVE ( 'NONE', #2333, #2311, #2975, .T. ) ;
#6 = DIRECTION ( 'NONE',  ( -1.000000000000000000, 0.000000000000000000, 0.000000000000000000 ) ) ;
#7 = ORIENTED_EDGE ( 'NONE', *, *, #4898, .T. ) ;
#8 = AXIS2_PLACEMENT_3D ( 'NONE', #5573, #1551, #5128 ) ;
#9 = DIRECTION ( 'NONE',  ( -0.000000000000000000, 1.000000000000000000, 0.000000000000000000 ) ) ;
#10 = DIRECTION ( 'NONE',  ( 0.000000000000000000, -1.000000000000000000, -2.220446049250000002E-16 ) ) ;
#11 =( NAMED_UNIT ( * ) PLANE_ANGLE_UNIT ( ) SI_UNIT ( $, .RADIAN. ) );
#12 = ORIENTED_EDGE ( 'NONE', *, *, #1404, .T. ) ;
#13 =( GEOMETRIC_REPRESENTATION_CONTEXT ( 3 ) GLOBAL_UNCERTAINTY_ASSIGNED_CONTEXT ( ( #1512 ) ) GLOBAL_UNIT_ASSIGNED_CONTEXT ( ( #3447, #11, #4938 ) ) REPRESENTATION_CONTEXT ( 'NONE', 'WORKASPACE' ) );
#14 = EDGE_LOOP ( 'NONE', ( #863, #3168, #4067, #463 ) ) ;
#15 = LINE ( 'NONE', #2014, #5418 ) ;
#16 = SURFACE_STYLE_FILL_AREA ( #4536 ) ;
#17 = CARTESIAN_POINT ( 'NONE',  ( 6.124999999997999822, -0.5000000000000000000, -0.5000000000000000000 ) ) ;
#18 = PRESENTATION_LAYER_ASSIGNMENT (  '', '', ( #2944 ) ) ;
#19 = CARTESIAN_POINT ( 'NONE',  ( 4.500000000000000888, 3.919999999999999929, 3.600000000000000533 ) ) ;
#20 = MECHANICAL_DESIGN_GEOMETRIC_PRESENTATION_REPRESENTATION (  '', ( #4014 ), #3057 ) ;
#21 = STYLED_ITEM ( 'NONE', ( #5108 ), #3790 ) ;
#22 = SURFACE_STYLE_FILL_AREA ( #5999 ) ;
#23 = ORIENTED_EDGE ( 'NONE', *, *, #2709, .F. ) ;
#24 = EDGE_CURVE ( 'NONE', #6309, #4990, #4009, .T. ) ;
#25 = ORIENTED_EDGE ( 'NONE', *, *, #5484, .F. ) ;
#26 = DIRECTION ( 'NONE',  ( 0.000000000000000000, 0.000000000000000000, -1.000000000000000000 ) ) ;
#27 = VECTOR ( 'NONE', #3333, 1000.000000000000000 ) ;
#28 = MECHANICAL_DESIGN_GEOMETRIC_PRESENTATION_REPRESENTATION (  '', ( #3374 ), #3350 ) ;
#29 = ORIENTED_EDGE ( 'NONE', *, *, #5962, .T. ) ;
#30 = LINE ( 'NONE', #6440, #2272 ) ;
#31 = CARTESIAN_POINT ( 'NONE',  ( -5.750000000000000000, 3.919999999999999929, 5.750000000000000000 ) ) ;
#32 =( NAMED_UNIT ( * ) SI_UNIT ( $, .STERADIAN. ) SOLID_ANGLE_UNIT ( ) );
#33 = DIRECTION ( 'NONE',  ( -1.000000000000000000, 0.000000000000000000, 0.000000000000000000 ) ) ;
#34 = LINE ( 'NONE', #1057, #337 ) ;
#35 = SURFACE_SIDE_STYLE ('',( #2947 ) ) ;
#36 = PRESENTATION_STYLE_ASSIGNMENT (( #2555 ) ) ;
#37 = SURFACE_STYLE_FILL_AREA ( #594 ) ;
#38 = PRESENTATION_STYLE_ASSIGNMENT (( #3017 ) ) ;
#39 = SURFACE_STYLE_FILL_AREA ( #429 ) ;
#40 = ITEM_DEFINED_TRANSFORMATION ( 'NONE', 'NONE', #2705,  #3487 ) ;
#41 = LINE ( 'NONE', #3983, #2003 ) ;
#42 =( GEOMETRIC_REPRESENTATION_CONTEXT ( 3 ) GLOBAL_UNCERTAINTY_ASSIGNED_CONTEXT ( ( #817 ) ) GLOBAL_UNIT_ASSIGNED_CONTEXT ( ( #5928, #5894, #2930 ) ) REPRESENTATION_CONTEXT ( 'NONE', 'WORKASPACE' ) );
#43 = EDGE_CURVE ( 'NONE', #5123, #2681, #942, .T. ) ;
#44 = LINE ( 'NONE', #1567, #4582 ) ;
#45 = ORIENTED_EDGE ( 'NONE', *, *, #1729, .T. ) ;
#46 = VECTOR ( 'NONE', #6234, 1000.000000000000000 ) ;
#47 = LINE ( 'NONE', #4721, #1476 ) ;
#48 = CARTESIAN_POINT ( 'NONE',  ( 6.000000000000000000, 1.000000000000000000, -0.5000000000000000000 ) ) ;
#49 = ADVANCED_FACE ( 'NONE', ( #5135 ), #5547, .F. ) ;
#50 = MECHANICAL_DESIGN_GEOMETRIC_PRESENTATION_REPRESENTATION (  '', ( #4154 ), #3705 ) ;
#51 = ORIENTED_EDGE ( 'NONE', *, *, #3930, .F. ) ;
#52 = PRESENTATION_LAYER_ASSIGNMENT (  '', '', ( #2239 ) ) ;
#53 = EDGE_LOOP ( 'NONE', ( #6383, #119, #3924, #3953 ) ) ;
#54 = DIRECTION ( 'NONE',  ( 0.000000000000000000, 0.000000000000000000, -1.000000000000000000 ) ) ;
#55 = DIRECTION ( 'NONE',  ( 0.000000000000000000, 1.000000000000000000, 0.000000000000000000 ) ) ;
#56 = DIRECTION ( 'NONE',  ( 0.000000000000000000, 0.9496656485285897009, 0.3132653124825234281 ) ) ;
#57 = DIRECTION ( 'NONE',  ( 0.000000000000000000, -1.000000000000000000, -2.220446049250000002E-16 ) ) ;
#58 = SURFACE_SIDE_STYLE ('',( #5605 ) ) ;
#59 = UNCERTAINTY_MEASURE_WITH_UNIT (LENGTH_MEASURE( 1.000000000000000082E-05 ), #5248, 'distance_accuracy_value', 'NONE');
#60 = DIRECTION ( 'NONE',  ( 1.000000000000000000, 0.000000000000000000, -0.000000000000000000 ) ) ;
#61 = AXIS2_PLACEMENT_3D ( 'NONE', #5165, #4742, #2656 ) ;
#62 = ORIENTED_EDGE ( 'NONE', *, *, #3984, .F. ) ;
#63 = ORIENTED_EDGE ( 'NONE', *, *, #415, .T. ) ;
#64 = DIRECTION ( 'NONE',  ( -1.000000000000000000, 0.000000000000000000, 0.000000000000000000 ) ) ;
#65 = COLOUR_RGB ( '',0.7960784313725489669, 0.8235294117647058432, 0.9372549019607843146 ) ;
#66 = PRESENTATION_LAYER_ASSIGNMENT (  '', '', ( #163 ) ) ;
#67 = PRODUCT ( 'Body', 'Body', '', ( #3604 ) ) ;
#68 = DIRECTION ( 'NONE',  ( -0.9063077870369804501, 0.4226182617399908970, 0.000000000000000000 ) ) ;
#69 = DIRECTION ( 'NONE',  ( 0.5394599732742366704, -0.8420112453138377528, 0.000000000000000000 ) ) ;
#70 = SURFACE_SIDE_STYLE ('',( #1677 ) ) ;
#71 = DIRECTION ( 'NONE',  ( -0.000000000000000000, 1.000000000000000000, -0.000000000000000000 ) ) ;
#72 = VECTOR ( 'NONE', #3601, 1000.000000000000227 ) ;
#73 = CARTESIAN_POINT ( 'NONE',  ( -6.375000000002000178, 0.8750000000020000668, -3.000000000000000000 ) ) ;
#74 = EDGE_CURVE ( 'NONE', #3854, #4275, #3479, .T. ) ;
#75 = CARTESIAN_POINT ( 'NONE',  ( 6.394748594337231751, -0.5674324966578521146, 2.000000000000000000 ) ) ;
#76 = SURFACE_SIDE_STYLE ('',( #6131 ) ) ;
#77 = VECTOR ( 'NONE', #1809, 1000.000000000000000 ) ;
#78 = LINE ( 'NONE', #4020, #6215 ) ;
#79 =( LENGTH_UNIT ( ) NAMED_UNIT ( * ) SI_UNIT ( .MILLI., .METRE. ) );
#80 = SURFACE_STYLE_USAGE ( .BOTH. , #5079 ) ;
#81 =( GEOMETRIC_REPRESENTATION_CONTEXT ( 3 ) GLOBAL_UNCERTAINTY_ASSIGNED_CONTEXT ( ( #5955 ) ) GLOBAL_UNIT_ASSIGNED_CONTEXT ( ( #1989, #2479, #878 ) ) REPRESENTATION_CONTEXT ( 'NONE', 'WORKASPACE' ) );
#82 = LINE ( 'NONE', #4087, #1917 ) ;
#83 = ORIENTED_EDGE ( 'NONE', *, *, #3962, .F. ) ;
#84 = PRESENTATION_STYLE_ASSIGNMENT (( #1226 ) ) ;
#85 = LINE ( 'NONE', #5085, #1591 ) ;
#86 = ORIENTED_EDGE ( 'NONE', *, *, #2160, .T. ) ;
#87 = ORIENTED_EDGE ( 'NONE', *, *, #2396, .T. ) ;
#88 = EDGE_CURVE ( 'NONE', #4949, #1351, #5616, .T. ) ;
#89 =( LENGTH_UNIT ( ) NAMED_UNIT ( * ) SI_UNIT ( .MILLI., .METRE. ) );
#90 = CARTESIAN_POINT ( 'NONE',  ( 4.500000000000000888, 4.419999999999999929, -4.500000000000000888 ) ) ;
#91 =( GEOMETRIC_REPRESENTATION_CONTEXT ( 3 ) GLOBAL_UNCERTAINTY_ASSIGNED_CONTEXT ( ( #6260 ) ) GLOBAL_UNIT_ASSIGNED_CONTEXT ( ( #509, #4641, #4573 ) ) REPRESENTATION_CONTEXT ( 'NONE', 'WORKASPACE' ) );
#92 = DIRECTION ( 'NONE',  ( 0.000000000000000000, -1.000000000000000000, -2.220446049250000002E-16 ) ) ;
#93 = ORIENTED_EDGE ( 'NONE', *, *, #3505, .T. ) ;
#94 = EDGE_LOOP ( 'NONE', ( #5638, #2348 ) ) ;
#95 = FILL_AREA_STYLE ('',( #2712 ) ) ;
#96 = EDGE_CURVE ( 'NONE', #1759, #6309, #1119, .T. ) ;
#97 = CYLINDRICAL_SURFACE ( 'NONE', #3363, 0.1249999999979999749 ) ;
#98 = CARTESIAN_POINT ( 'NONE',  ( 6.124999999997999822, 0.8750000000020000668, -0.5000000000000000000 ) ) ;
#99 = SURFACE_STYLE_FILL_AREA ( #1154 ) ;
#100 = VECTOR ( 'NONE', #3850, 1000.000000000000000 ) ;
#101 = FILL_AREA_STYLE ('',( #4652 ) ) ;
#102 = VECTOR ( 'NONE', #5292, 1000.000000000000114 ) ;
#103 = SURFACE_STYLE_FILL_AREA ( #4617 ) ;
#104 =( NAMED_UNIT ( * ) PLANE_ANGLE_UNIT ( ) SI_UNIT ( $, .RADIAN. ) );
#105 = DIRECTION ( 'NONE',  ( -1.000000000000000000, 0.000000000000000000, 0.000000000000000000 ) ) ;
#106 =( NAMED_UNIT ( * ) PLANE_ANGLE_UNIT ( ) SI_UNIT ( $, .RADIAN. ) );
#107 = FILL_AREA_STYLE ('',( #140 ) ) ;
#108 = APPLICATION_PROTOCOL_DEFINITION ( 'draft international standard', 'automotive_design', 1998, #2694 ) ;
#109 = COLOUR_RGB ( '',1.000000000000000000, 1.000000000000000000, 1.000000000000000000 ) ;
#110 = EDGE_CURVE ( 'NONE', #4838, #1112, #2585, .T. ) ;
#111 = CARTESIAN_POINT ( 'NONE',  ( -6.674999999997999645, -1.699999999999999956, 3.000000000000000000 ) ) ;
#112 = ORIENTED_EDGE ( 'NONE', *, *, #3381, .T. ) ;
#113 = VECTOR ( 'NONE', #343, 1000.000000000000000 ) ;
#114 = UNCERTAINTY_MEASURE_WITH_UNIT (LENGTH_MEASURE( 1.000000000000000082E-05 ), #1088, 'distance_accuracy_value', 'NONE');
#115 = DIRECTION ( 'NONE',  ( -0.9063077870379250278, -0.4226182617379650730, 0.000000000000000000 ) ) ;
#116 = PRESENTATION_LAYER_ASSIGNMENT (  '', '', ( #2628 ) ) ;
#117 = ORIENTED_EDGE ( 'NONE', *, *, #2188, .T. ) ;
#118 = UNCERTAINTY_MEASURE_WITH_UNIT (LENGTH_MEASURE( 1.000000000000000082E-05 ), #2616, 'distance_accuracy_value', 'NONE');
#119 = ORIENTED_EDGE ( 'NONE', *, *, #5058, .F. ) ;
#120 = PRESENTATION_STYLE_ASSIGNMENT (( #4642 ) ) ;
#121 = VERTEX_POINT ( 'NONE', #2619 ) ;
#122 = ADVANCED_FACE ( 'NONE', ( #1051 ), #616, .F. ) ;
#123 = COLOUR_RGB ( '',0.2509803921568627416, 0.2509803921568627416, 0.2509803921568627416 ) ;
#124 = ORIENTED_EDGE ( 'NONE', *, *, #4935, .T. ) ;
#125 = ORIENTED_EDGE ( 'NONE', *, *, #4808, .F. ) ;
#126 = STYLED_ITEM ( 'NONE', ( #4277 ), #1416 ) ;
#127 = FACE_OUTER_BOUND ( 'NONE', #648, .T. ) ;
#128 = CARTESIAN_POINT ( 'NONE',  ( 0.000000000000000000, 3.419999999999999929, 0.000000000000000000 ) ) ;
#129 = CIRCLE ( 'NONE', #3789, 0.8999999999999998002 ) ;
#130 =( LENGTH_UNIT ( ) NAMED_UNIT ( * ) SI_UNIT ( .MILLI., .METRE. ) );
#131 = CARTESIAN_POINT ( 'NONE',  ( -6.500000000000000888, -0.5000000000000000000, 3.000000000000000000 ) ) ;
#132 = EDGE_CURVE ( 'NONE', #5650, #6013, #189, .T. ) ;
#133 =( GEOMETRIC_REPRESENTATION_CONTEXT ( 3 ) GLOBAL_UNCERTAINTY_ASSIGNED_CONTEXT ( ( #3063 ) ) GLOBAL_UNIT_ASSIGNED_CONTEXT ( ( #6285, #5812, #1358 ) ) REPRESENTATION_CONTEXT ( 'NONE', 'WORKASPACE' ) );
#134 = DIRECTION ( 'NONE',  ( -0.000000000000000000, -0.000000000000000000, 1.000000000000000000 ) ) ;
#135 =( NAMED_UNIT ( * ) SI_UNIT ( $, .STERADIAN. ) SOLID_ANGLE_UNIT ( ) );
#136 = FACE_OUTER_BOUND ( 'NONE', #675, .T. ) ;
#137 = PRESENTATION_LAYER_ASSIGNMENT (  '', '', ( #4885 ) ) ;
#138 =( NAMED_UNIT ( * ) SI_UNIT ( $, .STERADIAN. ) SOLID_ANGLE_UNIT ( ) );
#139 = FILL_AREA_STYLE_COLOUR ( '', #673 ) ;
#140 = FILL_AREA_STYLE_COLOUR ( '', #5888 ) ;
#141 = APPLICATION_CONTEXT ( 'automotive_design' ) ;
#142 =( LENGTH_UNIT ( ) NAMED_UNIT ( * ) SI_UNIT ( .MILLI., .METRE. ) );
#143 = DIRECTION ( 'NONE',  ( 0.000000000000000000, 0.000000000000000000, 1.000000000000000000 ) ) ;
#144 = ORIENTED_EDGE ( 'NONE', *, *, #5237, .F. ) ;
#145 = LINE ( 'NONE', #6142, #1279 ) ;
#146 = ADVANCED_FACE ( 'NONE', ( #4580 ), #2057, .F. ) ;
#147 = SURFACE_SIDE_STYLE ('',( #3190 ) ) ;
#148 = EDGE_LOOP ( 'NONE', ( #5298, #1719, #4534, #4405 ) ) ;
#149 = STYLED_ITEM ( 'NONE', ( #4928 ), #5954 ) ;
#150 = ORIENTED_EDGE ( 'NONE', *, *, #3686, .T. ) ;
#151 = SURFACE_SIDE_STYLE ('',( #2143 ) ) ;
#152 = CARTESIAN_POINT ( 'NONE',  ( -5.375000000000000000, 3.419999999999999929, -5.375000000000000000 ) ) ;
#153 = EDGE_CURVE ( 'NONE', #4734, #6423, #5748, .T. ) ;
#154 = COLOUR_RGB ( '',0.2509803921568627416, 0.2509803921568627416, 0.2509803921568627416 ) ;
#155 =( NAMED_UNIT ( * ) SI_UNIT ( $, .STERADIAN. ) SOLID_ANGLE_UNIT ( ) );
#156 = EDGE_LOOP ( 'NONE', ( #1201, #5849, #3614, #2613 ) ) ;
#157 = STYLED_ITEM ( 'NONE', ( #1990 ), #6371 ) ;
#158 = ORIENTED_EDGE ( 'NONE', *, *, #5769, .T. ) ;
#159 = DIRECTION ( 'NONE',  ( -0.000000000000000000, -0.000000000000000000, -1.000000000000000000 ) ) ;
#160 = AXIS2_PLACEMENT_3D ( 'NONE', #2878, #4352, #397 ) ;
#161 = AXIS2_PLACEMENT_3D ( 'NONE', #5450, #1048, #3038 ) ;
#162 = PLANE ( 'NONE',  #1109 ) ;
#163 = STYLED_ITEM ( 'NONE', ( #5290 ), #4743 ) ;
#164 = UNCERTAINTY_MEASURE_WITH_UNIT (LENGTH_MEASURE( 1.000000000000000082E-05 ), #1214, 'distance_accuracy_value', 'NONE');
#165 = CARTESIAN_POINT ( 'NONE',  ( 0.000000000000000000, 4.599999999999999645, 0.000000000000000000 ) ) ;
#166 = DIRECTION ( 'NONE',  ( -1.000000000000000000, 0.000000000000000000, 0.000000000000000000 ) ) ;
#167 = SURFACE_STYLE_FILL_AREA ( #4686 ) ;
#168 = EDGE_CURVE ( 'NONE', #5454, #4095, #775, .T. ) ;
#169 = CARTESIAN_POINT ( 'NONE',  ( -6.000000000000000000, 1.250000000004000134, 2.000000000000000000 ) ) ;
#170 = PRESENTATION_STYLE_ASSIGNMENT (( #5111 ) ) ;
#171 = ITEM_DEFINED_TRANSFORMATION ( 'NONE', 'NONE', #1143,  #3487 ) ;
#172 = AXIS2_PLACEMENT_3D ( 'NONE', #3528, #5000, #5542 ) ;
#173 = DIRECTION ( 'NONE',  ( -0.000000000000000000, -1.000000000000000000, 0.000000000000000000 ) ) ;
#174 = DIRECTION ( 'NONE',  ( -1.000000000000000000, -6.938893903870227646E-15, 0.000000000000000000 ) ) ;
#175 = ORIENTED_EDGE ( 'NONE', *, *, #5326, .F. ) ;
#176 = UNCERTAINTY_MEASURE_WITH_UNIT (LENGTH_MEASURE( 1.000000000000000082E-05 ), #3635, 'distance_accuracy_value', 'NONE');
#177 = STYLED_ITEM ( 'NONE', ( #2230 ), #1028 ) ;
#178 = ADVANCED_FACE ( 'NONE', ( #1320 ), #1355, .T. ) ;
#179 =( LENGTH_UNIT ( ) NAMED_UNIT ( * ) SI_UNIT ( .MILLI., .METRE. ) );
#180 = ORIENTED_EDGE ( 'NONE', *, *, #5686, .T. ) ;
#181 = PRESENTATION_LAYER_ASSIGNMENT (  '', '', ( #5837 ) ) ;
#182 = DIRECTION ( 'NONE',  ( -1.000000000000000000, -0.000000000000000000, -0.000000000000000000 ) ) ;
#183 = CARTESIAN_POINT ( 'NONE',  ( -6.000000000000000000, 1.250000000004000134, -2.000000000000000000 ) ) ;
#184 = VERTEX_POINT ( 'NONE', #351 ) ;
#185 = ORIENTED_EDGE ( 'NONE', *, *, #4987, .F. ) ;
#186 = VERTEX_POINT ( 'NONE', #741 ) ;
#187 = DIRECTION ( 'NONE',  ( 0.000000000000000000, 0.000000000000000000, -1.000000000000000000 ) ) ;
#188 = CARTESIAN_POINT ( 'NONE',  ( -5.375000000000000000, 3.419999999999999929, 5.375000000000000000 ) ) ;
#189 = LINE ( 'NONE', #2184, #970 ) ;
#190 = DIRECTION ( 'NONE',  ( -1.000000000000000000, -6.938893903870227646E-15, 0.000000000000000000 ) ) ;
#191 = SURFACE_STYLE_USAGE ( .BOTH. , #1743 ) ;
#192 = CARTESIAN_POINT ( 'NONE',  ( -6.674999999997999645, -1.699999999999999956, -3.000000000000000000 ) ) ;
#193 = FILL_AREA_STYLE ('',( #2529 ) ) ;
#194 = CARTESIAN_POINT ( 'NONE',  ( -6.313119520966999687, -2.771830389574999831, -3.000000000000000000 ) ) ;
#195 = MECHANICAL_DESIGN_GEOMETRIC_PRESENTATION_REPRESENTATION (  '', ( #5043 ), #2182 ) ;
#196 = LINE ( 'NONE', #4214, #5319 ) ;
#197 =( GEOMETRIC_REPRESENTATION_CONTEXT ( 3 ) GLOBAL_UNCERTAINTY_ASSIGNED_CONTEXT ( ( #4260 ) ) GLOBAL_UNIT_ASSIGNED_CONTEXT ( ( #2254, #2752, #6213 ) ) REPRESENTATION_CONTEXT ( 'NONE', 'WORKASPACE' ) );
#198 = CARTESIAN_POINT ( 'NONE',  ( 6.990754216993001258, -1.497702510021000188, -0.5000000000000000000 ) ) ;
#199 = VECTOR ( 'NONE', #5409, 1000.000000000000114 ) ;
#200 = EDGE_CURVE ( 'NONE', #5412, #1759, #4780, .T. ) ;
#201 = COLOUR_RGB ( '',0.2509803921568627416, 0.2509803921568627416, 0.2509803921568627416 ) ;
#202 = ORIENTED_EDGE ( 'NONE', *, *, #6150, .T. ) ;
#203 = SURFACE_SIDE_STYLE ('',( #2270 ) ) ;
#204 = SURFACE_SIDE_STYLE ('',( #3255 ) ) ;
#205 = ORIENTED_EDGE ( 'NONE', *, *, #2166, .F. ) ;
#206 = ADVANCED_FACE ( 'NONE', ( #320 ), #5780, .F. ) ;
#207 = CIRCLE ( 'NONE', #2729, 0.9000000000000002442 ) ;
#208 = DIRECTION ( 'NONE',  ( 0.000000000000000000, 0.000000000000000000, -1.000000000000000000 ) ) ;
#209 = CARTESIAN_POINT ( 'NONE',  ( 6.000000000000000000, 1.250000000003999912, -0.5000000000000000000 ) ) ;
#210 = SURFACE_SIDE_STYLE ('',( #2388 ) ) ;
#211 = CIRCLE ( 'NONE', #4751, 0.3750000000019996227 ) ;
#212 = ORIENTED_EDGE ( 'NONE', *, *, #1601, .F. ) ;
#213 = ORIENTED_EDGE ( 'NONE', *, *, #2083, .T. ) ;
#214 = ORIENTED_EDGE ( 'NONE', *, *, #4337, .F. ) ;
#215 = FILL_AREA_STYLE_COLOUR ( '', #4695 ) ;
#216 =( REPRESENTATION_RELATIONSHIP ('NONE','NONE', #3796, #5607 ) REPRESENTATION_RELATIONSHIP_WITH_TRANSFORMATION ( #171 )SHAPE_REPRESENTATION_RELATIONSHIP( ) );
#217 = CARTESIAN_POINT ( 'NONE',  ( 5.750000000000000000, 3.420000000000000373, -5.750000000000000000 ) ) ;
#218 = DIRECTION ( 'NONE',  ( -0.000000000000000000, -0.000000000000000000, 1.000000000000000000 ) ) ;
#219 = FILL_AREA_STYLE ('',( #655 ) ) ;
#220 = ADVANCED_FACE ( 'NONE', ( #934 ), #5994, .F. ) ;
#221 = FILL_AREA_STYLE ('',( #3172 ) ) ;
#222 = PRESENTATION_LAYER_ASSIGNMENT (  '', '', ( #958 ) ) ;
#223 = MECHANICAL_DESIGN_GEOMETRIC_PRESENTATION_REPRESENTATION (  '', ( #5988 ), #5580 ) ;
#224 = UNCERTAINTY_MEASURE_WITH_UNIT (LENGTH_MEASURE( 1.000000000000000082E-05 ), #6326, 'distance_accuracy_value', 'NONE');
#225 =( NAMED_UNIT ( * ) SI_UNIT ( $, .STERADIAN. ) SOLID_ANGLE_UNIT ( ) );
#226 = PRESENTATION_LAYER_ASSIGNMENT (  '', '', ( #2105 ) ) ;
#227 = CARTESIAN_POINT ( 'NONE',  ( 4.500000000000000888, 3.419999999999999929, 4.500000000000000888 ) ) ;
#228 = DIRECTION ( 'NONE',  ( -1.000000000000000000, 0.000000000000000000, 0.000000000000000000 ) ) ;
#229 =( NAMED_UNIT ( * ) SI_UNIT ( $, .STERADIAN. ) SOLID_ANGLE_UNIT ( ) );
#230 = FILL_AREA_STYLE ('',( #848 ) ) ;
#231 =( NAMED_UNIT ( * ) SI_UNIT ( $, .STERADIAN. ) SOLID_ANGLE_UNIT ( ) );
#232 = DIRECTION ( 'NONE',  ( -0.000000000000000000, -0.000000000000000000, -1.000000000000000000 ) ) ;
#233 = STYLED_ITEM ( 'NONE', ( #6430 ), #1469 ) ;
#234 = CARTESIAN_POINT ( 'NONE',  ( -5.750000000000000000, 3.419999999999999929, -5.000000000000000000 ) ) ;
#235 = DIRECTION ( 'NONE',  ( 0.000000000000000000, 0.000000000000000000, 1.000000000000000000 ) ) ;
#236 = VECTOR ( 'NONE', #263, 1000.000000000000000 ) ;
#237 =( NAMED_UNIT ( * ) PLANE_ANGLE_UNIT ( ) SI_UNIT ( $, .RADIAN. ) );
#238 = ORIENTED_EDGE ( 'NONE', *, *, #5987, .T. ) ;
#239 = UNCERTAINTY_MEASURE_WITH_UNIT (LENGTH_MEASURE( 1.000000000000000082E-05 ), #618, 'distance_accuracy_value', 'NONE');
#240 = DIRECTION ( 'NONE',  ( 0.000000000000000000, -1.000000000000000000, -0.000000000000000000 ) ) ;
#241 = CIRCLE ( 'NONE', #1082, 0.1249999999979999749 ) ;
#242 =( NAMED_UNIT ( * ) SI_UNIT ( $, .STERADIAN. ) SOLID_ANGLE_UNIT ( ) );
#243 = EDGE_CURVE ( 'NONE', #405, #3560, #385, .T. ) ;
#244 = CARTESIAN_POINT ( 'NONE',  ( 0.000000000000000000, 4.599999999999999645, -8.700000000000000360E-16 ) ) ;
#245 = VERTEX_POINT ( 'NONE', #1946 ) ;
#246 = PRESENTATION_STYLE_ASSIGNMENT (( #3711 ) ) ;
#247 = FILL_AREA_STYLE_COLOUR ( '', #3549 ) ;
#248 = DIRECTION ( 'NONE',  ( 0.000000000000000000, 0.000000000000000000, -1.000000000000000000 ) ) ;
#249 = DIRECTION ( 'NONE',  ( 1.000000000000000000, 0.000000000000000000, -0.000000000000000000 ) ) ;
#250 = EDGE_CURVE ( 'NONE', #2672, #400, #873, .T. ) ;
#251 = PRESENTATION_STYLE_ASSIGNMENT (( #4271 ) ) ;
#252 = ORIENTED_EDGE ( 'NONE', *, *, #1501, .F. ) ;
#253 = ORIENTED_EDGE ( 'NONE', *, *, #4125, .T. ) ;
#254 = ORIENTED_EDGE ( 'NONE', *, *, #1698, .T. ) ;
#255 = DIRECTION ( 'NONE',  ( 0.000000000000000000, 0.000000000000000000, 1.000000000000000000 ) ) ;
#256 = DIRECTION ( 'NONE',  ( 0.9063077870389449897, 0.4226182617357776006, 0.000000000000000000 ) ) ;
#257 = AXIS2_PLACEMENT_3D ( 'NONE', #3405, #1463, #5846 ) ;
#258 = PRESENTATION_STYLE_ASSIGNMENT (( #776 ) ) ;
#259 = PRESENTATION_STYLE_ASSIGNMENT (( #2834 ) ) ;
#260 = FACE_BOUND ( 'NONE', #2542, .T. ) ;
#261 = MECHANICAL_DESIGN_GEOMETRIC_PRESENTATION_REPRESENTATION (  '', ( #3818 ), #5508 ) ;
#262 = STYLED_ITEM ( 'NONE', ( #1128 ), #6103 ) ;
#263 = DIRECTION ( 'NONE',  ( 1.000000000000000000, 0.000000000000000000, -0.000000000000000000 ) ) ;
#264 = STYLED_ITEM ( 'NONE', ( #721 ), #2835 ) ;
#265 = VECTOR ( 'NONE', #54, 1000.000000000000000 ) ;
#266 = LINE ( 'NONE', #846, #4708 ) ;
#267 = FILL_AREA_STYLE_COLOUR ( '', #2869 ) ;
#268 = CARTESIAN_POINT ( 'NONE',  ( -6.799999999995999467, -1.699999999999999956, -3.000000000000000000 ) ) ;
#269 = SURFACE_STYLE_FILL_AREA ( #2760 ) ;
#270 = SURFACE_STYLE_FILL_AREA ( #3368 ) ;
#271 = DIRECTION ( 'NONE',  ( -1.000000000000000000, 0.000000000000000000, 0.000000000000000000 ) ) ;
#272 = CARTESIAN_POINT ( 'NONE',  ( -5.827942386484000410E-17, 7.360000000000000320, 1.772626956273000007E-16 ) ) ;
#273 = LINE ( 'NONE', #2667, #4971 ) ;
#274 = AXIS2_PLACEMENT_3D ( 'NONE', #4683, #2622, #3689 ) ;
#275 = VERTEX_POINT ( 'NONE', #3891 ) ;
#276 =( GEOMETRIC_REPRESENTATION_CONTEXT ( 3 ) GLOBAL_UNCERTAINTY_ASSIGNED_CONTEXT ( ( #4128 ) ) GLOBAL_UNIT_ASSIGNED_CONTEXT ( ( #1607, #5189, #5219 ) ) REPRESENTATION_CONTEXT ( 'NONE', 'WORKASPACE' ) );
#277 = ADVANCED_FACE ( 'NONE', ( #1414 ), #3964, .F. ) ;
#278 = EDGE_CURVE ( 'NONE', #5571, #5148, #5604, .T. ) ;
#279 = FACE_OUTER_BOUND ( 'NONE', #737, .T. ) ;
#280 = CARTESIAN_POINT ( 'NONE',  ( -6.124999999997999822, -1.145024611515000013, -3.000000000000000000 ) ) ;
#281 = STYLED_ITEM ( 'NONE', ( #120 ), #3307 ) ;
#282 = MECHANICAL_DESIGN_GEOMETRIC_PRESENTATION_REPRESENTATION (  '', ( #1439 ), #3944 ) ;
#283 = SURFACE_STYLE_FILL_AREA ( #2363 ) ;
#284 = EDGE_LOOP ( 'NONE', ( #117, #5915, #1520, #4672 ) ) ;
#285 = AXIS2_PLACEMENT_3D ( 'NONE', #5853, #5223, #2244 ) ;
#286 =( NAMED_UNIT ( * ) PLANE_ANGLE_UNIT ( ) SI_UNIT ( $, .RADIAN. ) );
#287 = LINE ( 'NONE', #2241, #113 ) ;
#288 =( NAMED_UNIT ( * ) SI_UNIT ( $, .STERADIAN. ) SOLID_ANGLE_UNIT ( ) );
#289 = ORIENTED_EDGE ( 'NONE', *, *, #1259, .T. ) ;
#290 = MECHANICAL_DESIGN_GEOMETRIC_PRESENTATION_REPRESENTATION (  '', ( #2060 ), #5429 ) ;
#291 = EDGE_LOOP ( 'NONE', ( #6200, #6085, #4065, #3064 ) ) ;
#292 = SURFACE_SIDE_STYLE ('',( #2086 ) ) ;
#293 = CARTESIAN_POINT ( 'NONE',  ( -6.539696467728110640, -2.877484955009652179, -1.999999999999918510 ) ) ;
#294 = CIRCLE ( 'NONE', #3110, 0.1249999999979999749 ) ;
#295 = EDGE_CURVE ( 'NONE', #3198, #4997, #1506, .T. ) ;
#296 = FILL_AREA_STYLE ('',( #3798 ) ) ;
#297 = CARTESIAN_POINT ( 'NONE',  ( 6.990754216992685954, -1.497702510021041045, 0.5000000000000000000 ) ) ;
#298 = CARTESIAN_POINT ( 'NONE',  ( 6.000000000000000000, 0.8750000000019999558, 3.000000000000000000 ) ) ;
#299 = DIRECTION ( 'NONE',  ( 1.332196476881727481E-16, -1.000000000000000000, -1.332196476881727481E-16 ) ) ;
#300 = AXIS2_PLACEMENT_3D ( 'NONE', #2887, #1998, #3 ) ;
#301 = UNCERTAINTY_MEASURE_WITH_UNIT (LENGTH_MEASURE( 1.000000000000000082E-05 ), #2768, 'distance_accuracy_value', 'NONE');
#302 = FILL_AREA_STYLE_COLOUR ( '', #3780 ) ;
#303 = SURFACE_STYLE_USAGE ( .BOTH. , #1364 ) ;
#304 = ORIENTED_EDGE ( 'NONE', *, *, #153, .T. ) ;
#305 = LINE ( 'NONE', #280, #700 ) ;
#306 = VECTOR ( 'NONE', #5072, 1000.000000000000000 ) ;
#307 = FILL_AREA_STYLE_COLOUR ( '', #5654 ) ;
#308 = FILL_AREA_STYLE_COLOUR ( '', #4770 ) ;
#309 = COLOUR_RGB ( '',0.2509803921568627416, 0.2509803921568627416, 0.2509803921568627416 ) ;
#310 = EDGE_CURVE ( 'NONE', #2668, #5768, #3585, .T. ) ;
#311 = ORIENTED_EDGE ( 'NONE', *, *, #2188, .F. ) ;
#312 =( GEOMETRIC_REPRESENTATION_CONTEXT ( 3 ) GLOBAL_UNCERTAINTY_ASSIGNED_CONTEXT ( ( #2926 ) ) GLOBAL_UNIT_ASSIGNED_CONTEXT ( ( #5504, #5023, #2195 ) ) REPRESENTATION_CONTEXT ( 'NONE', 'WORKASPACE' ) );
#313 = SURFACE_STYLE_USAGE ( .BOTH. , #5350 ) ;
#314 = DIRECTION ( 'NONE',  ( 0.000000000000000000, -0.000000000000000000, 1.000000000000000000 ) ) ;
#315 = CARTESIAN_POINT ( 'NONE',  ( -5.750000000000000000, 3.419999999999999485, 4.999999999999999112 ) ) ;
#316 = EDGE_LOOP ( 'NONE', ( #45, #1752, #632, #4972 ) ) ;
#317 = ORIENTED_EDGE ( 'NONE', *, *, #4482, .F. ) ;
#318 =( LENGTH_UNIT ( ) NAMED_UNIT ( * ) SI_UNIT ( .MILLI., .METRE. ) );
#319 =( GEOMETRIC_REPRESENTATION_CONTEXT ( 3 ) GLOBAL_UNCERTAINTY_ASSIGNED_CONTEXT ( ( #4251 ) ) GLOBAL_UNIT_ASSIGNED_CONTEXT ( ( #2496, #4937, #895 ) ) REPRESENTATION_CONTEXT ( 'NONE', 'WORKASPACE' ) );
#320 = FACE_OUTER_BOUND ( 'NONE', #5224, .T. ) ;
#321 = DIRECTION ( 'NONE',  ( 0.000000000000000000, 0.000000000000000000, 1.000000000000000000 ) ) ;
#322 = CIRCLE ( 'NONE', #5982, 0.1249999999979999749 ) ;
#323 = VECTOR ( 'NONE', #4036, 1000.000000000000000 ) ;
#324 = CYLINDRICAL_SURFACE ( 'NONE', #2366, 0.3750000000020004554 ) ;
#325 = DIRECTION ( 'NONE',  ( 0.000000000000000000, -1.000000000000000000, -2.220446049250000002E-16 ) ) ;
#326 = LINE ( 'NONE', #2941, #1427 ) ;
#327 = EDGE_CURVE ( 'NONE', #1406, #1721, #545, .T. ) ;
#328 =( NAMED_UNIT ( * ) PLANE_ANGLE_UNIT ( ) SI_UNIT ( $, .RADIAN. ) );
#329 = SURFACE_STYLE_FILL_AREA ( #4420 ) ;
#330 = ORIENTED_EDGE ( 'NONE', *, *, #769, .F. ) ;
#331 =( NAMED_UNIT ( * ) SI_UNIT ( $, .STERADIAN. ) SOLID_ANGLE_UNIT ( ) );
#332 = CARTESIAN_POINT ( 'NONE',  ( 6.313119520966998799, -2.771830389575000719, -0.5000000000000038858 ) ) ;
#333 = COLOUR_RGB ( '',1.000000000000000000, 1.000000000000000000, 1.000000000000000000 ) ;
#334 = AXIS2_PLACEMENT_3D ( 'NONE', #2560, #1963, #4560 ) ;
#335 = FILL_AREA_STYLE ('',( #5284 ) ) ;
#336 = VECTOR ( 'NONE', #1911, 1000.000000000000000 ) ;
#337 = VECTOR ( 'NONE', #2982, 1000.000000000000000 ) ;
#338 =( NAMED_UNIT ( * ) SI_UNIT ( $, .STERADIAN. ) SOLID_ANGLE_UNIT ( ) );
#339 = VERTEX_POINT ( 'NONE', #2539 ) ;
#340 = CLOSED_SHELL ( 'NONE', ( #2592, #4634, #3005, #5791, #5302, #4025, #2404, #220, #6411, #6432, #5398, #567, #5886, #1220, #1095, #1028, #4222, #5954, #694, #2923 ) ) ;
#341 = EDGE_CURVE ( 'NONE', #2607, #3379, #2378, .T. ) ;
#342 = CARTESIAN_POINT ( 'NONE',  ( 6.500000000000000888, -0.5000000000000000000, 0.5000000000000000000 ) ) ;
#343 = DIRECTION ( 'NONE',  ( -1.000000000000000000, -0.000000000000000000, 0.000000000000000000 ) ) ;
#344 = STYLED_ITEM ( 'NONE', ( #3205 ), #146 ) ;
#345 =( REPRESENTATION_RELATIONSHIP ('NONE','NONE', #3796, #1756 ) REPRESENTATION_RELATIONSHIP_WITH_TRANSFORMATION ( #6159 )SHAPE_REPRESENTATION_RELATIONSHIP( ) );
#346 = ORIENTED_EDGE ( 'NONE', *, *, #6347, .T. ) ;
#347 = ADVANCED_FACE ( 'NONE', ( #3068 ), #1144, .T. ) ;
#348 = ORIENTED_EDGE ( 'NONE', *, *, #2286, .F. ) ;
#349 =( NAMED_UNIT ( * ) SI_UNIT ( $, .STERADIAN. ) SOLID_ANGLE_UNIT ( ) );
#350 = SURFACE_SIDE_STYLE ('',( #2964 ) ) ;
#351 = CARTESIAN_POINT ( 'NONE',  ( 6.184245783005205332, -0.7022974899790277448, 2.000000000000000000 ) ) ;
#352 =( NAMED_UNIT ( * ) PLANE_ANGLE_UNIT ( ) SI_UNIT ( $, .RADIAN. ) );
#353 = PRESENTATION_LAYER_ASSIGNMENT (  '', '', ( #3174 ) ) ;
#354 = FACE_OUTER_BOUND ( 'NONE', #2106, .T. ) ;
#355 = VECTOR ( 'NONE', #2, 1000.000000000000000 ) ;
#356 = VERTEX_POINT ( 'NONE', #3163 ) ;
#357 = PRODUCT_RELATED_PRODUCT_CATEGORY ( 'part', '', ( #5115 ) ) ;
#358 = CARTESIAN_POINT ( 'NONE',  ( -6.431676668869999780, -1.145024611515000013, 3.000000000000000000 ) ) ;
#359 = DIRECTION ( 'NONE',  ( -1.000000000000000000, 0.000000000000000000, 0.000000000000000000 ) ) ;
#360 = PRESENTATION_STYLE_ASSIGNMENT (( #3334 ) ) ;
#361 = CARTESIAN_POINT ( 'NONE',  ( -6.249412934932999875, -3.500000000000000000, 3.000000000000000444 ) ) ;
#362 = SURFACE_STYLE_FILL_AREA ( #3835 ) ;
#363 =( LENGTH_UNIT ( ) NAMED_UNIT ( * ) SI_UNIT ( .MILLI., .METRE. ) );
#364 = DIRECTION ( 'NONE',  ( 0.000000000000000000, -0.000000000000000000, 1.000000000000000000 ) ) ;
#365 = VECTOR ( 'NONE', #787, 1000.000000000000114 ) ;
#366 = DIRECTION ( 'NONE',  ( 0.000000000000000000, -1.000000000000000000, -2.220446049250000002E-16 ) ) ;
#367 = AXIS2_PLACEMENT_3D ( 'NONE', #5175, #2257, #2124 ) ;
#368 = EDGE_CURVE ( 'NONE', #606, #5569, #1073, .T. ) ;
#369 = SURFACE_STYLE_FILL_AREA ( #3949 ) ;
#370 =( LENGTH_UNIT ( ) NAMED_UNIT ( * ) SI_UNIT ( .MILLI., .METRE. ) );
#371 = VERTEX_POINT ( 'NONE', #19 ) ;
#372 = ORIENTED_EDGE ( 'NONE', *, *, #1426, .T. ) ;
#373 = EDGE_CURVE ( 'NONE', #5133, #829, #5541, .T. ) ;
#374 = MECHANICAL_DESIGN_GEOMETRIC_PRESENTATION_REPRESENTATION (  '', ( #5107 ), #790 ) ;
#375 = CARTESIAN_POINT ( 'NONE',  ( 0.000000000000000000, 7.360000000000000320, 0.5000000000000016653 ) ) ;
#376 = PRESENTATION_LAYER_ASSIGNMENT (  '', '', ( #5525 ) ) ;
#377 = SURFACE_STYLE_USAGE ( .BOTH. , #3485 ) ;
#378 = AXIS2_PLACEMENT_3D ( 'NONE', #6073, #5143, #1225 ) ;
#379 = VERTEX_POINT ( 'NONE', #578 ) ;
#380 = UNCERTAINTY_MEASURE_WITH_UNIT (LENGTH_MEASURE( 1.000000000000000082E-05 ), #2851, 'distance_accuracy_value', 'NONE');
#381 = ORIENTED_EDGE ( 'NONE', *, *, #2361, .F. ) ;
#382 = FACE_OUTER_BOUND ( 'NONE', #148, .T. ) ;
#383 = VECTOR ( 'NONE', #1257, 1000.000000000000000 ) ;
#384 = SURFACE_STYLE_USAGE ( .BOTH. , #350 ) ;
#385 = LINE ( 'NONE', #2373, #6300 ) ;
#386 = SURFACE_STYLE_FILL_AREA ( #905 ) ;
#387 =( LENGTH_UNIT ( ) NAMED_UNIT ( * ) SI_UNIT ( .MILLI., .METRE. ) );
#388 = SURFACE_SIDE_STYLE ('',( #22 ) ) ;
#389 = AXIS2_PLACEMENT_3D ( 'NONE', #1744, #1261, #2323 ) ;
#390 = EDGE_CURVE ( 'NONE', #5648, #5163, #3457, .T. ) ;
#391 = ORIENTED_EDGE ( 'NONE', *, *, #1386, .T. ) ;
#392 = PRESENTATION_LAYER_ASSIGNMENT (  '', '', ( #5131 ) ) ;
#393 = ORIENTED_EDGE ( 'NONE', *, *, #6150, .F. ) ;
#394 = CARTESIAN_POINT ( 'NONE',  ( 6.375000000002000178, -0.5000000000000000000, -0.5000000000000000000 ) ) ;
#395 = DIRECTION ( 'NONE',  ( 0.000000000000000000, 0.000000000000000000, 1.000000000000000000 ) ) ;
#396 = CARTESIAN_POINT ( 'NONE',  ( 1.905000000000000027, 5.559999999999999609, -1.905000000000000027 ) ) ;
#397 = DIRECTION ( 'NONE',  ( -1.000000000000000000, 0.000000000000000000, 0.000000000000000000 ) ) ;
#398 = SURFACE_SIDE_STYLE ('',( #4319 ) ) ;
#399 =( NAMED_UNIT ( * ) SI_UNIT ( $, .STERADIAN. ) SOLID_ANGLE_UNIT ( ) );
#400 = VERTEX_POINT ( 'NONE', #2577 ) ;
#401 = AXIS2_PLACEMENT_3D ( 'NONE', #1619, #2550, #1706 ) ;
#402 = DIRECTION ( 'NONE',  ( -1.000000000000000000, 0.000000000000000000, 0.000000000000000000 ) ) ;
#403 = DIRECTION ( 'NONE',  ( 0.000000000000000000, 0.000000000000000000, -1.000000000000000000 ) ) ;
#404 = EDGE_CURVE ( 'NONE', #3062, #1505, #5983, .T. ) ;
#405 = VERTEX_POINT ( 'NONE', #6113 ) ;
#406 = AXIS2_PLACEMENT_3D ( 'NONE', #5632, #4991, #466 ) ;
#407 = MECHANICAL_DESIGN_GEOMETRIC_PRESENTATION_REPRESENTATION (  '', ( #2391 ), #4413 ) ;
#408 = VERTEX_POINT ( 'NONE', #1641 ) ;
#409 = PLANE ( 'NONE',  #4441 ) ;
#410 =( GEOMETRIC_REPRESENTATION_CONTEXT ( 3 ) GLOBAL_UNCERTAINTY_ASSIGNED_CONTEXT ( ( #3917 ) ) GLOBAL_UNIT_ASSIGNED_CONTEXT ( ( #4792, #237, #1200 ) ) REPRESENTATION_CONTEXT ( 'NONE', 'WORKASPACE' ) );
#411 =( LENGTH_UNIT ( ) NAMED_UNIT ( * ) SI_UNIT ( .MILLI., .METRE. ) );
#412 = SURFACE_STYLE_USAGE ( .BOTH. , #1417 ) ;
#413 = ORIENTED_EDGE ( 'NONE', *, *, #1312, .T. ) ;
#414 = CARTESIAN_POINT ( 'NONE',  ( -6.674999999997999645, -1.699999999999999956, 2.000000000000000000 ) ) ;
#415 = EDGE_CURVE ( 'NONE', #3898, #3058, #3617, .T. ) ;
#416 = ORIENTED_EDGE ( 'NONE', *, *, #5058, .T. ) ;
#417 = FACE_OUTER_BOUND ( 'NONE', #4798, .T. ) ;
#418 = CARTESIAN_POINT ( 'NONE',  ( 4.500000000000000888, 4.419999999999999929, 4.500000000000000888 ) ) ;
#419 = PRODUCT_DEFINITION_CONTEXT ( 'detailed design', #6047, 'design' ) ;
#420 = CYLINDRICAL_SURFACE ( 'NONE', #1968, 0.1249999999979999749 ) ;
#421 = AXIS2_PLACEMENT_3D ( 'NONE', #2169, #5187, #570 ) ;
#422 = CARTESIAN_POINT ( 'NONE',  ( -6.674999999997999645, -1.699999999999999956, 2.000000000000000000 ) ) ;
#423 = PRESENTATION_STYLE_ASSIGNMENT (( #303 ) ) ;
#424 = COLOUR_RGB ( '',0.7960784313725489669, 0.8235294117647058432, 0.9372549019607843146 ) ;
#425 = FILL_AREA_STYLE ('',( #2882 ) ) ;
#426 = FILL_AREA_STYLE ('',( #3376 ) ) ;
#427 = PLANE ( 'NONE',  #4272 ) ;
#428 = LINE ( 'NONE', #5975, #669 ) ;
#429 = FILL_AREA_STYLE ('',( #4557 ) ) ;
#430 = CARTESIAN_POINT ( 'NONE',  ( 0.000000000000000000, 0.000000000000000000, -5.000000000000000000 ) ) ;
#431 = PRESENTATION_LAYER_ASSIGNMENT (  '', '', ( #3360 ) ) ;
#432 = VERTEX_POINT ( 'NONE', #5159 ) ;
#433 = ORIENTED_EDGE ( 'NONE', *, *, #2808, .F. ) ;
#434 = PRESENTATION_LAYER_ASSIGNMENT (  '', '', ( #1177 ) ) ;
#435 = VERTEX_POINT ( 'NONE', #1762 ) ;
#436 =( GEOMETRIC_REPRESENTATION_CONTEXT ( 3 ) GLOBAL_UNCERTAINTY_ASSIGNED_CONTEXT ( ( #224 ) ) GLOBAL_UNIT_ASSIGNED_CONTEXT ( ( #6326, #3805, #1337 ) ) REPRESENTATION_CONTEXT ( 'NONE', 'WORKASPACE' ) );
#437 = DIRECTION ( 'NONE',  ( -0.000000000000000000, -0.000000000000000000, 1.000000000000000000 ) ) ;
#438 = CARTESIAN_POINT ( 'NONE',  ( -4.500000000000000888, 3.419999999999999929, 3.600000000000000533 ) ) ;
#439 = CIRCLE ( 'NONE', #1072, 0.3750000000020004554 ) ;
#440 = ORIENTED_EDGE ( 'NONE', *, *, #1069, .F. ) ;
#441 = PRESENTATION_LAYER_ASSIGNMENT (  '', '', ( #6304 ) ) ;
#442 = PRESENTATION_LAYER_ASSIGNMENT (  '', '', ( #3061 ) ) ;
#443 = UNCERTAINTY_MEASURE_WITH_UNIT (LENGTH_MEASURE( 1.000000000000000082E-05 ), #4819, 'distance_accuracy_value', 'NONE');
#444 = ORIENTED_EDGE ( 'NONE', *, *, #3270, .T. ) ;
#445 = CARTESIAN_POINT ( 'NONE',  ( -6.022835988174000121, -3.394345434564999930, -2.750000000000000000 ) ) ;
#446 = ADVANCED_FACE ( 'NONE', ( #1697 ), #3913, .T. ) ;
#447 = CARTESIAN_POINT ( 'NONE',  ( 4.500000000000000888, 4.419999999999999929, 5.400000000000000355 ) ) ;
#448 = ORIENTED_EDGE ( 'NONE', *, *, #4533, .T. ) ;
#449 = ORIENTED_EDGE ( 'NONE', *, *, #1446, .F. ) ;
#450 = CARTESIAN_POINT ( 'NONE',  ( 6.313119520966998799, -2.771830389575001607, 1.999999999999994449 ) ) ;
#452 = FACE_OUTER_BOUND ( 'NONE', #5226, .T. ) ;
#451 = COLOUR_RGB ( '',0.7960784313725489669, 0.8235294117647058432, 0.9372549019607843146 ) ;
#453 = ORIENTED_EDGE ( 'NONE', *, *, #3234, .F. ) ;
#454 = DIRECTION ( 'NONE',  ( 0.000000000000000000, -1.000000000000000000, -2.220446049250000002E-16 ) ) ;
#455 =( NAMED_UNIT ( * ) PLANE_ANGLE_UNIT ( ) SI_UNIT ( $, .RADIAN. ) );
#456 = SURFACE_STYLE_FILL_AREA ( #6442 ) ;
#457 = PRESENTATION_STYLE_ASSIGNMENT (( #1461 ) ) ;
#458 = DIRECTION ( 'NONE',  ( 0.000000000000000000, 0.000000000000000000, 1.000000000000000000 ) ) ;
#459 = DIRECTION ( 'NONE',  ( 1.000000000000000000, 0.000000000000000000, 0.000000000000000000 ) ) ;
#460 = MECHANICAL_DESIGN_GEOMETRIC_PRESENTATION_REPRESENTATION (  '', ( #2438 ), #6017 ) ;
#461 = DIRECTION ( 'NONE',  ( -1.000000000000000000, 0.000000000000000000, 0.000000000000000000 ) ) ;
#462 = COLOUR_RGB ( '',0.2509803921568627416, 0.2509803921568627416, 0.2509803921568627416 ) ;
#463 = ORIENTED_EDGE ( 'NONE', *, *, #2001, .F. ) ;
#464 = EDGE_CURVE ( 'NONE', #2424, #480, #5294, .T. ) ;
#465 = PRESENTATION_LAYER_ASSIGNMENT (  '', '', ( #1634 ) ) ;
#466 = DIRECTION ( 'NONE',  ( 0.000000000000000000, 0.000000000000000000, -1.000000000000000000 ) ) ;
#467 = ORIENTED_EDGE ( 'NONE', *, *, #1211, .F. ) ;
#468 = CIRCLE ( 'NONE', #1924, 0.9000000000000002442 ) ;
#469 = STYLED_ITEM ( 'NONE', ( #3169 ), #4222 ) ;
#470 = LINE ( 'NONE', #375, #4631 ) ;
#471 =( NAMED_UNIT ( * ) SI_UNIT ( $, .STERADIAN. ) SOLID_ANGLE_UNIT ( ) );
#472 = CARTESIAN_POINT ( 'NONE',  ( -6.674999999997999645, -1.699999999999999956, 2.000000000000000000 ) ) ;
#473 = EDGE_LOOP ( 'NONE', ( #2425, #503, #4398, #5667 ) ) ;
#474 =( GEOMETRIC_REPRESENTATION_CONTEXT ( 3 ) GLOBAL_UNCERTAINTY_ASSIGNED_CONTEXT ( ( #748 ) ) GLOBAL_UNIT_ASSIGNED_CONTEXT ( ( #1773, #4242, #3361 ) ) REPRESENTATION_CONTEXT ( 'NONE', 'WORKASPACE' ) );
#475 = AXIS2_PLACEMENT_3D ( 'NONE', #2702, #607, #3615 ) ;
#476 = ORIENTED_EDGE ( 'NONE', *, *, #3381, .F. ) ;
#477 = LINE ( 'NONE', #1005, #3609 ) ;
#478 = FACE_OUTER_BOUND ( 'NONE', #3385, .T. ) ;
#479 = LINE ( 'NONE', #2472, #4916 ) ;
#480 = VERTEX_POINT ( 'NONE', #4737 ) ;
#481 = ADVANCED_FACE ( 'NONE', ( #1244 ), #5910, .F. ) ;
#482 = CIRCLE ( 'NONE', #2159, 0.1249999999979999749 ) ;
#483 = ORIENTED_EDGE ( 'NONE', *, *, #1003, .T. ) ;
#484 = DIRECTION ( 'NONE',  ( 0.7071067811865474617, 0.000000000000000000, -0.7071067811865474617 ) ) ;
#485 = EDGE_LOOP ( 'NONE', ( #5312, #3119, #5383, #317 ) ) ;
#486 =( NAMED_UNIT ( * ) SI_UNIT ( $, .STERADIAN. ) SOLID_ANGLE_UNIT ( ) );
#487 = EDGE_CURVE ( 'NONE', #3136, #5948, #4232, .T. ) ;
#488 = VECTOR ( 'NONE', #2976, 1000.000000000000000 ) ;
#489 = CARTESIAN_POINT ( 'NONE',  ( 6.124999999997999822, -0.5000000000000000000, -0.5000000000000000000 ) ) ;
#490 = DIRECTION ( 'NONE',  ( 0.000000000000000000, -1.000000000000000000, -2.220446049250000002E-16 ) ) ;
#491 = CARTESIAN_POINT ( 'NONE',  ( 5.375000000000000000, 3.419999999999999929, -5.375000000000000000 ) ) ;
#492 = FACE_OUTER_BOUND ( 'NONE', #2635, .T. ) ;
#493 = DIRECTION ( 'NONE',  ( 0.000000000000000000, 0.000000000000000000, 1.000000000000000000 ) ) ;
#494 = DIRECTION ( 'NONE',  ( -1.000000000000000000, 0.000000000000000000, 0.000000000000000000 ) ) ;
#495 = DIRECTION ( 'NONE',  ( 1.000000000000000000, 0.000000000000000000, 0.000000000000000000 ) ) ;
#496 =( NAMED_UNIT ( * ) PLANE_ANGLE_UNIT ( ) SI_UNIT ( $, .RADIAN. ) );
#497 = DIRECTION ( 'NONE',  ( 0.000000000000000000, 0.000000000000000000, 1.000000000000000000 ) ) ;
#498 = ORIENTED_EDGE ( 'NONE', *, *, #1601, .T. ) ;
#499 = DIRECTION ( 'NONE',  ( -0.4226182617383951734, -0.9063077870377244105, 0.000000000000000000 ) ) ;
#500 = EDGE_CURVE ( 'NONE', #5832, #3414, #1681, .T. ) ;
#501 = AXIS2_PLACEMENT_3D ( 'NONE', #430, #4520, #990 ) ;
#502 = SURFACE_STYLE_FILL_AREA ( #5985 ) ;
#503 = ORIENTED_EDGE ( 'NONE', *, *, #4728, .F. ) ;
#504 = UNCERTAINTY_MEASURE_WITH_UNIT (LENGTH_MEASURE( 1.000000000000000082E-05 ), #5730, 'distance_accuracy_value', 'NONE');
#505 = VERTEX_POINT ( 'NONE', #889 ) ;
#506 = LINE ( 'NONE', #2504, #6338 ) ;
#507 = DIRECTION ( 'NONE',  ( 0.000000000000000000, -1.000000000000000000, -2.220446049250000002E-16 ) ) ;
#508 = DIRECTION ( 'NONE',  ( 0.000000000000000000, -1.000000000000000000, -2.220446049250000002E-16 ) ) ;
#509 =( LENGTH_UNIT ( ) NAMED_UNIT ( * ) SI_UNIT ( .MILLI., .METRE. ) );
#510 = AXIS2_PLACEMENT_3D ( 'NONE', #6006, #5969, #3043 ) ;
#511 = FILL_AREA_STYLE ('',( #3419 ) ) ;
#512 =( GEOMETRIC_REPRESENTATION_CONTEXT ( 3 ) GLOBAL_UNCERTAINTY_ASSIGNED_CONTEXT ( ( #6183 ) ) GLOBAL_UNIT_ASSIGNED_CONTEXT ( ( #1796, #3288, #3410 ) ) REPRESENTATION_CONTEXT ( 'NONE', 'WORKASPACE' ) );
#513 = EDGE_LOOP ( 'NONE', ( #4776, #4472, #1554, #2581 ) ) ;
#514 = ORIENTED_EDGE ( 'NONE', *, *, #574, .F. ) ;
#515 = STYLED_ITEM ( 'NONE', ( #2634 ), #5140 ) ;
#516 =( LENGTH_UNIT ( ) NAMED_UNIT ( * ) SI_UNIT ( .MILLI., .METRE. ) );
#517 = MECHANICAL_DESIGN_GEOMETRIC_PRESENTATION_REPRESENTATION (  '', ( #1787 ), #3439 ) ;
#518 = ADVANCED_FACE ( 'NONE', ( #734, #5255 ), #672, .T. ) ;
#519 = ORIENTED_EDGE ( 'NONE', *, *, #4030, .T. ) ;
#520 = DIRECTION ( 'NONE',  ( -0.3971312619664671417, 0.8516507396395217588, -0.3420201433254725920 ) ) ;
#521 =( NAMED_UNIT ( * ) SI_UNIT ( $, .STERADIAN. ) SOLID_ANGLE_UNIT ( ) );
#522 =( NAMED_UNIT ( * ) SI_UNIT ( $, .STERADIAN. ) SOLID_ANGLE_UNIT ( ) );
#523 =( GEOMETRIC_REPRESENTATION_CONTEXT ( 3 ) GLOBAL_UNCERTAINTY_ASSIGNED_CONTEXT ( ( #4854 ) ) GLOBAL_UNIT_ASSIGNED_CONTEXT ( ( #4381, #4852, #812 ) ) REPRESENTATION_CONTEXT ( 'NONE', 'WORKASPACE' ) );
#524 = CYLINDRICAL_SURFACE ( 'NONE', #3161, 0.9000000000000002442 ) ;
#525 = FACE_OUTER_BOUND ( 'NONE', #2962, .T. ) ;
#526 = EDGE_CURVE ( 'NONE', #2864, #939, #3980, .T. ) ;
#527 = DIRECTION ( 'NONE',  ( -1.000000000000000000, 0.000000000000000000, 0.000000000000000000 ) ) ;
#528 = PRODUCT_CONTEXT ( 'NONE', #2694, 'mechanical' ) ;
#529 = FACE_OUTER_BOUND ( 'NONE', #1934, .T. ) ;
#530 = PRODUCT ( '1571627-1', '1571627-1', '', ( #4623 ) ) ;
#531 = SURFACE_SIDE_STYLE ('',( #5051 ) ) ;
#532 = VERTEX_POINT ( 'NONE', #2523 ) ;
#533 = AXIS2_PLACEMENT_3D ( 'NONE', #4351, #5842, #851 ) ;
#534 = DIRECTION ( 'NONE',  ( 0.5394599732739951969, 0.8420112453139925179, 0.000000000000000000 ) ) ;
#535 = FILL_AREA_STYLE_COLOUR ( '', #2929 ) ;
#536 = CARTESIAN_POINT ( 'NONE',  ( 1.400000000000000069E-16, 3.919999999999999929, 9.500000000000000294E-17 ) ) ;
#537 = ORIENTED_EDGE ( 'NONE', *, *, #1086, .F. ) ;
#538 =( GEOMETRIC_REPRESENTATION_CONTEXT ( 3 ) GLOBAL_UNCERTAINTY_ASSIGNED_CONTEXT ( ( #6455 ) ) GLOBAL_UNIT_ASSIGNED_CONTEXT ( ( #6302, #1846, #338 ) ) REPRESENTATION_CONTEXT ( 'NONE', 'WORKASPACE' ) );
#539 = ADVANCED_FACE ( 'NONE', ( #5432 ), #3476, .F. ) ;
#540 = AXIS2_PLACEMENT_3D ( 'NONE', #1233, #4726, #2695 ) ;
#541 = ORIENTED_EDGE ( 'NONE', *, *, #487, .F. ) ;
#542 = CARTESIAN_POINT ( 'NONE',  ( 1.905000000000000027, 7.360000000000000320, 1.905000000000000027 ) ) ;
#543 = CARTESIAN_POINT ( 'NONE',  ( 4.500000000000000888, 3.419999999999999929, -4.500000000000000888 ) ) ;
#544 = CARTESIAN_POINT ( 'NONE',  ( 6.167977754569999860, -3.083087912069999881, 2.875000000000000000 ) ) ;
#545 = LINE ( 'NONE', #3527, #2838 ) ;
#546 = STYLED_ITEM ( 'NONE', ( #3952 ), #2671 ) ;
#547 = CARTESIAN_POINT ( 'NONE',  ( 6.022835988173979693, -3.394345434565043007, 0.2500000000001297296 ) ) ;
#548 = ORIENTED_EDGE ( 'NONE', *, *, #1976, .F. ) ;
#549 = EDGE_CURVE ( 'NONE', #6423, #1579, #5291, .T. ) ;
#550 = MANIFOLD_SOLID_BREP ( 'Imported1', #340 ) ;
#551 = EDGE_LOOP ( 'NONE', ( #1274, #3227 ) ) ;
#552 = LINE ( 'NONE', #450, #2533 ) ;
#553 = CIRCLE ( 'NONE', #1611, 0.1249999999979999749 ) ;
#554 = SURFACE_SIDE_STYLE ('',( #6121 ) ) ;
#555 = VECTOR ( 'NONE', #3424, 1000.000000000000114 ) ;
#556 = DIRECTION ( 'NONE',  ( 0.000000000000000000, -0.000000000000000000, 1.000000000000000000 ) ) ;
#557 = CARTESIAN_POINT ( 'NONE',  ( -6.000000000000000000, 1.000000000000000000, 2.000000000000000000 ) ) ;
#558 = SURFACE_SIDE_STYLE ('',( #4548 ) ) ;
#559 = PRODUCT_RELATED_PRODUCT_CATEGORY ( 'part', '', ( #530 ) ) ;
#560 = SURFACE_STYLE_USAGE ( .BOTH. , #5075 ) ;
#561 = CYLINDRICAL_SURFACE ( 'NONE', #1499, 0.1249999999979999749 ) ;
#562 =( LENGTH_UNIT ( ) NAMED_UNIT ( * ) SI_UNIT ( .MILLI., .METRE. ) );
#563 = FILL_AREA_STYLE ('',( #1711 ) ) ;
#564 = FILL_AREA_STYLE_COLOUR ( '', #1971 ) ;
#565 = DIRECTION ( 'NONE',  ( 0.000000000000000000, 0.000000000000000000, 1.000000000000000000 ) ) ;
#566 = AXIS2_PLACEMENT_3D ( 'NONE', #4143, #6125, #3042 ) ;
#567 = ADVANCED_FACE ( 'NONE', ( #3602 ), #3182, .F. ) ;
#568 = FACE_OUTER_BOUND ( 'NONE', #2583, .T. ) ;
#569 = VERTEX_POINT ( 'NONE', #3667 ) ;
#570 = DIRECTION ( 'NONE',  ( -1.000000000000000000, 0.000000000000000000, 0.000000000000000000 ) ) ;
#571 = VECTOR ( 'NONE', #1192, 1000.000000000000000 ) ;
#572 = VECTOR ( 'NONE', #5425, 1000.000000000000227 ) ;
#573 = VERTEX_POINT ( 'NONE', #628 ) ;
#574 = EDGE_CURVE ( 'NONE', #6018, #1390, #1228, .T. ) ;
#575 = MECHANICAL_DESIGN_GEOMETRIC_PRESENTATION_REPRESENTATION (  '', ( #5210 ), #1216 ) ;
#576 = ORIENTED_EDGE ( 'NONE', *, *, #5357, .F. ) ;
#577 = SURFACE_STYLE_FILL_AREA ( #6054 ) ;
#578 = CARTESIAN_POINT ( 'NONE',  ( -6.394748594337245962, -0.5674324966580887031, -2.000000000000000000 ) ) ;
#579 = UNCERTAINTY_MEASURE_WITH_UNIT (LENGTH_MEASURE( 1.000000000000000082E-05 ), #4613, 'distance_accuracy_value', 'NONE');
#580 =( GEOMETRIC_REPRESENTATION_CONTEXT ( 3 ) GLOBAL_UNCERTAINTY_ASSIGNED_CONTEXT ( ( #3175 ) ) GLOBAL_UNIT_ASSIGNED_CONTEXT ( ( #1230, #1748, #2294 ) ) REPRESENTATION_CONTEXT ( 'NONE', 'WORKASPACE' ) );
#581 = CARTESIAN_POINT ( 'NONE',  ( 6.990754216993001258, -1.497702510021000188, 3.000000000000000000 ) ) ;
#582 = EDGE_LOOP ( 'NONE', ( #3394, #5507, #4497, #3293 ) ) ;
#583 = ORIENTED_EDGE ( 'NONE', *, *, #4053, .T. ) ;
#584 = MECHANICAL_DESIGN_GEOMETRIC_PRESENTATION_REPRESENTATION (  '', ( #4805 ), #4147 ) ;
#585 = CARTESIAN_POINT ( 'NONE',  ( 6.313119520966999687, -2.771830389574999831, 0.5000000000000000000 ) ) ;
#586 = PRESENTATION_STYLE_ASSIGNMENT (( #5619 ) ) ;
#587 =( NAMED_UNIT ( * ) SI_UNIT ( $, .STERADIAN. ) SOLID_ANGLE_UNIT ( ) );
#588 = EDGE_CURVE ( 'NONE', #6018, #121, #720, .T. ) ;
#589 = CARTESIAN_POINT ( 'NONE',  ( 6.249412934933003427, -3.499999999999992450, 0.2499999999999758804 ) ) ;
#590 =( GEOMETRIC_REPRESENTATION_CONTEXT ( 3 ) GLOBAL_UNCERTAINTY_ASSIGNED_CONTEXT ( ( #176 ) ) GLOBAL_UNIT_ASSIGNED_CONTEXT ( ( #3635, #106, #138 ) ) REPRESENTATION_CONTEXT ( 'NONE', 'WORKASPACE' ) );
#591 = PLANE ( 'NONE',  #2649 ) ;
#592 = SURFACE_SIDE_STYLE ('',( #5109 ) ) ;
#593 = CYLINDRICAL_SURFACE ( 'NONE', #2347, 0.3750000000020004554 ) ;
#594 = FILL_AREA_STYLE ('',( #5110 ) ) ;
#595 = CARTESIAN_POINT ( 'NONE',  ( -6.313119520966998799, -2.771830389575001607, -3.000000000000005773 ) ) ;
#596 = SHAPE_DEFINITION_REPRESENTATION ( #2572, #6216 ) ;
#597 = PRESENTATION_STYLE_ASSIGNMENT (( #1166 ) ) ;
#598 = VECTOR ( 'NONE', #791, 1000.000000000000000 ) ;
#599 = DIRECTION ( 'NONE',  ( -1.000000000000000000, 0.000000000000000000, 0.000000000000000000 ) ) ;
#600 = ORIENTED_EDGE ( 'NONE', *, *, #5, .F. ) ;
#601 = SURFACE_STYLE_FILL_AREA ( #3516 ) ;
#602 = DIRECTION ( 'NONE',  ( 0.000000000000000000, -1.000000000000000000, -2.220446049250000002E-16 ) ) ;
#603 = COLOUR_RGB ( '',0.2509803921568627416, 0.2509803921568627416, 0.2509803921568627416 ) ;
#604 = ADVANCED_FACE ( 'NONE', ( #5693 ), #3146, .F. ) ;
#605 = ORIENTED_EDGE ( 'NONE', *, *, #2127, .F. ) ;
#606 = VERTEX_POINT ( 'NONE', #2664 ) ;
#607 = DIRECTION ( 'NONE',  ( -0.8420112453139925179, -0.5394599732739951969, 0.000000000000000000 ) ) ;
#608 =( NAMED_UNIT ( * ) PLANE_ANGLE_UNIT ( ) SI_UNIT ( $, .RADIAN. ) );
#609 = FILL_AREA_STYLE_COLOUR ( '', #4640 ) ;
#610 = DIRECTION ( 'NONE',  ( 0.000000000000000000, -1.000000000000000000, -2.220446049250000002E-16 ) ) ;
#611 = EDGE_CURVE ( 'NONE', #2898, #1466, #1714, .T. ) ;
#612 = SURFACE_STYLE_USAGE ( .BOTH. , #58 ) ;
#613 = ORIENTED_EDGE ( 'NONE', *, *, #2100, .F. ) ;
#614 = EDGE_LOOP ( 'NONE', ( #2478, #5250, #4979, #1248 ) ) ;
#615 = LINE ( 'NONE', #5134, #3504 ) ;
#616 = PLANE ( 'NONE',  #6007 ) ;
#617 = DIRECTION ( 'NONE',  ( -0.000000000000000000, -0.000000000000000000, -1.000000000000000000 ) ) ;
#618 =( LENGTH_UNIT ( ) NAMED_UNIT ( * ) SI_UNIT ( .MILLI., .METRE. ) );
#619 = CIRCLE ( 'NONE', #5146, 0.8999999999999998002 ) ;
#620 = CARTESIAN_POINT ( 'NONE',  ( 6.000000000000000000, -1.145024611515000013, 2.000000000000000000 ) ) ;
#621 = PRESENTATION_LAYER_ASSIGNMENT (  '', '', ( #5561 ) ) ;
#622 = UNCERTAINTY_MEASURE_WITH_UNIT (LENGTH_MEASURE( 1.000000000000000082E-05 ), #4407, 'distance_accuracy_value', 'NONE');
#623 = VECTOR ( 'NONE', #3349, 1000.000000000000000 ) ;
#624 = ADVANCED_FACE ( 'NONE', ( #2197 ), #4212, .F. ) ;
#625 = LINE ( 'NONE', #3208, #2421 ) ;
#626 = LINE ( 'NONE', #595, #72 ) ;
#627 = PLANE ( 'NONE',  #2866 ) ;
#628 = CARTESIAN_POINT ( 'NONE',  ( 6.375000000002000178, 0.8750000000019998447, -0.5000000000000000000 ) ) ;
#629 = APPLICATION_PROTOCOL_DEFINITION ( 'draft international standard', 'automotive_design', 1998, #3351 ) ;
#630 =( GEOMETRIC_REPRESENTATION_CONTEXT ( 3 ) GLOBAL_UNCERTAINTY_ASSIGNED_CONTEXT ( ( #5938 ) ) GLOBAL_UNIT_ASSIGNED_CONTEXT ( ( #2759, #783, #229 ) ) REPRESENTATION_CONTEXT ( 'NONE', 'WORKASPACE' ) );
#631 = LINE ( 'NONE', #2268, #4521 ) ;
#632 = ORIENTED_EDGE ( 'NONE', *, *, #5944, .T. ) ;
#633 = VECTOR ( 'NONE', #6452, 1000.000000000000000 ) ;
#634 = ORIENTED_EDGE ( 'NONE', *, *, #4561, .F. ) ;
#635 = COLOUR_RGB ( '',0.7960784313725489669, 0.8235294117647058432, 0.9372549019607843146 ) ;
#636 = PRODUCT_RELATED_PRODUCT_CATEGORY ( 'part', '', ( #4703 ) ) ;
#637 =( GEOMETRIC_REPRESENTATION_CONTEXT ( 3 ) GLOBAL_UNCERTAINTY_ASSIGNED_CONTEXT ( ( #3251 ) ) GLOBAL_UNIT_ASSIGNED_CONTEXT ( ( #4133, #6087, #2017 ) ) REPRESENTATION_CONTEXT ( 'NONE', 'WORKASPACE' ) );
#638 = UNCERTAINTY_MEASURE_WITH_UNIT (LENGTH_MEASURE( 1.000000000000000082E-05 ), #3286, 'distance_accuracy_value', 'NONE');
#639 = VERTEX_POINT ( 'NONE', #1263 ) ;
#640 = CARTESIAN_POINT ( 'NONE',  ( -7.049999999999998934, -1.699999999999999956, -2.000000000000000000 ) ) ;
#641 = CARTESIAN_POINT ( 'NONE',  ( -4.500000000000000888, 3.419999999999999929, -5.400000000000000355 ) ) ;
#642 = PLANE ( 'NONE',  #1 ) ;
#643 = CARTESIAN_POINT ( 'NONE',  ( 6.313119520966999687, -2.771830389574999831, 3.000000000000000000 ) ) ;
#644 =( LENGTH_UNIT ( ) NAMED_UNIT ( * ) SI_UNIT ( .MILLI., .METRE. ) );
#645 = EDGE_LOOP ( 'NONE', ( #2952, #5095, #4137, #6454 ) ) ;
#646 = STYLED_ITEM ( 'NONE', ( #869 ), #3403 ) ;
#647 = EDGE_CURVE ( 'NONE', #275, #5195, #5273, .T. ) ;
#648 = EDGE_LOOP ( 'NONE', ( #6152, #1477, #1510, #2960 ) ) ;
#649 = ORIENTED_EDGE ( 'NONE', *, *, #4315, .T. ) ;
#650 = COLOUR_RGB ( '',0.2509803921568627416, 0.2509803921568627416, 0.2509803921568627416 ) ;
#651 = STYLED_ITEM ( 'NONE', ( #5322 ), #2633 ) ;
#652 =( NAMED_UNIT ( * ) SI_UNIT ( $, .STERADIAN. ) SOLID_ANGLE_UNIT ( ) );
#653 = AXIS2_PLACEMENT_3D ( 'NONE', #904, #6431, #2965 ) ;
#654 = DIRECTION ( 'NONE',  ( 0.9063077870389449897, -0.4226182617357776006, 0.000000000000000000 ) ) ;
#655 = FILL_AREA_STYLE_COLOUR ( '', #5087 ) ;
#656 = DIRECTION ( 'NONE',  ( 0.000000000000000000, 0.000000000000000000, 1.000000000000000000 ) ) ;
#657 = ADVANCED_FACE ( 'NONE', ( #6223, #4894 ), #2763, .T. ) ;
#658 =( GEOMETRIC_REPRESENTATION_CONTEXT ( 3 ) GLOBAL_UNCERTAINTY_ASSIGNED_CONTEXT ( ( #2737 ) ) GLOBAL_UNIT_ASSIGNED_CONTEXT ( ( #811, #1292, #3764 ) ) REPRESENTATION_CONTEXT ( 'NONE', 'WORKASPACE' ) );
#659 = LINE ( 'NONE', #1159, #27 ) ;
#660 = VECTOR ( 'NONE', #3591, 1000.000000000000000 ) ;
#661 = DIRECTION ( 'NONE',  ( 0.000000000000000000, 0.000000000000000000, 1.000000000000000000 ) ) ;
#662 = PRODUCT_CONTEXT ( 'NONE', #5316, 'mechanical' ) ;
#663 = DIRECTION ( 'NONE',  ( 0.000000000000000000, -2.299999999999999903E-16, 1.000000000000000000 ) ) ;
#664 = LINE ( 'NONE', #4696, #1156 ) ;
#665 = ORIENTED_EDGE ( 'NONE', *, *, #2101, .T. ) ;
#666 = CARTESIAN_POINT ( 'NONE',  ( 6.124999999997999822, -1.145024611515000013, 2.000000000000000000 ) ) ;
#667 =( GEOMETRIC_REPRESENTATION_CONTEXT ( 3 ) GLOBAL_UNCERTAINTY_ASSIGNED_CONTEXT ( ( #3697 ) ) GLOBAL_UNIT_ASSIGNED_CONTEXT ( ( #5300, #4714, #3206 ) ) REPRESENTATION_CONTEXT ( 'NONE', 'WORKASPACE' ) );
#668 = ORIENTED_EDGE ( 'NONE', *, *, #4608, .T. ) ;
#669 = VECTOR ( 'NONE', #3878, 1000.000000000000000 ) ;
#670 = DIRECTION ( 'NONE',  ( -1.000000000000000000, 0.000000000000000000, 0.000000000000000000 ) ) ;
#671 = DIRECTION ( 'NONE',  ( -0.9063077870379250278, -0.4226182617379650730, 0.000000000000000000 ) ) ;
#672 = PLANE ( 'NONE',  #6162 ) ;
#673 = COLOUR_RGB ( '',0.7960784313725489669, 0.8235294117647058432, 0.9372549019607843146 ) ;
#674 = LINE ( 'NONE', #2650, #5927 ) ;
#675 = EDGE_LOOP ( 'NONE', ( #877, #4611, #583, #5856 ) ) ;
#676 = PRESENTATION_LAYER_ASSIGNMENT (  '', '', ( #157 ) ) ;
#677 = VERTEX_POINT ( 'NONE', #396 ) ;
#678 = DIRECTION ( 'NONE',  ( -0.000000000000000000, -0.000000000000000000, -1.000000000000000000 ) ) ;
#679 = APPLICATION_CONTEXT ( 'automotive_design' ) ;
#680 = FACE_OUTER_BOUND ( 'NONE', #2133, .T. ) ;
#681 = SURFACE_STYLE_USAGE ( .BOTH. , #6064 ) ;
#682 = AXIS2_PLACEMENT_3D ( 'NONE', #1336, #1301, #4316 ) ;
#683 =( NAMED_UNIT ( * ) SI_UNIT ( $, .STERADIAN. ) SOLID_ANGLE_UNIT ( ) );
#684 = LINE ( 'NONE', #2687, #2989 ) ;
#685 = PRESENTATION_LAYER_ASSIGNMENT (  '', '', ( #5824 ) ) ;
#686 = UNCERTAINTY_MEASURE_WITH_UNIT (LENGTH_MEASURE( 1.000000000000000082E-05 ), #2018, 'distance_accuracy_value', 'NONE');
#687 = DIRECTION ( 'NONE',  ( 0.5394599732739951969, 0.8420112453139925179, 0.000000000000000000 ) ) ;
#688 = FILL_AREA_STYLE_COLOUR ( '', #6292 ) ;
#689 = FACE_OUTER_BOUND ( 'NONE', #1568, .T. ) ;
#690 = FACE_OUTER_BOUND ( 'NONE', #5963, .T. ) ;
#691 = PRESENTATION_STYLE_ASSIGNMENT (( #6222 ) ) ;
#692 = UNCERTAINTY_MEASURE_WITH_UNIT (LENGTH_MEASURE( 1.000000000000000082E-05 ), #3501, 'distance_accuracy_value', 'NONE');
#693 =( NAMED_UNIT ( * ) PLANE_ANGLE_UNIT ( ) SI_UNIT ( $, .RADIAN. ) );
#694 = ADVANCED_FACE ( 'NONE', ( #2262 ), #3311, .T. ) ;
#695 = SURFACE_STYLE_FILL_AREA ( #1661 ) ;
#696 = FACE_OUTER_BOUND ( 'NONE', #731, .T. ) ;
#697 = SURFACE_STYLE_USAGE ( .BOTH. , #6193 ) ;
#698 = ORIENTED_EDGE ( 'NONE', *, *, #3630, .F. ) ;
#699 = AXIS2_PLACEMENT_3D ( 'NONE', #1781, #5238, #5866 ) ;
#700 = VECTOR ( 'NONE', #6330, 1000.000000000000000 ) ;
#701 = VERTEX_POINT ( 'NONE', #1958 ) ;
#702 = STYLED_ITEM ( 'NONE', ( #1530 ), #2404 ) ;
#703 = EDGE_CURVE ( 'NONE', #6414, #1799, #1173, .T. ) ;
#704 = CARTESIAN_POINT ( 'NONE',  ( 6.394748594337227310, -0.5674324966581004714, -0.5000000000000000000 ) ) ;
#705 =( NAMED_UNIT ( * ) PLANE_ANGLE_UNIT ( ) SI_UNIT ( $, .RADIAN. ) );
#706 = SURFACE_STYLE_FILL_AREA ( #4334 ) ;
#707 = ORIENTED_EDGE ( 'NONE', *, *, #820, .F. ) ;
#708 = ORIENTED_EDGE ( 'NONE', *, *, #1783, .T. ) ;
#709 = AXIS2_PLACEMENT_3D ( 'NONE', #3300, #1040, #4394 ) ;
#710 = VERTEX_POINT ( 'NONE', #5457 ) ;
#711 = FILL_AREA_STYLE_COLOUR ( '', #1183 ) ;
#712 =( NAMED_UNIT ( * ) SI_UNIT ( $, .STERADIAN. ) SOLID_ANGLE_UNIT ( ) );
#713 = DIRECTION ( 'NONE',  ( 0.9063077870379250278, 0.4226182617379650730, 0.000000000000000000 ) ) ;
#714 = FACE_OUTER_BOUND ( 'NONE', #2327, .T. ) ;
#715 = DIRECTION ( 'NONE',  ( 0.000000000000000000, -1.000000000000000000, -2.220446049250000002E-16 ) ) ;
#716 = LINE ( 'NONE', #4284, #4602 ) ;
#717 = CYLINDRICAL_SURFACE ( 'NONE', #6117, 0.3750000000020004554 ) ;
#718 = LINE ( 'NONE', #361, #3840 ) ;
#719 = FILL_AREA_STYLE ('',( #5816 ) ) ;
#720 = LINE ( 'NONE', #4659, #6405 ) ;
#721 = PRESENTATION_STYLE_ASSIGNMENT (( #3699 ) ) ;
#722 = LINE ( 'NONE', #4760, #5278 ) ;
#723 = PRESENTATION_LAYER_ASSIGNMENT (  '', '', ( #2391 ) ) ;
#724 = EDGE_CURVE ( 'NONE', #2681, #3191, #322, .T. ) ;
#725 = SURFACE_STYLE_FILL_AREA ( #3118 ) ;
#726 = ORIENTED_EDGE ( 'NONE', *, *, #3320, .T. ) ;
#727 = DIRECTION ( 'NONE',  ( -1.000000000000000000, 0.000000000000000000, 0.000000000000000000 ) ) ;
#728 = AXIS2_PLACEMENT_3D ( 'NONE', #1089, #2029, #5142 ) ;
#729 = CARTESIAN_POINT ( 'NONE',  ( -5.750000000000000000, 3.919999999999999929, -5.750000000000000000 ) ) ;
#730 =( LENGTH_UNIT ( ) NAMED_UNIT ( * ) SI_UNIT ( .MILLI., .METRE. ) );
#731 = EDGE_LOOP ( 'NONE', ( #6412, #911, #1410, #1470 ) ) ;
#732 = CARTESIAN_POINT ( 'NONE',  ( -6.124999999997999822, 0.8750000000019998447, -3.000000000000000000 ) ) ;
#733 = LINE ( 'NONE', #5742, #2402 ) ;
#734 = FACE_BOUND ( 'NONE', #3888, .T. ) ;
#735 = VECTOR ( 'NONE', #1108, 1000.000000000000114 ) ;
#736 = MECHANICAL_DESIGN_GEOMETRIC_PRESENTATION_REPRESENTATION (  '', ( #2631 ), #3456 ) ;
#737 = EDGE_LOOP ( 'NONE', ( #1553, #2569, #6207, #51 ) ) ;
#738 = EDGE_LOOP ( 'NONE', ( #978, #2215 ) ) ;
#739 = DIRECTION ( 'NONE',  ( -1.000000000000000000, -1.156482317311704608E-15, 0.000000000000000000 ) ) ;
#740 = LINE ( 'NONE', #4779, #1896 ) ;
#741 = CARTESIAN_POINT ( 'NONE',  ( 6.539696467728110640, -2.877484955009652179, 1.999999999999918510 ) ) ;
#742 = CARTESIAN_POINT ( 'NONE',  ( -6.022835988174000121, -3.394345434564999930, 2.000000000000000000 ) ) ;
#743 = SURFACE_STYLE_USAGE ( .BOTH. , #4241 ) ;
#744 = COLOUR_RGB ( '',0.7960784313725489669, 0.8235294117647058432, 0.9372549019607843146 ) ;
#745 = EDGE_CURVE ( 'NONE', #4838, #3127, #1919, .T. ) ;
#746 = PRESENTATION_LAYER_ASSIGNMENT (  '', '', ( #5381 ) ) ;
#747 = CIRCLE ( 'NONE', #4221, 0.9000000000000002442 ) ;
#748 = UNCERTAINTY_MEASURE_WITH_UNIT (LENGTH_MEASURE( 1.000000000000000082E-05 ), #1773, 'distance_accuracy_value', 'NONE');
#749 = DIRECTION ( 'NONE',  ( 0.000000000000000000, 0.000000000000000000, -1.000000000000000000 ) ) ;
#750 = COLOUR_RGB ( '',0.2509803921568627416, 0.2509803921568627416, 0.2509803921568627416 ) ;
#751 = FACE_OUTER_BOUND ( 'NONE', #473, .T. ) ;
#752 = DIRECTION ( 'NONE',  ( 0.000000000000000000, 1.000000000000000000, 0.000000000000000000 ) ) ;
#753 =( LENGTH_UNIT ( ) NAMED_UNIT ( * ) SI_UNIT ( .MILLI., .METRE. ) );
#754 =( NAMED_UNIT ( * ) PLANE_ANGLE_UNIT ( ) SI_UNIT ( $, .RADIAN. ) );
#755 = COLOUR_RGB ( '',0.7960784313725489669, 0.8235294117647058432, 0.9372549019607843146 ) ;
#756 = SURFACE_STYLE_FILL_AREA ( #5274 ) ;
#757 = PRESENTATION_LAYER_ASSIGNMENT (  '', '', ( #4771 ) ) ;
#758 = ORIENTED_EDGE ( 'NONE', *, *, #5335, .T. ) ;
#759 = COLOUR_RGB ( '',0.7960784313725489669, 0.8235294117647058432, 0.9372549019607843146 ) ;
#760 = UNCERTAINTY_MEASURE_WITH_UNIT (LENGTH_MEASURE( 1.000000000000000082E-05 ), #1008, 'distance_accuracy_value', 'NONE');
#761 = CARTESIAN_POINT ( 'NONE',  ( 6.674999999997999645, -1.699999999999999956, 2.000000000000000000 ) ) ;
#762 = MECHANICAL_DESIGN_GEOMETRIC_PRESENTATION_REPRESENTATION (  '', ( #3580 ), #1636 ) ;
#763 = SHAPE_REPRESENTATION_RELATIONSHIP ( 'NONE' , 'NONE' ,  #6266, #5655 ) ;
#764 = CARTESIAN_POINT ( 'NONE',  ( -5.750000000000000000, 3.919999999999999041, 5.000000000000000000 ) ) ;
#765 = EDGE_LOOP ( 'NONE', ( #6394, #6149, #498, #4909 ) ) ;
#766 = DIRECTION ( 'NONE',  ( 0.7071067811865474617, 0.000000000000000000, 0.7071067811865474617 ) ) ;
#767 = LINE ( 'NONE', #4801, #2497 ) ;
#768 = FILL_AREA_STYLE ('',( #2175 ) ) ;
#769 = EDGE_CURVE ( 'NONE', #2114, #3494, #2481, .T. ) ;
#770 = MECHANICAL_DESIGN_GEOMETRIC_PRESENTATION_REPRESENTATION (  '', ( #2435 ), #5758 ) ;
#771 = ORIENTED_EDGE ( 'NONE', *, *, #3153, .F. ) ;
#772 = ORIENTED_EDGE ( 'NONE', *, *, #5002, .T. ) ;
#773 = PLANE ( 'NONE',  #4263 ) ;
#774 = AXIS2_PLACEMENT_3D ( 'NONE', #5048, #527, #5558 ) ;
#775 = LINE ( 'NONE', #2283, #4345 ) ;
#776 = SURFACE_STYLE_USAGE ( .BOTH. , #1287 ) ;
#777 = PLANE ( 'NONE',  #3865 ) ;
#778 = AXIS2_PLACEMENT_3D ( 'NONE', #418, #4447, #6415 ) ;
#779 = CARTESIAN_POINT ( 'NONE',  ( 4.500000000000000888, 3.419999999999999929, 5.400000000000000355 ) ) ;
#780 = VECTOR ( 'NONE', #3278, 1000.000000000000114 ) ;
#781 = LINE ( 'NONE', #2256, #6435 ) ;
#782 =( LENGTH_UNIT ( ) NAMED_UNIT ( * ) SI_UNIT ( .MILLI., .METRE. ) );
#783 =( NAMED_UNIT ( * ) PLANE_ANGLE_UNIT ( ) SI_UNIT ( $, .RADIAN. ) );
#784 = ADVANCED_FACE ( 'NONE', ( #5939 ), #2026, .F. ) ;
#785 =( NAMED_UNIT ( * ) SI_UNIT ( $, .STERADIAN. ) SOLID_ANGLE_UNIT ( ) );
#786 = CARTESIAN_POINT ( 'NONE',  ( -4.500000000000000888, 2.919999999999999929, -4.500000000000000888 ) ) ;
#787 = DIRECTION ( 'NONE',  ( -0.4226182617399908414, 0.9063077870369803390, 0.000000000000000000 ) ) ;
#788 =( GEOMETRIC_REPRESENTATION_CONTEXT ( 3 ) GLOBAL_UNCERTAINTY_ASSIGNED_CONTEXT ( ( #6406 ) ) GLOBAL_UNIT_ASSIGNED_CONTEXT ( ( #6036, #4549, #3539 ) ) REPRESENTATION_CONTEXT ( 'NONE', 'WORKASPACE' ) );
#789 = VERTEX_POINT ( 'NONE', #1527 ) ;
#790 =( GEOMETRIC_REPRESENTATION_CONTEXT ( 3 ) GLOBAL_UNCERTAINTY_ASSIGNED_CONTEXT ( ( #5641 ) ) GLOBAL_UNIT_ASSIGNED_CONTEXT ( ( #799, #286, #5943 ) ) REPRESENTATION_CONTEXT ( 'NONE', 'WORKASPACE' ) );
#791 = DIRECTION ( 'NONE',  ( 1.000000000000000000, 0.000000000000000000, -0.000000000000000000 ) ) ;
#792 = SURFACE_SIDE_STYLE ('',( #5317 ) ) ;
#793 = SURFACE_STYLE_FILL_AREA ( #5318 ) ;
#794 = PLANE ( 'NONE',  #4333 ) ;
#795 = EDGE_LOOP ( 'NONE', ( #185, #1419, #1284, #1646 ) ) ;
#796 = MECHANICAL_DESIGN_GEOMETRIC_PRESENTATION_REPRESENTATION (  '', ( #3618 ), #3948 ) ;
#797 = AXIS2_PLACEMENT_3D ( 'NONE', #813, #6320, #2724 ) ;
#798 = MECHANICAL_DESIGN_GEOMETRIC_PRESENTATION_REPRESENTATION (  '', ( #3725 ), #590 ) ;
#799 =( LENGTH_UNIT ( ) NAMED_UNIT ( * ) SI_UNIT ( .MILLI., .METRE. ) );
#800 = EDGE_CURVE ( 'NONE', #3451, #5777, #5145, .T. ) ;
#801 = LINE ( 'NONE', #4195, #102 ) ;
#802 = CARTESIAN_POINT ( 'NONE',  ( -6.022835988174000121, -3.394345434564999930, 2.250000000000000444 ) ) ;
#803 = APPLICATION_CONTEXT ( 'automotive_design' ) ;
#804 = ORIENTED_EDGE ( 'NONE', *, *, #5839, .T. ) ;
#805 = PRESENTATION_LAYER_ASSIGNMENT (  '', '', ( #1949 ) ) ;
#806 = ORIENTED_EDGE ( 'NONE', *, *, #2863, .T. ) ;
#807 =( NAMED_UNIT ( * ) PLANE_ANGLE_UNIT ( ) SI_UNIT ( $, .RADIAN. ) );
#808 = EDGE_CURVE ( 'NONE', #4990, #3898, #2446, .T. ) ;
#809 =( NAMED_UNIT ( * ) SI_UNIT ( $, .STERADIAN. ) SOLID_ANGLE_UNIT ( ) );
#810 = SURFACE_SIDE_STYLE ('',( #1289 ) ) ;
#811 =( LENGTH_UNIT ( ) NAMED_UNIT ( * ) SI_UNIT ( .MILLI., .METRE. ) );
#812 =( NAMED_UNIT ( * ) SI_UNIT ( $, .STERADIAN. ) SOLID_ANGLE_UNIT ( ) );
#813 = CARTESIAN_POINT ( 'NONE',  ( 6.000000000000000000, 0.8750000000019999558, -0.5000000000000000000 ) ) ;
#814 = CARTESIAN_POINT ( 'NONE',  ( 6.375000000002000178, -0.5000000000000000000, 0.5000000000000000000 ) ) ;
#815 = SURFACE_STYLE_FILL_AREA ( #719 ) ;
#816 = AXIS2_PLACEMENT_3D ( 'NONE', #4960, #5497, #5946 ) ;
#817 = UNCERTAINTY_MEASURE_WITH_UNIT (LENGTH_MEASURE( 1.000000000000000082E-05 ), #5928, 'distance_accuracy_value', 'NONE');
#818 = CYLINDRICAL_SURFACE ( 'NONE', #2220, 0.9000000000000002442 ) ;
#819 = ORIENTED_EDGE ( 'NONE', *, *, #5042, .T. ) ;
#820 = EDGE_CURVE ( 'NONE', #2055, #573, #1459, .T. ) ;
#821 = FILL_AREA_STYLE ('',( #4514 ) ) ;
#822 = CARTESIAN_POINT ( 'NONE',  ( -6.674999999997999645, -1.699999999999999956, -3.000000000000000000 ) ) ;
#823 = PRESENTATION_LAYER_ASSIGNMENT (  '', '', ( #5043 ) ) ;
#824 = FACE_OUTER_BOUND ( 'NONE', #4905, .T. ) ;
#825 = CIRCLE ( 'NONE', #4512, 0.1249999999979999749 ) ;
#826 = AXIS2_PLACEMENT_3D ( 'NONE', #1472, #1348, #2957 ) ;
#827 = EDGE_CURVE ( 'NONE', #710, #5961, #5041, .T. ) ;
#828 = MECHANICAL_DESIGN_GEOMETRIC_PRESENTATION_REPRESENTATION (  '', ( #3870 ), #6466 ) ;
#829 = VERTEX_POINT ( 'NONE', #4952 ) ;
#830 =( GEOMETRIC_REPRESENTATION_CONTEXT ( 3 ) GLOBAL_UNCERTAINTY_ASSIGNED_CONTEXT ( ( #4400 ) ) GLOBAL_UNIT_ASSIGNED_CONTEXT ( ( #4627, #3019, #2599 ) ) REPRESENTATION_CONTEXT ( 'NONE', 'WORKASPACE' ) );
#831 = CARTESIAN_POINT ( 'NONE',  ( 6.780251405660771447, -1.632567503341899595, -0.5000000000000000000 ) ) ;
#832 = CARTESIAN_POINT ( 'NONE',  ( -4.500000000000000888, 3.419999999999999929, 5.400000000000000355 ) ) ;
#833 = FILL_AREA_STYLE ('',( #5352 ) ) ;
#834 = LINE ( 'NONE', #3716, #3202 ) ;
#835 = ORIENTED_EDGE ( 'NONE', *, *, #1874, .F. ) ;
#836 = PRODUCT_RELATED_PRODUCT_CATEGORY ( 'part', '', ( #67 ) ) ;
#837 = ORIENTED_EDGE ( 'NONE', *, *, #4414, .F. ) ;
#838 = VECTOR ( 'NONE', #5772, 1000.000000000000114 ) ;
#839 = FILL_AREA_STYLE ('',( #3997 ) ) ;
#840 = DIRECTION ( 'NONE',  ( 0.000000000000000000, 0.000000000000000000, -1.000000000000000000 ) ) ;
#841 = CARTESIAN_POINT ( 'NONE',  ( 1.400000000000000069E-16, 3.920000000000001705, -5.750000000000000000 ) ) ;
#842 = ADVANCED_FACE ( 'NONE', ( #5902 ), #420, .F. ) ;
#843 = AXIS2_PLACEMENT_3D ( 'NONE', #5010, #1491, #4048 ) ;
#844 = ORIENTED_EDGE ( 'NONE', *, *, #5611, .T. ) ;
#845 = STYLED_ITEM ( 'NONE', ( #2741 ), #481 ) ;
#846 = CARTESIAN_POINT ( 'NONE',  ( 6.249412934933003427, -3.499999999999992450, -0.2499999999999758804 ) ) ;
#847 = FILL_AREA_STYLE_COLOUR ( '', #3034 ) ;
#848 = FILL_AREA_STYLE_COLOUR ( '', #2996 ) ;
#849 = FILL_AREA_STYLE_COLOUR ( '', #3029 ) ;
#850 = PRESENTATION_STYLE_ASSIGNMENT (( #3836 ) ) ;
#851 = DIRECTION ( 'NONE',  ( -0.9063077870379250278, 0.4226182617379650730, 0.000000000000000000 ) ) ;
#852 = CARTESIAN_POINT ( 'NONE',  ( -6.674999999997999645, -1.699999999999999956, -3.000000000000000000 ) ) ;
#853 = ADVANCED_FACE ( 'NONE', ( #2185 ), #5171, .F. ) ;
#854 = DIRECTION ( 'NONE',  ( 0.000000000000000000, 0.000000000000000000, -1.000000000000000000 ) ) ;
#855 = VECTOR ( 'NONE', #4766, 1000.000000000000000 ) ;
#856 =( NAMED_UNIT ( * ) SI_UNIT ( $, .STERADIAN. ) SOLID_ANGLE_UNIT ( ) );
#857 = PRESENTATION_LAYER_ASSIGNMENT (  '', '', ( #546 ) ) ;
#858 = FILL_AREA_STYLE_COLOUR ( '', #4574 ) ;
#859 = AXIS2_PLACEMENT_3D ( 'NONE', #1038, #508, #2146 ) ;
#860 = MECHANICAL_DESIGN_GEOMETRIC_PRESENTATION_REPRESENTATION (  '', ( #4665 ), #2006 ) ;
#861 = DIRECTION ( 'NONE',  ( 0.000000000000000000, 0.000000000000000000, 1.000000000000000000 ) ) ;
#862 = ORIENTED_EDGE ( 'NONE', *, *, #3621, .F. ) ;
#863 = ORIENTED_EDGE ( 'NONE', *, *, #6336, .T. ) ;
#864 = AXIS2_PLACEMENT_3D ( 'NONE', #1420, #1327, #3391 ) ;
#865 = CLOSED_SHELL ( 'NONE', ( #2308, #6103, #5714, #1692, #2199, #5201, #1323, #481, #2063, #3416, #1960, #1350, #146, #4540, #2049, #5140, #347, #4774, #3808, #964 ) ) ;
#866 = CARTESIAN_POINT ( 'NONE',  ( -6.990754216992685954, -1.497702510021041045, -3.000000000000000000 ) ) ;
#867 = DIRECTION ( 'NONE',  ( 0.000000000000000000, -1.000000000000000000, -2.220446049250000002E-16 ) ) ;
#868 = ADVANCED_FACE ( 'NONE', ( #6181, #3664, #4651, #2657, #3593, #5620 ), #4583, .F. ) ;
#869 = PRESENTATION_STYLE_ASSIGNMENT (( #1442 ) ) ;
#870 = ORIENTED_EDGE ( 'NONE', *, *, #3070, .F. ) ;
#871 = VERTEX_POINT ( 'NONE', #3268 ) ;
#872 = DIRECTION ( 'NONE',  ( -1.000000000000000000, -8.673617379837765822E-16, 0.000000000000000000 ) ) ;
#873 = LINE ( 'NONE', #1517, #336 ) ;
#874 = AXIS2_PLACEMENT_3D ( 'NONE', #4392, #459, #6364 ) ;
#875 = ORIENTED_EDGE ( 'NONE', *, *, #5414, .T. ) ;
#876 = FILL_AREA_STYLE_COLOUR ( '', #1894 ) ;
#877 = ORIENTED_EDGE ( 'NONE', *, *, #3630, .T. ) ;
#878 =( NAMED_UNIT ( * ) SI_UNIT ( $, .STERADIAN. ) SOLID_ANGLE_UNIT ( ) );
#879 = STYLED_ITEM ( 'NONE', ( #36 ), #4784 ) ;
#880 = LINE ( 'NONE', #1918, #1102 ) ;
#881 = UNCERTAINTY_MEASURE_WITH_UNIT (LENGTH_MEASURE( 1.000000000000000082E-05 ), #6268, 'distance_accuracy_value', 'NONE');
#882 = FILL_AREA_STYLE ('',( #4387 ) ) ;
#883 = LINE ( 'NONE', #2879, #962 ) ;
#884 = AXIS2_PLACEMENT_3D ( 'NONE', #1965, #497, #599 ) ;
#885 = CYLINDRICAL_SURFACE ( 'NONE', #1293, 0.9000000000000002442 ) ;
#886 = FACE_OUTER_BOUND ( 'NONE', #645, .T. ) ;
#887 = EDGE_CURVE ( 'NONE', #1872, #5412, #825, .T. ) ;
#888 =( LENGTH_UNIT ( ) NAMED_UNIT ( * ) SI_UNIT ( .MILLI., .METRE. ) );
#889 = CARTESIAN_POINT ( 'NONE',  ( 6.000000000000000000, 1.250000000004000134, -0.5000000000000000000 ) ) ;
#890 = STYLED_ITEM ( 'NONE', ( #597 ), #2773 ) ;
#891 = PRESENTATION_LAYER_ASSIGNMENT (  '', '', ( #469 ) ) ;
#892 = ORIENTED_EDGE ( 'NONE', *, *, #5551, .F. ) ;
#893 = VERTEX_POINT ( 'NONE', #2345 ) ;
#894 = DIRECTION ( 'NONE',  ( -1.000000000000000000, 0.000000000000000000, 0.000000000000000000 ) ) ;
#895 =( NAMED_UNIT ( * ) SI_UNIT ( $, .STERADIAN. ) SOLID_ANGLE_UNIT ( ) );
#896 = STYLED_ITEM ( 'NONE', ( #5575 ), #3283 ) ;
#897 = PRESENTATION_LAYER_ASSIGNMENT (  '', '', ( #3725 ) ) ;
#898 = ORIENTED_EDGE ( 'NONE', *, *, #5326, .T. ) ;
#899 = ADVANCED_FACE ( 'NONE', ( #354 ), #777, .T. ) ;
#900 = UNCERTAINTY_MEASURE_WITH_UNIT (LENGTH_MEASURE( 1.000000000000000082E-05 ), #1124, 'distance_accuracy_value', 'NONE');
#901 = ORIENTED_EDGE ( 'NONE', *, *, #1976, .T. ) ;
#902 = SURFACE_STYLE_USAGE ( .BOTH. , #3963 ) ;
#903 = VECTOR ( 'NONE', #4382, 1000.000000000000000 ) ;
#904 = CARTESIAN_POINT ( 'NONE',  ( -6.431676668869999780, -1.145024611515000013, 2.000000000000000000 ) ) ;
#905 = FILL_AREA_STYLE ('',( #5446 ) ) ;
#906 = PRESENTATION_LAYER_ASSIGNMENT (  '', '', ( #2060 ) ) ;
#907 = EDGE_LOOP ( 'NONE', ( #5355, #993, #5036, #4710 ) ) ;
#908 = DIRECTION ( 'NONE',  ( 0.000000000000000000, -1.000000000000000000, -2.220446049250000002E-16 ) ) ;
#909 =( NAMED_UNIT ( * ) SI_UNIT ( $, .STERADIAN. ) SOLID_ANGLE_UNIT ( ) );
#910 = COLOUR_RGB ( '',0.7960784313725489669, 0.8235294117647058432, 0.9372549019607843146 ) ;
#911 = ORIENTED_EDGE ( 'NONE', *, *, #800, .F. ) ;
#912 = DIRECTION ( 'NONE',  ( -0.000000000000000000, -0.000000000000000000, 1.000000000000000000 ) ) ;
#913 = DIRECTION ( 'NONE',  ( 0.000000000000000000, -1.000000000000000000, 4.399999999999999514E-16 ) ) ;
#914 = DIRECTION ( 'NONE',  ( 0.000000000000000000, -1.000000000000000000, -2.220446049250000002E-16 ) ) ;
#915 =( NAMED_UNIT ( * ) PLANE_ANGLE_UNIT ( ) SI_UNIT ( $, .RADIAN. ) );
#916 = ADVANCED_FACE ( 'NONE', ( #5301 ), #4344, .T. ) ;
#917 = SURFACE_SIDE_STYLE ('',( #6361 ) ) ;
#918 = MECHANICAL_DESIGN_GEOMETRIC_PRESENTATION_REPRESENTATION (  '', ( #3014 ), #1864 ) ;
#919 = PRESENTATION_STYLE_ASSIGNMENT (( #2422 ) ) ;
#920 = CARTESIAN_POINT ( 'NONE',  ( 6.500000000000000888, -0.5000000000000000000, 0.5000000000000000000 ) ) ;
#921 = VERTEX_POINT ( 'NONE', #3329 ) ;
#922 = EDGE_LOOP ( 'NONE', ( #5576, #5978, #1338, #144 ) ) ;
#923 = EDGE_CURVE ( 'NONE', #4442, #5518, #5362, .T. ) ;
#924 = VECTOR ( 'NONE', #1892, 1000.000000000000000 ) ;
#925 = CARTESIAN_POINT ( 'NONE',  ( -6.022835988174000121, -3.394345434564999930, 2.750000000000000444 ) ) ;
#926 = FILL_AREA_STYLE_COLOUR ( '', #3348 ) ;
#927 = VECTOR ( 'NONE', #5709, 1000.000000000000000 ) ;
#928 = SURFACE_STYLE_USAGE ( .BOTH. , #3413 ) ;
#929 = ORIENTED_EDGE ( 'NONE', *, *, #947, .T. ) ;
#930 = VECTOR ( 'NONE', #2427, 1000.000000000000114 ) ;
#931 = ORIENTED_EDGE ( 'NONE', *, *, #2595, .F. ) ;
#932 = DIRECTION ( 'NONE',  ( -1.000000000000000000, 0.000000000000000000, 0.000000000000000000 ) ) ;
#933 = CARTESIAN_POINT ( 'NONE',  ( 6.000000000000000000, -2.659999999999999836E-15, -6.000000000000000000 ) ) ;
#934 = FACE_OUTER_BOUND ( 'NONE', #3647, .T. ) ;
#935 = PRESENTATION_STYLE_ASSIGNMENT (( #5361 ) ) ;
#936 = CYLINDRICAL_SURFACE ( 'NONE', #172, 0.1249999999979999749 ) ;
#937 = ORIENTED_EDGE ( 'NONE', *, *, #2430, .F. ) ;
#938 = VECTOR ( 'NONE', #4029, 1000.000000000000000 ) ;
#939 = VERTEX_POINT ( 'NONE', #6346 ) ;
#940 = SURFACE_STYLE_USAGE ( .BOTH. , #1521 ) ;
#941 = CYLINDRICAL_SURFACE ( 'NONE', #5282, 0.8999999999999998002 ) ;
#942 = LINE ( 'NONE', #2938, #4883 ) ;
#943 = CARTESIAN_POINT ( 'NONE',  ( -6.249412934932999875, -3.500000000000000000, -2.750000000000000000 ) ) ;
#944 = FILL_AREA_STYLE_COLOUR ( '', #4469 ) ;
#945 = ADVANCED_FACE ( 'NONE', ( #714 ), #3862, .T. ) ;
#946 =( LENGTH_UNIT ( ) NAMED_UNIT ( * ) SI_UNIT ( .MILLI., .METRE. ) );
#947 = EDGE_CURVE ( 'NONE', #1444, #371, #1749, .T. ) ;
#948 = CARTESIAN_POINT ( 'NONE',  ( -6.249412934932999875, -3.500000000000000000, 2.000000000000000000 ) ) ;
#949 = DIRECTION ( 'NONE',  ( 0.000000000000000000, 0.000000000000000000, -1.000000000000000000 ) ) ;
#950 = PRESENTATION_LAYER_ASSIGNMENT (  '', '', ( #5682 ) ) ;
#951 =( LENGTH_UNIT ( ) NAMED_UNIT ( * ) SI_UNIT ( .MILLI., .METRE. ) );
#952 = FILL_AREA_STYLE_COLOUR ( '', #5647 ) ;
#953 = PRESENTATION_STYLE_ASSIGNMENT (( #3544 ) ) ;
#954 = EDGE_CURVE ( 'NONE', #2898, #339, #626, .T. ) ;
#955 = CARTESIAN_POINT ( 'NONE',  ( 0.000000000000000000, 0.000000000000000000, 0.000000000000000000 ) ) ;
#956 = PRESENTATION_LAYER_ASSIGNMENT (  '', '', ( #646 ) ) ;
#957 = ORIENTED_EDGE ( 'NONE', *, *, #4728, .T. ) ;
#958 = STYLED_ITEM ( 'NONE', ( #3590 ), #1334 ) ;
#959 = AXIS2_PLACEMENT_3D ( 'NONE', #1655, #4589, #190 ) ;
#960 = ORIENTED_EDGE ( 'NONE', *, *, #1954, .T. ) ;
#961 = COLOUR_RGB ( '',1.000000000000000000, 1.000000000000000000, 1.000000000000000000 ) ;
#962 = VECTOR ( 'NONE', #6360, 1000.000000000000000 ) ;
#963 = SURFACE_STYLE_USAGE ( .BOTH. , #1906 ) ;
#964 = ADVANCED_FACE ( 'NONE', ( #6188 ), #5590, .F. ) ;
#965 = VECTOR ( 'NONE', #4878, 1000.000000000000000 ) ;
#966 = CARTESIAN_POINT ( 'NONE',  ( -6.022835988174000121, -3.394345434564999930, -3.000000000000000000 ) ) ;
#967 = ORIENTED_EDGE ( 'NONE', *, *, #4030, .F. ) ;
#968 = MECHANICAL_DESIGN_GEOMETRIC_PRESENTATION_REPRESENTATION (  '', ( #6304 ), #658 ) ;
#969 = UNCERTAINTY_MEASURE_WITH_UNIT (LENGTH_MEASURE( 1.000000000000000082E-05 ), #1451, 'distance_accuracy_value', 'NONE');
#970 = VECTOR ( 'NONE', #556, 1000.000000000000000 ) ;
#971 = EDGE_LOOP ( 'NONE', ( #5280, #1727, #1701, #5001 ) ) ;
#972 =( NAMED_UNIT ( * ) PLANE_ANGLE_UNIT ( ) SI_UNIT ( $, .RADIAN. ) );
#973 = LINE ( 'NONE', #933, #3895 ) ;
#974 = DIRECTION ( 'NONE',  ( -0.1445439584519752629, 0.3099755192199468712, -0.9396926207858387059 ) ) ;
#975 = EDGE_CURVE ( 'NONE', #3315, #245, #6102, .T. ) ;
#976 = PRESENTATION_STYLE_ASSIGNMENT (( #412 ) ) ;
#977 = ORIENTED_EDGE ( 'NONE', *, *, #327, .T. ) ;
#978 = ORIENTED_EDGE ( 'NONE', *, *, #390, .T. ) ;
#979 = CARTESIAN_POINT ( 'NONE',  ( 4.500000000000000888, 3.419999999999999929, 3.600000000000000533 ) ) ;
#980 = ORIENTED_EDGE ( 'NONE', *, *, #5511, .T. ) ;
#981 = CARTESIAN_POINT ( 'NONE',  ( 6.375000000002000178, 0.8750000000019999558, 2.000000000000000000 ) ) ;
#982 = PRESENTATION_STYLE_ASSIGNMENT (( #3974 ) ) ;
#983 = ADVANCED_FACE ( 'NONE', ( #4658 ), #5176, .F. ) ;
#984 = DIRECTION ( 'NONE',  ( 0.000000000000000000, -1.000000000000000000, -2.220446049250000002E-16 ) ) ;
#985 = CARTESIAN_POINT ( 'NONE',  ( 5.000000000000000888, 3.419999999999999929, 5.750000000000000000 ) ) ;
#986 = FILL_AREA_STYLE ('',( #5527 ) ) ;
#987 = CARTESIAN_POINT ( 'NONE',  ( 0.000000000000000000, 3.419999999999999929, 0.000000000000000000 ) ) ;
#988 = DIRECTION ( 'NONE',  ( -0.4226182617383951734, 0.9063077870377244105, 0.000000000000000000 ) ) ;
#989 = AXIS2_PLACEMENT_3D ( 'NONE', #3240, #6290, #4211 ) ;
#990 = DIRECTION ( 'NONE',  ( 1.000000000000000000, 0.000000000000000000, 0.000000000000000000 ) ) ;
#991 = SURFACE_SIDE_STYLE ('',( #5498 ) ) ;
#992 = PRESENTATION_LAYER_ASSIGNMENT (  '', '', ( #879 ) ) ;
#993 = ORIENTED_EDGE ( 'NONE', *, *, #6242, .T. ) ;
#994 = STYLED_ITEM ( 'NONE', ( #1321 ), #3596 ) ;
#995 = LINE ( 'NONE', #5021, #5313 ) ;
#996 = ORIENTED_EDGE ( 'NONE', *, *, #5, .T. ) ;
#997 = STYLED_ITEM ( 'NONE', ( #4085 ), #2736 ) ;
#998 =( GEOMETRIC_REPRESENTATION_CONTEXT ( 3 ) GLOBAL_UNCERTAINTY_ASSIGNED_CONTEXT ( ( #118 ) ) GLOBAL_UNIT_ASSIGNED_CONTEXT ( ( #2616, #3624, #5716 ) ) REPRESENTATION_CONTEXT ( 'NONE', 'WORKASPACE' ) );
#999 = CARTESIAN_POINT ( 'NONE',  ( -6.990754216993001258, -1.497702510021000188, -3.000000000000000000 ) ) ;
#1000 =( LENGTH_UNIT ( ) NAMED_UNIT ( * ) SI_UNIT ( .MILLI., .METRE. ) );
#1001 = VERTEX_POINT ( 'NONE', #5726 ) ;
#1002 = MECHANICAL_DESIGN_GEOMETRIC_PRESENTATION_REPRESENTATION (  '', ( #163 ), #4595 ) ;
#1003 = EDGE_CURVE ( 'NONE', #400, #379, #5018, .T. ) ;
#1004 = ORIENTED_EDGE ( 'NONE', *, *, #3271, .F. ) ;
#1005 = CARTESIAN_POINT ( 'NONE',  ( 4.500000000000000888, 3.419999999999999929, -3.600000000000000533 ) ) ;
#1006 = FILL_AREA_STYLE ('',( #1107 ) ) ;
#1007 = LINE ( 'NONE', #3001, #1877 ) ;
#1008 =( LENGTH_UNIT ( ) NAMED_UNIT ( * ) SI_UNIT ( .MILLI., .METRE. ) );
#1009 = FACE_OUTER_BOUND ( 'NONE', #971, .T. ) ;
#1010 = ORIENTED_EDGE ( 'NONE', *, *, #6404, .F. ) ;
#1011 = EDGE_CURVE ( 'NONE', #1351, #2019, #482, .T. ) ;
#1012 = COLOUR_RGB ( '',0.7960784313725489669, 0.8235294117647058432, 0.9372549019607843146 ) ;
#1013 = MECHANICAL_DESIGN_GEOMETRIC_PRESENTATION_REPRESENTATION (  '', ( #177 ), #3518 ) ;
#1014 = ORIENTED_EDGE ( 'NONE', *, *, #2488, .F. ) ;
#1015 =( LENGTH_UNIT ( ) NAMED_UNIT ( * ) SI_UNIT ( .MILLI., .METRE. ) );
#1016 = ORIENTED_EDGE ( 'NONE', *, *, #3393, .F. ) ;
#1017 = CARTESIAN_POINT ( 'NONE',  ( -6.539696467728136398, -2.877484955009597112, 3.000000000000000444 ) ) ;
#1018 =( NAMED_UNIT ( * ) PLANE_ANGLE_UNIT ( ) SI_UNIT ( $, .RADIAN. ) );
#1019 = DIRECTION ( 'NONE',  ( -0.000000000000000000, 0.000000000000000000, -1.000000000000000000 ) ) ;
#1020 = SURFACE_SIDE_STYLE ('',( #4836 ) ) ;
#1021 = COLOUR_RGB ( '',0.7960784313725489669, 0.8235294117647058432, 0.9372549019607843146 ) ;
#1022 = DIRECTION ( 'NONE',  ( 0.000000000000000000, -1.000000000000000000, -2.220446049250000002E-16 ) ) ;
#1023 = CARTESIAN_POINT ( 'NONE',  ( -6.375000000002000178, 0.8750000000020000668, -3.000000000000000000 ) ) ;
#1024 = DIRECTION ( 'NONE',  ( 0.000000000000000000, 0.000000000000000000, -1.000000000000000000 ) ) ;
#1025 = PLANE ( 'NONE',  #3982 ) ;
#1026 = FILL_AREA_STYLE_COLOUR ( '', #759 ) ;
#1027 = PLANE ( 'NONE',  #1734 ) ;
#1028 = ADVANCED_FACE ( 'NONE', ( #3738 ), #2259, .F. ) ;
#1029 = CARTESIAN_POINT ( 'NONE',  ( 6.022835988173986799, -3.394345434565028352, 2.249999999999870326 ) ) ;
#1030 = ORIENTED_EDGE ( 'NONE', *, *, #4951, .T. ) ;
#1031 = PRESENTATION_STYLE_ASSIGNMENT (( #1507 ) ) ;
#1032 = MECHANICAL_DESIGN_GEOMETRIC_PRESENTATION_REPRESENTATION (  '', ( #2902 ), #91 ) ;
#1033 = EDGE_CURVE ( 'NONE', #5123, #1580, #6239, .T. ) ;
#1034 = EDGE_LOOP ( 'NONE', ( #5885, #5577, #213, #252 ) ) ;
#1035 = EDGE_LOOP ( 'NONE', ( #5056, #1179, #4157, #3187, #5517, #6449, #158, #967 ) ) ;
#1036 = CARTESIAN_POINT ( 'NONE',  ( 0.000000000000000000, 4.599999999999999645, -4.528481168208390131E-48 ) ) ;
#1037 = SURFACE_STYLE_FILL_AREA ( #3834 ) ;
#1038 = CARTESIAN_POINT ( 'NONE',  ( -4.500000000000000888, 3.419999999999999929, 4.500000000000000888 ) ) ;
#1039 =( GEOMETRIC_REPRESENTATION_CONTEXT ( 3 ) GLOBAL_UNCERTAINTY_ASSIGNED_CONTEXT ( ( #6195 ) ) GLOBAL_UNIT_ASSIGNED_CONTEXT ( ( #2750, #1251, #4280 ) ) REPRESENTATION_CONTEXT ( 'NONE', 'WORKASPACE' ) );
#1040 = DIRECTION ( 'NONE',  ( 0.000000000000000000, 0.000000000000000000, 1.000000000000000000 ) ) ;
#1041 = UNCERTAINTY_MEASURE_WITH_UNIT (LENGTH_MEASURE( 1.000000000000000082E-05 ), #5838, 'distance_accuracy_value', 'NONE');
#1042 = COLOUR_RGB ( '',1.000000000000000000, 0.000000000000000000, 0.000000000000000000 ) ;
#1043 = EDGE_CURVE ( 'NONE', #1444, #4531, #3768, .T. ) ;
#1044 =( NAMED_UNIT ( * ) PLANE_ANGLE_UNIT ( ) SI_UNIT ( $, .RADIAN. ) );
#1045 = CIRCLE ( 'NONE', #1871, 0.3750000000020004554 ) ;
#1046 = VERTEX_POINT ( 'NONE', #5755 ) ;
#1047 = ORIENTED_EDGE ( 'NONE', *, *, #947, .F. ) ;
#1048 = DIRECTION ( 'NONE',  ( -0.8420112453139925179, -0.5394599732739951969, 0.000000000000000000 ) ) ;
#1049 = COLOUR_RGB ( '',0.7960784313725489669, 0.8235294117647058432, 0.9372549019607843146 ) ;
#1050 = SURFACE_STYLE_USAGE ( .BOTH. , #554 ) ;
#1051 = FACE_OUTER_BOUND ( 'NONE', #1983, .T. ) ;
#1052 = FACE_OUTER_BOUND ( 'NONE', #513, .T. ) ;
#1053 = FILL_AREA_STYLE ('',( #4508 ) ) ;
#1054 = EDGE_CURVE ( 'NONE', #6013, #3158, #718, .T. ) ;
#1055 = SURFACE_SIDE_STYLE ('',( #5940 ) ) ;
#1056 = AXIS2_PLACEMENT_3D ( 'NONE', #6186, #3694, #3237 ) ;
#1057 = CARTESIAN_POINT ( 'NONE',  ( -6.000000000000000000, 0.000000000000000000, 0.000000000000000000 ) ) ;
#1058 = DIRECTION ( 'NONE',  ( 0.000000000000000000, 0.9496656485285897009, -0.3132653124825234281 ) ) ;
#1059 = EDGE_CURVE ( 'NONE', #5948, #4442, #3238, .T. ) ;
#1060 = CARTESIAN_POINT ( 'NONE',  ( -6.375000000002000178, -0.5000000000000000000, -3.000000000000000000 ) ) ;
#1061 = DIRECTION ( 'NONE',  ( 1.000000000000000000, -0.000000000000000000, 0.000000000000000000 ) ) ;
#1062 = ORIENTED_EDGE ( 'NONE', *, *, #4257, .F. ) ;
#1063 = CARTESIAN_POINT ( 'NONE',  ( -6.249412934932999875, -3.500000000000000000, -3.000000000000000000 ) ) ;
#1064 = STYLED_ITEM ( 'NONE', ( #1544 ), #3531 ) ;
#1065 = ORIENTED_EDGE ( 'NONE', *, *, #3731, .T. ) ;
#1066 = VECTOR ( 'NONE', #5434, 1000.000000000000000 ) ;
#1067 = STYLED_ITEM ( 'NONE', ( #2552 ), #3760 ) ;
#1068 = ORIENTED_EDGE ( 'NONE', *, *, #2901, .T. ) ;
#1069 = EDGE_CURVE ( 'NONE', #573, #505, #1652, .T. ) ;
#1070 = DIRECTION ( 'NONE',  ( 0.000000000000000000, 0.000000000000000000, 1.000000000000000000 ) ) ;
#1071 = DIRECTION ( 'NONE',  ( 0.000000000000000000, 0.000000000000000000, -1.000000000000000000 ) ) ;
#1072 = AXIS2_PLACEMENT_3D ( 'NONE', #3418, #5473, #872 ) ;
#1073 = LINE ( 'NONE', #3653, #323 ) ;
#1074 = MECHANICAL_DESIGN_GEOMETRIC_PRESENTATION_REPRESENTATION (  '', ( #651 ), #1398 ) ;
#1075 = SHAPE_REPRESENTATION_RELATIONSHIP ( 'NONE' , 'NONE' ,  #6216, #2033 ) ;
#1076 =( GEOMETRIC_REPRESENTATION_CONTEXT ( 3 ) GLOBAL_UNCERTAINTY_ASSIGNED_CONTEXT ( ( #5251 ) ) GLOBAL_UNIT_ASSIGNED_CONTEXT ( ( #4684, #5268, #225 ) ) REPRESENTATION_CONTEXT ( 'NONE', 'WORKASPACE' ) );
#1077 = SURFACE_STYLE_USAGE ( .BOTH. , #2052 ) ;
#1078 = ORIENTED_EDGE ( 'NONE', *, *, #1820, .F. ) ;
#1079 =( GEOMETRIC_REPRESENTATION_CONTEXT ( 3 ) GLOBAL_UNCERTAINTY_ASSIGNED_CONTEXT ( ( #1237 ) ) GLOBAL_UNIT_ASSIGNED_CONTEXT ( ( #79, #6074, #2452 ) ) REPRESENTATION_CONTEXT ( 'NONE', 'WORKASPACE' ) );
#1080 = ORIENTED_EDGE ( 'NONE', *, *, #4274, .T. ) ;
#1081 = FILL_AREA_STYLE ('',( #3460 ) ) ;
#1082 = AXIS2_PLACEMENT_3D ( 'NONE', #2407, #1487, #3533 ) ;
#1083 = FACE_OUTER_BOUND ( 'NONE', #5132, .T. ) ;
#1084 =( LENGTH_UNIT ( ) NAMED_UNIT ( * ) SI_UNIT ( .MILLI., .METRE. ) );
#1085 = CARTESIAN_POINT ( 'NONE',  ( 6.500000000000000888, -0.5000000000000000000, 2.000000000000000000 ) ) ;
#1086 = EDGE_CURVE ( 'NONE', #3263, #677, #1861, .T. ) ;
#1087 = FILL_AREA_STYLE ('',( #3077 ) ) ;
#1088 =( LENGTH_UNIT ( ) NAMED_UNIT ( * ) SI_UNIT ( .MILLI., .METRE. ) );
#1089 = CARTESIAN_POINT ( 'NONE',  ( -4.500000000000000888, 3.419999999999999929, -4.500000000000000888 ) ) ;
#1090 =( LENGTH_UNIT ( ) NAMED_UNIT ( * ) SI_UNIT ( .MILLI., .METRE. ) );
#1091 = FACE_OUTER_BOUND ( 'NONE', #53, .T. ) ;
#1092 = SURFACE_SIDE_STYLE ('',( #2093 ) ) ;
#1093 = APPLICATION_PROTOCOL_DEFINITION ( 'draft international standard', 'automotive_design', 1998, #141 ) ;
#1094 = VECTOR ( 'NONE', #5781, 1000.000000000000000 ) ;
#1095 = ADVANCED_FACE ( 'NONE', ( #3801 ), #3273, .F. ) ;
#1096 = PRESENTATION_STYLE_ASSIGNMENT (( #2563 ) ) ;
#1097 = VERTEX_POINT ( 'NONE', #1294 ) ;
#1098 =( GEOMETRIC_REPRESENTATION_CONTEXT ( 3 ) GLOBAL_UNCERTAINTY_ASSIGNED_CONTEXT ( ( #59 ) ) GLOBAL_UNIT_ASSIGNED_CONTEXT ( ( #5248, #3706, #3217 ) ) REPRESENTATION_CONTEXT ( 'NONE', 'WORKASPACE' ) );
#1099 = CARTESIAN_POINT ( 'NONE',  ( 6.184245783005205332, -0.7022974899790277448, -0.5000000000000000000 ) ) ;
#1100 =( NAMED_UNIT ( * ) PLANE_ANGLE_UNIT ( ) SI_UNIT ( $, .RADIAN. ) );
#1101 = VECTOR ( 'NONE', #1504, 1000.000000000000000 ) ;
#1102 = VECTOR ( 'NONE', #2876, 1000.000000000000000 ) ;
#1103 = ORIENTED_EDGE ( 'NONE', *, *, #1426, .F. ) ;
#1104 = VECTOR ( 'NONE', #2536, 1000.000000000000000 ) ;
#1105 = ORIENTED_EDGE ( 'NONE', *, *, #6210, .F. ) ;
#1106 =( NAMED_UNIT ( * ) PLANE_ANGLE_UNIT ( ) SI_UNIT ( $, .RADIAN. ) );
#1107 = FILL_AREA_STYLE_COLOUR ( '', #309 ) ;
#1108 = DIRECTION ( 'NONE',  ( -0.4226182617383951734, -0.9063077870377244105, 0.000000000000000000 ) ) ;
#1109 = AXIS2_PLACEMENT_3D ( 'NONE', #2807, #4281, #2318 ) ;
#1110 = CARTESIAN_POINT ( 'NONE',  ( 6.249412934933001651, -3.499999999999997335, 2.749999999999992006 ) ) ;
#1111 = COLOUR_RGB ( '',0.7960784313725489669, 0.8235294117647058432, 0.9372549019607843146 ) ;
#1112 = VERTEX_POINT ( 'NONE', #5304 ) ;
#1113 = EDGE_CURVE ( 'NONE', #4697, #2247, #5528, .T. ) ;
#1114 = ORIENTED_EDGE ( 'NONE', *, *, #3270, .F. ) ;
#1115 = CARTESIAN_POINT ( 'NONE',  ( -6.000000000000000000, 0.8750000000019999558, -2.000000000000000000 ) ) ;
#1116 = AXIS2_PLACEMENT_3D ( 'NONE', #3164, #2176, #6057 ) ;
#1117 = COLOUR_RGB ( '',0.7960784313725489669, 0.8235294117647058432, 0.9372549019607843146 ) ;
#1118 = FACE_OUTER_BOUND ( 'NONE', #1447, .T. ) ;
#1119 = LINE ( 'NONE', #585, #3166 ) ;
#1120 = LINE ( 'NONE', #3626, #5499 ) ;
#1121 = SURFACE_SIDE_STYLE ('',( #5584 ) ) ;
#1122 = AXIS2_PLACEMENT_3D ( 'NONE', #4591, #4152, #4083 ) ;
#1123 = CARTESIAN_POINT ( 'NONE',  ( -6.990754216992685954, -1.497702510021041045, -2.000000000000000000 ) ) ;
#1124 =( LENGTH_UNIT ( ) NAMED_UNIT ( * ) SI_UNIT ( .MILLI., .METRE. ) );
#1125 = PLANE ( 'NONE',  #4685 ) ;
#1126 =( NAMED_UNIT ( * ) PLANE_ANGLE_UNIT ( ) SI_UNIT ( $, .RADIAN. ) );
#1127 = PRESENTATION_STYLE_ASSIGNMENT (( #3569 ) ) ;
#1128 = PRESENTATION_STYLE_ASSIGNMENT (( #5591 ) ) ;
#1129 = SURFACE_SIDE_STYLE ('',( #5242 ) ) ;
#1130 = CONTEXT_DEPENDENT_SHAPE_REPRESENTATION ( #4174, #2684 ) ;
#1131 = DIRECTION ( 'NONE',  ( 0.000000000000000000, -0.000000000000000000, 1.000000000000000000 ) ) ;
#1132 = AXIS2_PLACEMENT_3D ( 'NONE', #5820, #6232, #727 ) ;
#1133 = DIRECTION ( 'NONE',  ( 0.000000000000000000, -1.000000000000000000, -2.220446049250000002E-16 ) ) ;
#1134 = ORIENTED_EDGE ( 'NONE', *, *, #5904, .T. ) ;
#1135 = CARTESIAN_POINT ( 'NONE',  ( -7.049999999999998934, -1.699999999999999956, 2.000000000000000000 ) ) ;
#1136 = MECHANICAL_DESIGN_GEOMETRIC_PRESENTATION_REPRESENTATION (  '', ( #5131 ), #3214 ) ;
#1137 = SURFACE_STYLE_USAGE ( .BOTH. , #147 ) ;
#1138 = EDGE_CURVE ( 'NONE', #2468, #3961, #266, .T. ) ;
#1139 = ORIENTED_EDGE ( 'NONE', *, *, #5639, .T. ) ;
#1140 = ORIENTED_EDGE ( 'NONE', *, *, #6298, .T. ) ;
#1141 = CARTESIAN_POINT ( 'NONE',  ( -6.000000000000000000, 0.8750000000019999558, -3.000000000000000000 ) ) ;
#1142 = CARTESIAN_POINT ( 'NONE',  ( -6.990754216993001258, -1.497702510021000188, 2.000000000000000000 ) ) ;
#1143 = AXIS2_PLACEMENT_3D ( 'NONE', #3951, #1465, #495 ) ;
#1144 = PLANE ( 'NONE',  #8 ) ;
#1145 = EDGE_CURVE ( 'NONE', #5805, #6309, #781, .T. ) ;
#1146 = ORIENTED_EDGE ( 'NONE', *, *, #5166, .F. ) ;
#1147 = PRODUCT_DEFINITION_FORMATION_WITH_SPECIFIED_SOURCE ( 'ANY', '', #4649, .NOT_KNOWN. ) ;
#1148 = EDGE_LOOP ( 'NONE', ( #4577, #4426, #3264, #2053 ) ) ;
#1149 = ORIENTED_EDGE ( 'NONE', *, *, #4717, .T. ) ;
#1150 = CARTESIAN_POINT ( 'NONE',  ( -6.124999999997999822, -0.5000000000000000000, 2.000000000000000000 ) ) ;
#1151 = STYLED_ITEM ( 'NONE', ( #3564 ), #868 ) ;
#1152 = PRESENTATION_STYLE_ASSIGNMENT (( #681 ) ) ;
#1153 = SURFACE_SIDE_STYLE ('',( #4107 ) ) ;
#1154 = FILL_AREA_STYLE ('',( #1650 ) ) ;
#1155 = LINE ( 'NONE', #589, #2678 ) ;
#1156 = VECTOR ( 'NONE', #1133, 1000.000000000000000 ) ;
#1157 = UNCERTAINTY_MEASURE_WITH_UNIT (LENGTH_MEASURE( 1.000000000000000082E-05 ), #6418, 'distance_accuracy_value', 'NONE');
#1158 = MECHANICAL_DESIGN_GEOMETRIC_PRESENTATION_REPRESENTATION (  '', ( #5862 ), #4523 ) ;
#1159 = CARTESIAN_POINT ( 'NONE',  ( 0.000000000000000000, 3.419999999999999929, -3.350000000000000089 ) ) ;
#1160 = SURFACE_STYLE_USAGE ( .BOTH. , #3178 ) ;
#1161 = LINE ( 'NONE', #5690, #5970 ) ;
#1162 = EDGE_CURVE ( 'NONE', #5600, #6335, #4485, .T. ) ;
#1163 =( LENGTH_UNIT ( ) NAMED_UNIT ( * ) SI_UNIT ( .MILLI., .METRE. ) );
#1164 = APPLICATION_PROTOCOL_DEFINITION ( 'draft international standard', 'automotive_design', 1998, #5729 ) ;
#1165 = VECTOR ( 'NONE', #2173, 1000.000000000000000 ) ;
#1166 = SURFACE_STYLE_USAGE ( .BOTH. , #5243 ) ;
#1167 = VERTEX_POINT ( 'NONE', #297 ) ;
#1168 = AXIS2_PLACEMENT_3D ( 'NONE', #1063, #2135, #3548 ) ;
#1169 = UNCERTAINTY_MEASURE_WITH_UNIT (LENGTH_MEASURE( 1.000000000000000082E-05 ), #4748, 'distance_accuracy_value', 'NONE');
#1170 = LINE ( 'NONE', #666, #5568 ) ;
#1171 = DIRECTION ( 'NONE',  ( -0.000000000000000000, -0.000000000000000000, -1.000000000000000000 ) ) ;
#1172 = EDGE_LOOP ( 'NONE', ( #2743, #3420, #1318, #3783 ) ) ;
#1173 = CIRCLE ( 'NONE', #843, 0.5000000000000000000 ) ;
#1174 = MECHANICAL_DESIGN_GEOMETRIC_PRESENTATION_REPRESENTATION (  '', ( #845 ), #2498 ) ;
#1175 = CARTESIAN_POINT ( 'NONE',  ( -5.750000000000000000, 3.919999999999999929, 5.750000000000000000 ) ) ;
#1176 = DIRECTION ( 'NONE',  ( 0.000000000000000000, 0.000000000000000000, -1.000000000000000000 ) ) ;
#1177 = STYLED_ITEM ( 'NONE', ( #6199 ), #2540 ) ;
#1178 = PLANE ( 'NONE',  #1116 ) ;
#1179 = ORIENTED_EDGE ( 'NONE', *, *, #4750, .F. ) ;
#1180 = PRESENTATION_LAYER_ASSIGNMENT (  '', '', ( #1889 ) ) ;
#1181 = ORIENTED_EDGE ( 'NONE', *, *, #4356, .T. ) ;
#1182 = ORIENTED_EDGE ( 'NONE', *, *, #3327, .F. ) ;
#1183 = COLOUR_RGB ( '',0.7960784313725489669, 0.8235294117647058432, 0.9372549019607843146 ) ;
#1184 = SURFACE_SIDE_STYLE ('',( #2217 ) ) ;
#1185 = EDGE_CURVE ( 'NONE', #3971, #4610, #1236, .T. ) ;
#1186 = CIRCLE ( 'NONE', #4871, 0.9000000000000002442 ) ;
#1187 = CARTESIAN_POINT ( 'NONE',  ( -4.500000000000000888, 3.419999999999999929, -5.400000000000000355 ) ) ;
#1188 = CARTESIAN_POINT ( 'NONE',  ( -6.167977754569999860, -3.083087912069999881, 2.125000000000000000 ) ) ;
#1189 =( LENGTH_UNIT ( ) NAMED_UNIT ( * ) SI_UNIT ( .MILLI., .METRE. ) );
#1190 = PRESENTATION_LAYER_ASSIGNMENT (  '', '', ( #1302 ) ) ;
#1191 = CLOSED_SHELL ( 'NONE', ( #4890, #3815, #4365, #1708, #916, #1540, #2381, #2482, #5469, #3940, #6371, #5829, #657, #604, #5220 ) ) ;
#1192 = DIRECTION ( 'NONE',  ( -0.000000000000000000, 0.000000000000000000, -1.000000000000000000 ) ) ;
#1193 = DIRECTION ( 'NONE',  ( 0.9063077870387888924, 0.4226182617361123883, -1.014813233436291312E-12 ) ) ;
#1194 = CARTESIAN_POINT ( 'NONE',  ( 6.375000000002000178, -0.5000000000000000000, 2.000000000000000000 ) ) ;
#1195 = CARTESIAN_POINT ( 'NONE',  ( 6.674999999997999645, -1.699999999999999956, 3.000000000000000000 ) ) ;
#1196 = SURFACE_STYLE_USAGE ( .BOTH. , #1092 ) ;
#1197 = APPLICATION_PROTOCOL_DEFINITION ( 'draft international standard', 'automotive_design', 1998, #3823 ) ;
#1198 = SURFACE_SIDE_STYLE ('',( #1750 ) ) ;
#1199 = EDGE_CURVE ( 'NONE', #3379, #356, #716, .T. ) ;
#1200 =( NAMED_UNIT ( * ) SI_UNIT ( $, .STERADIAN. ) SOLID_ANGLE_UNIT ( ) );
#1201 = ORIENTED_EDGE ( 'NONE', *, *, #887, .F. ) ;
#1202 =( LENGTH_UNIT ( ) NAMED_UNIT ( * ) SI_UNIT ( .MILLI., .METRE. ) );
#1203 = VERTEX_POINT ( 'NONE', #6254 ) ;
#1204 =( LENGTH_UNIT ( ) NAMED_UNIT ( * ) SI_UNIT ( .MILLI., .METRE. ) );
#1205 = PLANE ( 'NONE',  #826 ) ;
#1206 = CARTESIAN_POINT ( 'NONE',  ( -4.500000000000000888, 4.419999999999999929, 4.500000000000000888 ) ) ;
#1207 = FILL_AREA_STYLE ('',( #2772 ) ) ;
#1208 = PRESENTATION_LAYER_ASSIGNMENT (  '', '', ( #262 ) ) ;
#1209 = LINE ( 'NONE', #5711, #4483 ) ;
#1210 = VERTEX_POINT ( 'NONE', #1777 ) ;
#1211 = EDGE_CURVE ( 'NONE', #921, #573, #1807, .T. ) ;
#1212 = ORIENTED_EDGE ( 'NONE', *, *, #2396, .F. ) ;
#1213 = ORIENTED_EDGE ( 'NONE', *, *, #4830, .F. ) ;
#1214 =( LENGTH_UNIT ( ) NAMED_UNIT ( * ) SI_UNIT ( .MILLI., .METRE. ) );
#1215 = FILL_AREA_STYLE_COLOUR ( '', #5802 ) ;
#1216 =( GEOMETRIC_REPRESENTATION_CONTEXT ( 3 ) GLOBAL_UNCERTAINTY_ASSIGNED_CONTEXT ( ( #3994 ) ) GLOBAL_UNIT_ASSIGNED_CONTEXT ( ( #4821, #915, #522 ) ) REPRESENTATION_CONTEXT ( 'NONE', 'WORKASPACE' ) );
#1217 = AXIS2_PLACEMENT_3D ( 'NONE', #1881, #3229, #3857 ) ;
#1218 = LINE ( 'NONE', #3663, #1094 ) ;
#1219 =( NAMED_UNIT ( * ) SI_UNIT ( $, .STERADIAN. ) SOLID_ANGLE_UNIT ( ) );
#1220 = ADVANCED_FACE ( 'NONE', ( #5813 ), #324, .T. ) ;
#1221 = COLOUR_RGB ( '',0.2509803921568627416, 0.2509803921568627416, 0.2509803921568627416 ) ;
#1222 = UNCERTAINTY_MEASURE_WITH_UNIT (LENGTH_MEASURE( 1.000000000000000082E-05 ), #1202, 'distance_accuracy_value', 'NONE');
#1223 = CARTESIAN_POINT ( 'NONE',  ( 4.500000000000000888, 4.419999999999999929, -4.500000000000000888 ) ) ;
#1224 = PLANE ( 'NONE',  #3556 ) ;
#1225 = DIRECTION ( 'NONE',  ( 0.000000000000000000, 0.000000000000000000, -1.000000000000000000 ) ) ;
#1226 = SURFACE_STYLE_USAGE ( .BOTH. , #3577 ) ;
#1227 = SURFACE_SIDE_STYLE ('',( #3696 ) ) ;
#1228 = LINE ( 'NONE', #4622, #2224 ) ;
#1229 =( GEOMETRIC_REPRESENTATION_CONTEXT ( 3 ) GLOBAL_UNCERTAINTY_ASSIGNED_CONTEXT ( ( #4716 ) ) GLOBAL_UNIT_ASSIGNED_CONTEXT ( ( #3225, #5328, #6340 ) ) REPRESENTATION_CONTEXT ( 'NONE', 'WORKASPACE' ) );
#1230 =( LENGTH_UNIT ( ) NAMED_UNIT ( * ) SI_UNIT ( .MILLI., .METRE. ) );
#1231 = PRESENTATION_LAYER_ASSIGNMENT (  '', '', ( #1443 ) ) ;
#1232 = PRODUCT_DEFINITION_SHAPE ( 'NONE', 'NONE',  #6477 ) ;
#1233 = CARTESIAN_POINT ( 'NONE',  ( 6.249412934932999875, -3.500000000000000000, 2.000000000000000000 ) ) ;
#1234 = SURFACE_STYLE_FILL_AREA ( #5279 ) ;
#1235 = VERTEX_POINT ( 'NONE', #5235 ) ;
#1236 = CIRCLE ( 'NONE', #2464, 0.9000000000000002442 ) ;
#1237 = UNCERTAINTY_MEASURE_WITH_UNIT (LENGTH_MEASURE( 1.000000000000000082E-05 ), #79, 'distance_accuracy_value', 'NONE');
#1238 = LINE ( 'NONE', #5249, #855 ) ;
#1239 = COLOUR_RGB ( '',0.7960784313725489669, 0.8235294117647058432, 0.9372549019607843146 ) ;
#1240 = ORIENTED_EDGE ( 'NONE', *, *, #4075, .T. ) ;
#1241 = PRESENTATION_STYLE_ASSIGNMENT (( #2240 ) ) ;
#1242 = DIRECTION ( 'NONE',  ( -0.000000000000000000, -0.000000000000000000, 1.000000000000000000 ) ) ;
#1243 = EDGE_CURVE ( 'NONE', #4103, #789, #1345, .T. ) ;
#1244 = FACE_OUTER_BOUND ( 'NONE', #1690, .T. ) ;
#1245 = FILL_AREA_STYLE ('',( #1851 ) ) ;
#1246 = ORIENTED_EDGE ( 'NONE', *, *, #6273, .T. ) ;
#1247 = PRESENTATION_LAYER_ASSIGNMENT (  '', '', ( #2902 ) ) ;
#1248 = ORIENTED_EDGE ( 'NONE', *, *, #2846, .T. ) ;
#1249 = DIRECTION ( 'NONE',  ( -0.000000000000000000, 1.000000000000000000, 0.000000000000000000 ) ) ;
#1250 = SURFACE_STYLE_FILL_AREA ( #2314 ) ;
#1251 =( NAMED_UNIT ( * ) PLANE_ANGLE_UNIT ( ) SI_UNIT ( $, .RADIAN. ) );
#1252 = LINE ( 'NONE', #4747, #5906 ) ;
#1253 = DIRECTION ( 'NONE',  ( 0.7071067811865474617, 0.000000000000000000, -0.7071067811865474617 ) ) ;
#1254 = SURFACE_STYLE_FILL_AREA ( #3730 ) ;
#1255 = MECHANICAL_DESIGN_GEOMETRIC_PRESENTATION_REPRESENTATION (  '', ( #1151 ), #4944 ) ;
#1256 = DIRECTION ( 'NONE',  ( 0.000000000000000000, -1.000000000000000000, -2.220446049250000002E-16 ) ) ;
#1257 = DIRECTION ( 'NONE',  ( 0.000000000000000000, 1.000000000000000000, 0.000000000000000000 ) ) ;
#1258 = DIRECTION ( 'NONE',  ( -0.3971312619664671417, -0.8516507396395217588, 0.3420201433254725920 ) ) ;
#1259 = EDGE_CURVE ( 'NONE', #3414, #4676, #3734, .T. ) ;
#1260 = DIRECTION ( 'NONE',  ( 0.4226182617399908414, -0.9063077870369803390, -0.000000000000000000 ) ) ;
#1261 = DIRECTION ( 'NONE',  ( -1.000000000000000000, 0.000000000000000000, 0.000000000000000000 ) ) ;
#1262 = SURFACE_STYLE_USAGE ( .BOTH. , #6158 ) ;
#1263 = CARTESIAN_POINT ( 'NONE',  ( 6.000000000000000000, 3.919999999999999929, 6.000000000000000000 ) ) ;
#1264 = SURFACE_STYLE_FILL_AREA ( #882 ) ;
#1265 = ORIENTED_EDGE ( 'NONE', *, *, #295, .T. ) ;
#1266 = CIRCLE ( 'NONE', #5149, 0.5000000000000000000 ) ;
#1267 = DIRECTION ( 'NONE',  ( 0.000000000000000000, 0.000000000000000000, 1.000000000000000000 ) ) ;
#1268 = ORIENTED_EDGE ( 'NONE', *, *, #6155, .T. ) ;
#1269 =( NAMED_UNIT ( * ) SI_UNIT ( $, .STERADIAN. ) SOLID_ANGLE_UNIT ( ) );
#1270 = ADVANCED_FACE ( 'NONE', ( #751 ), #941, .F. ) ;
#1271 = DIRECTION ( 'NONE',  ( -0.000000000000000000, 0.000000000000000000, -1.000000000000000000 ) ) ;
#1272 =( NAMED_UNIT ( * ) SI_UNIT ( $, .STERADIAN. ) SOLID_ANGLE_UNIT ( ) );
#1273 = FILL_AREA_STYLE_COLOUR ( '', #6397 ) ;
#1274 = ORIENTED_EDGE ( 'NONE', *, *, #3521, .T. ) ;
#1275 = SURFACE_STYLE_FILL_AREA ( #4228 ) ;
#1276 =( NAMED_UNIT ( * ) SI_UNIT ( $, .STERADIAN. ) SOLID_ANGLE_UNIT ( ) );
#1277 = CARTESIAN_POINT ( 'NONE',  ( 6.000000000000000000, 0.8750000000019999558, -0.5000000000000000000 ) ) ;
#1278 = CARTESIAN_POINT ( 'NONE',  ( 6.167977754569999860, -3.083087912069999881, -0.3750000000000000000 ) ) ;
#1279 = VECTOR ( 'NONE', #1600, 1000.000000000000000 ) ;
#1280 = AXIS2_PLACEMENT_3D ( 'NONE', #4509, #2978, #4448 ) ;
#1281 = VERTEX_POINT ( 'NONE', #4412 ) ;
#1282 = EDGE_CURVE ( 'NONE', #1505, #3971, #5933, .T. ) ;
#1283 = ORIENTED_EDGE ( 'NONE', *, *, #4308, .F. ) ;
#1284 = ORIENTED_EDGE ( 'NONE', *, *, #1882, .T. ) ;
#1285 = LINE ( 'NONE', #2831, #6025 ) ;
#1286 = LINE ( 'NONE', #3296, #2103 ) ;
#1287 = SURFACE_SIDE_STYLE ('',( #1676 ) ) ;
#1288 = AXIS2_PLACEMENT_3D ( 'NONE', #2131, #3640, #235 ) ;
#1289 = SURFACE_STYLE_FILL_AREA ( #6214 ) ;
#1290 = STYLED_ITEM ( 'NONE', ( #3759 ), #1356 ) ;
#1291 = MECHANICAL_DESIGN_GEOMETRIC_PRESENTATION_REPRESENTATION (  '', ( #4439 ), #538 ) ;
#1292 =( NAMED_UNIT ( * ) PLANE_ANGLE_UNIT ( ) SI_UNIT ( $, .RADIAN. ) );
#1293 = AXIS2_PLACEMENT_3D ( 'NONE', #4554, #984, #4017 ) ;
#1294 = CARTESIAN_POINT ( 'NONE',  ( -6.184245783005312802, -0.7022974899789587999, -3.000000000000000000 ) ) ;
#1295 = SURFACE_SIDE_STYLE ('',( #167 ) ) ;
#1296 = PRESENTATION_STYLE_ASSIGNMENT (( #2290 ) ) ;
#1297 = SURFACE_STYLE_FILL_AREA ( #230 ) ;
#1298 = LINE ( 'NONE', #5307, #365 ) ;
#1299 = PRESENTATION_STYLE_ASSIGNMENT (( #3770 ) ) ;
#1300 = MECHANICAL_DESIGN_GEOMETRIC_PRESENTATION_REPRESENTATION (  '', ( #233 ), #2216 ) ;
#1301 = DIRECTION ( 'NONE',  ( 0.000000000000000000, -1.000000000000000000, -2.220446049250000002E-16 ) ) ;
#1302 = STYLED_ITEM ( 'NONE', ( #1858 ), #4025 ) ;
#1303 = ORIENTED_EDGE ( 'NONE', *, *, #4567, .F. ) ;
#1304 = ADVANCED_FACE ( 'NONE', ( #452 ), #6470, .T. ) ;
#1305 = STYLED_ITEM ( 'NONE', ( #170 ), #567 ) ;
#1306 =( NAMED_UNIT ( * ) SI_UNIT ( $, .STERADIAN. ) SOLID_ANGLE_UNIT ( ) );
#1307 = UNCERTAINTY_MEASURE_WITH_UNIT (LENGTH_MEASURE( 1.000000000000000082E-05 ), #2728, 'distance_accuracy_value', 'NONE');
#1308 = CARTESIAN_POINT ( 'NONE',  ( -6.124999999997999822, -0.5000000000000000000, 2.000000000000000000 ) ) ;
#1309 = FILL_AREA_STYLE_COLOUR ( '', #1529 ) ;
#1310 = FILL_AREA_STYLE_COLOUR ( '', #3421 ) ;
#1311 = ORIENTED_EDGE ( 'NONE', *, *, #1485, .F. ) ;
#1312 = EDGE_CURVE ( 'NONE', #6373, #2492, #1859, .T. ) ;
#1313 = FILL_AREA_STYLE ('',( #1795 ) ) ;
#1314 = SURFACE_STYLE_FILL_AREA ( #2675 ) ;
#1315 = LINE ( 'NONE', #5254, #4855 ) ;
#1316 = DIRECTION ( 'NONE',  ( 0.000000000000000000, 0.000000000000000000, -1.000000000000000000 ) ) ;
#1317 = ORIENTED_EDGE ( 'NONE', *, *, #2437, .T. ) ;
#1318 = ORIENTED_EDGE ( 'NONE', *, *, #6080, .T. ) ;
#1319 = FILL_AREA_STYLE_COLOUR ( '', #755 ) ;
#1320 = FACE_OUTER_BOUND ( 'NONE', #3216, .T. ) ;
#1321 = PRESENTATION_STYLE_ASSIGNMENT (( #1384 ) ) ;
#1322 = SURFACE_SIDE_STYLE ('',( #4781 ) ) ;
#1323 = ADVANCED_FACE ( 'NONE', ( #3970 ), #1488, .T. ) ;
#1324 = CARTESIAN_POINT ( 'NONE',  ( 6.124999999997999822, -0.5000000000000000000, 0.5000000000000000000 ) ) ;
#1325 = COLOUR_RGB ( '',0.7960784313725489669, 0.8235294117647058432, 0.9372549019607843146 ) ;
#1326 = COLOUR_RGB ( '',0.2509803921568627416, 0.2509803921568627416, 0.2509803921568627416 ) ;
#1327 = DIRECTION ( 'NONE',  ( -1.000000000000000000, 0.000000000000000000, 0.000000000000000000 ) ) ;
#1328 =( GEOMETRIC_REPRESENTATION_CONTEXT ( 3 ) GLOBAL_UNCERTAINTY_ASSIGNED_CONTEXT ( ( #2660 ) ) GLOBAL_UNIT_ASSIGNED_CONTEXT ( ( #3841, #328, #2325 ) ) REPRESENTATION_CONTEXT ( 'NONE', 'WORKASPACE' ) );
#1329 = VECTOR ( 'NONE', #5331, 1000.000000000000000 ) ;
#1330 = SURFACE_STYLE_USAGE ( .BOTH. , #5269 ) ;
#1331 = DIRECTION ( 'NONE',  ( -1.000000000000000000, 0.000000000000000000, 0.000000000000000000 ) ) ;
#1332 = CARTESIAN_POINT ( 'NONE',  ( 0.000000000000000000, 4.599999999999999645, -1.500000000000000000 ) ) ;
#1333 = FILL_AREA_STYLE ('',( #2231 ) ) ;
#1334 = ADVANCED_FACE ( 'NONE', ( #1118 ), #2513, .T. ) ;
#1335 =( NAMED_UNIT ( * ) SI_UNIT ( $, .STERADIAN. ) SOLID_ANGLE_UNIT ( ) );
#1336 = CARTESIAN_POINT ( 'NONE',  ( -4.500000000000000888, 2.919999999999999929, 4.500000000000000888 ) ) ;
#1337 =( NAMED_UNIT ( * ) SI_UNIT ( $, .STERADIAN. ) SOLID_ANGLE_UNIT ( ) );
#1338 = ORIENTED_EDGE ( 'NONE', *, *, #2659, .T. ) ;
#1339 = COLOUR_RGB ( '',0.7960784313725489669, 0.8235294117647058432, 0.9372549019607843146 ) ;
#1340 = VECTOR ( 'NONE', #2580, 1000.000000000000000 ) ;
#1341 = PRESENTATION_STYLE_ASSIGNMENT (( #4359 ) ) ;
#1342 =( LENGTH_UNIT ( ) NAMED_UNIT ( * ) SI_UNIT ( .MILLI., .METRE. ) );
#1343 = FILL_AREA_STYLE ('',( #308 ) ) ;
#1344 = ORIENTED_EDGE ( 'NONE', *, *, #2863, .F. ) ;
#1345 = CIRCLE ( 'NONE', #2582, 0.8999999999999998002 ) ;
#1346 =( GEOMETRIC_REPRESENTATION_CONTEXT ( 3 ) GLOBAL_UNCERTAINTY_ASSIGNED_CONTEXT ( ( #5185 ) ) GLOBAL_UNIT_ASSIGNED_CONTEXT ( ( #387, #5895, #5691 ) ) REPRESENTATION_CONTEXT ( 'NONE', 'WORKASPACE' ) );
#1347 =( LENGTH_UNIT ( ) NAMED_UNIT ( * ) SI_UNIT ( .MILLI., .METRE. ) );
#1348 = DIRECTION ( 'NONE',  ( 0.000000000000000000, 1.000000000000000000, 0.000000000000000000 ) ) ;
#1349 = CARTESIAN_POINT ( 'NONE',  ( -6.674999999997999645, -1.699999999999999956, 2.000000000000000000 ) ) ;
#1350 = ADVANCED_FACE ( 'NONE', ( #127 ), #97, .F. ) ;
#1351 = VERTEX_POINT ( 'NONE', #5581 ) ;
#1352 = COLOUR_RGB ( '',1.000000000000000000, 1.000000000000000000, 1.000000000000000000 ) ;
#1353 = VERTEX_POINT ( 'NONE', #1187 ) ;
#1354 = DIRECTION ( 'NONE',  ( -0.000000000000000000, -0.000000000000000000, -1.000000000000000000 ) ) ;
#1355 = PLANE ( 'NONE',  #2493 ) ;
#1356 = ADVANCED_FACE ( 'NONE', ( #1083 ), #4544, .T. ) ;
#1357 = FACE_OUTER_BOUND ( 'NONE', #2745, .T. ) ;
#1358 =( NAMED_UNIT ( * ) SI_UNIT ( $, .STERADIAN. ) SOLID_ANGLE_UNIT ( ) );
#1359 = DIRECTION ( 'NONE',  ( -0.000000000000000000, 1.000000000000000000, 2.220446049250000002E-16 ) ) ;
#1360 =( NAMED_UNIT ( * ) SI_UNIT ( $, .STERADIAN. ) SOLID_ANGLE_UNIT ( ) );
#1361 = FILL_AREA_STYLE_COLOUR ( '', #154 ) ;
#1362 = DIRECTION ( 'NONE',  ( 0.000000000000000000, -2.220446049250000002E-16, 1.000000000000000000 ) ) ;
#1363 = LINE ( 'NONE', #5369, #780 ) ;
#1364 = SURFACE_SIDE_STYLE ('',( #329 ) ) ;
#1365 = ORIENTED_EDGE ( 'NONE', *, *, #3449, .F. ) ;
#1366 = PRESENTATION_LAYER_ASSIGNMENT (  '', '', ( #4192 ) ) ;
#1367 = FACE_OUTER_BOUND ( 'NONE', #4865, .T. ) ;
#1368 =( GEOMETRIC_REPRESENTATION_CONTEXT ( 3 ) GLOBAL_UNCERTAINTY_ASSIGNED_CONTEXT ( ( #4731 ) ) GLOBAL_UNIT_ASSIGNED_CONTEXT ( ( #130, #4077, #2686 ) ) REPRESENTATION_CONTEXT ( 'NONE', 'WORKASPACE' ) );
#1369 = SURFACE_STYLE_USAGE ( .BOTH. , #4169 ) ;
#1370 = CYLINDRICAL_SURFACE ( 'NONE', #6182, 0.3750000000019996227 ) ;
#1371 = VECTOR ( 'NONE', #1848, 1000.000000000000000 ) ;
#1372 = ORIENTED_EDGE ( 'NONE', *, *, #5737, .F. ) ;
#1373 =( GEOMETRIC_REPRESENTATION_CONTEXT ( 3 ) GLOBAL_UNCERTAINTY_ASSIGNED_CONTEXT ( ( #3370 ) ) GLOBAL_UNIT_ASSIGNED_CONTEXT ( ( #3508, #4555, #5588 ) ) REPRESENTATION_CONTEXT ( 'NONE', 'WORKASPACE' ) );
#1374 = MECHANICAL_DESIGN_GEOMETRIC_PRESENTATION_REPRESENTATION (  '', ( #4846 ), #312 ) ;
#1375 = LINE ( 'NONE', #4366, #4513 ) ;
#1376 = SURFACE_SIDE_STYLE ('',( #6203 ) ) ;
#1377 = MECHANICAL_DESIGN_GEOMETRIC_PRESENTATION_REPRESENTATION (  '', ( #4205 ), #6274 ) ;
#1378 = ORIENTED_EDGE ( 'NONE', *, *, #5944, .F. ) ;
#1379 = UNCERTAINTY_MEASURE_WITH_UNIT (LENGTH_MEASURE( 1.000000000000000082E-05 ), #730, 'distance_accuracy_value', 'NONE');
#1380 = ORIENTED_EDGE ( 'NONE', *, *, #3930, .T. ) ;
#1381 = CARTESIAN_POINT ( 'NONE',  ( -6.022835988173989463, -3.394345434565021247, 2.750000000000097700 ) ) ;
#1382 =( GEOMETRIC_REPRESENTATION_CONTEXT ( 3 ) GLOBAL_UNCERTAINTY_ASSIGNED_CONTEXT ( ( #4385 ) ) GLOBAL_UNIT_ASSIGNED_CONTEXT ( ( #3851, #2859, #3223 ) ) REPRESENTATION_CONTEXT ( 'NONE', 'WORKASPACE' ) );
#1383 = DIRECTION ( 'NONE',  ( -1.000000000000000000, -0.000000000000000000, 0.000000000000000000 ) ) ;
#1384 = SURFACE_STYLE_USAGE ( .BOTH. , #3861 ) ;
#1385 = FILL_AREA_STYLE ('',( #5861 ) ) ;
#1386 = EDGE_CURVE ( 'NONE', #5412, #1785, #4239, .T. ) ;
#1387 = AXIS2_PLACEMENT_3D ( 'NONE', #5177, #1593, #661 ) ;
#1388 = ORIENTED_EDGE ( 'NONE', *, *, #4473, .F. ) ;
#1389 = FILL_AREA_STYLE ('',( #2873 ) ) ;
#1390 = VERTEX_POINT ( 'NONE', #217 ) ;
#1391 = MECHANICAL_DESIGN_GEOMETRIC_PRESENTATION_REPRESENTATION (  '', ( #3360 ), #3567 ) ;
#1392 = SURFACE_STYLE_USAGE ( .BOTH. , #4756 ) ;
#1393 = PRESENTATION_STYLE_ASSIGNMENT (( #3313 ) ) ;
#1394 = LINE ( 'NONE', #4925, #4120 ) ;
#1395 =( NAMED_UNIT ( * ) SI_UNIT ( $, .STERADIAN. ) SOLID_ANGLE_UNIT ( ) );
#1396 = SURFACE_STYLE_FILL_AREA ( #821 ) ;
#1397 = AXIS2_PLACEMENT_3D ( 'NONE', #188, #5779, #5229 ) ;
#1398 =( GEOMETRIC_REPRESENTATION_CONTEXT ( 3 ) GLOBAL_UNCERTAINTY_ASSIGNED_CONTEXT ( ( #5233 ) ) GLOBAL_UNIT_ASSIGNED_CONTEXT ( ( #1403, #6367, #1791 ) ) REPRESENTATION_CONTEXT ( 'NONE', 'WORKASPACE' ) );
#1399 = SURFACE_STYLE_USAGE ( .BOTH. , #2419 ) ;
#1400 =( NAMED_UNIT ( * ) PLANE_ANGLE_UNIT ( ) SI_UNIT ( $, .RADIAN. ) );
#1401 = AXIS2_PLACEMENT_3D ( 'NONE', #1867, #4422, #4826 ) ;
#1402 = DIRECTION ( 'NONE',  ( 0.000000000000000000, 0.000000000000000000, 1.000000000000000000 ) ) ;
#1403 =( LENGTH_UNIT ( ) NAMED_UNIT ( * ) SI_UNIT ( .MILLI., .METRE. ) );
#1404 = EDGE_CURVE ( 'NONE', #2019, #3154, #1286, .T. ) ;
#1405 = COLOUR_RGB ( '',0.7960784313725489669, 0.8235294117647058432, 0.9372549019607843146 ) ;
#1406 = VERTEX_POINT ( 'NONE', #3724 ) ;
#1407 = ORIENTED_EDGE ( 'NONE', *, *, #3896, .T. ) ;
#1408 = CIRCLE ( 'NONE', #3477, 0.1249999999979999749 ) ;
#1409 = DIRECTION ( 'NONE',  ( 0.000000000000000000, -1.000000000000000000, -2.220446049250000002E-16 ) ) ;
#1410 = ORIENTED_EDGE ( 'NONE', *, *, #4101, .T. ) ;
#1411 = ORIENTED_EDGE ( 'NONE', *, *, #4043, .F. ) ;
#1412 = CARTESIAN_POINT ( 'NONE',  ( 7.014865420137913254, -1.858481848153472393, 2.000000000000000000 ) ) ;
#1413 =( NAMED_UNIT ( * ) SI_UNIT ( $, .STERADIAN. ) SOLID_ANGLE_UNIT ( ) );
#1414 = FACE_OUTER_BOUND ( 'NONE', #5297, .T. ) ;
#1415 = SURFACE_STYLE_FILL_AREA ( #1385 ) ;
#1416 = ADVANCED_FACE ( 'NONE', ( #680 ), #6313, .T. ) ;
#1417 = SURFACE_SIDE_STYLE ('',( #5515 ) ) ;
#1418 =( GEOMETRIC_REPRESENTATION_CONTEXT ( 3 ) GLOBAL_UNCERTAINTY_ASSIGNED_CONTEXT ( ( #301 ) ) GLOBAL_UNIT_ASSIGNED_CONTEXT ( ( #2768, #2733, #242 ) ) REPRESENTATION_CONTEXT ( 'NONE', 'WORKASPACE' ) );
#1419 = ORIENTED_EDGE ( 'NONE', *, *, #5042, .F. ) ;
#1420 = CARTESIAN_POINT ( 'NONE',  ( -1.905000000000000027, 7.360000000000000320, -1.905000000000000027 ) ) ;
#1421 = ORIENTED_EDGE ( 'NONE', *, *, #5335, .F. ) ;
#1422 = CARTESIAN_POINT ( 'NONE',  ( -6.249412934933071817, -3.499999999999845457, -2.250000000000011546 ) ) ;
#1423 = LINE ( 'NONE', #6441, #2243 ) ;
#1424 = UNCERTAINTY_MEASURE_WITH_UNIT (LENGTH_MEASURE( 1.000000000000000082E-05 ), #4322, 'distance_accuracy_value', 'NONE');
#1425 = DIRECTION ( 'NONE',  ( 0.000000000000000000, 0.000000000000000000, -1.000000000000000000 ) ) ;
#1426 = EDGE_CURVE ( 'NONE', #3937, #2898, #740, .T. ) ;
#1427 = VECTOR ( 'NONE', #4350, 1000.000000000000000 ) ;
#1428 = CARTESIAN_POINT ( 'NONE',  ( 6.313119520966998799, -2.771830389575001607, 1.999999999999996669 ) ) ;
#1429 = VECTOR ( 'NONE', #1959, 1000.000000000000000 ) ;
#1430 = AXIS2_PLACEMENT_3D ( 'NONE', #1150, #3722, #187 ) ;
#1431 =( NAMED_UNIT ( * ) SI_UNIT ( $, .STERADIAN. ) SOLID_ANGLE_UNIT ( ) );
#1432 = CARTESIAN_POINT ( 'NONE',  ( 5.750000000000000000, 3.419999999999999929, -5.750000000000000000 ) ) ;
#1433 = SHAPE_REPRESENTATION_RELATIONSHIP ( 'NONE' , 'NONE' ,  #5370, #5491 ) ;
#1434 = MECHANICAL_DESIGN_GEOMETRIC_PRESENTATION_REPRESENTATION (  '', ( #1438 ), #2992 ) ;
#1435 = STYLED_ITEM ( 'NONE', ( #3925 ), #4540 ) ;
#1436 = LINE ( 'NONE', #3408, #1066 ) ;
#1437 = ORIENTED_EDGE ( 'NONE', *, *, #5567, .T. ) ;
#1438 = STYLED_ITEM ( 'NONE', ( #5336 ), #3167 ) ;
#1439 = STYLED_ITEM ( 'NONE', ( #2274 ), #4767 ) ;
#1440 = UNCERTAINTY_MEASURE_WITH_UNIT (LENGTH_MEASURE( 1.000000000000000082E-05 ), #4729, 'distance_accuracy_value', 'NONE');
#1441 = CARTESIAN_POINT ( 'NONE',  ( -6.799999999995999467, -1.699999999999999956, -3.000000000000000000 ) ) ;
#1442 = SURFACE_STYLE_USAGE ( .BOTH. , #4461 ) ;
#1443 = STYLED_ITEM ( 'NONE', ( #1127 ), #983 ) ;
#1444 = VERTEX_POINT ( 'NONE', #5333 ) ;
#1445 = UNCERTAINTY_MEASURE_WITH_UNIT (LENGTH_MEASURE( 1.000000000000000082E-05 ), #2787, 'distance_accuracy_value', 'NONE');
#1446 = EDGE_CURVE ( 'NONE', #4632, #6429, #4121, .T. ) ;
#1447 = EDGE_LOOP ( 'NONE', ( #3682, #960, #476, #5670 ) ) ;
#1448 = EDGE_CURVE ( 'NONE', #2019, #5613, #4810, .T. ) ;
#1449 = DIRECTION ( 'NONE',  ( -1.000000000000000000, 0.000000000000000000, 0.000000000000000000 ) ) ;
#1450 =( NAMED_UNIT ( * ) SI_UNIT ( $, .STERADIAN. ) SOLID_ANGLE_UNIT ( ) );
#1451 =( LENGTH_UNIT ( ) NAMED_UNIT ( * ) SI_UNIT ( .MILLI., .METRE. ) );
#1452 = ORIENTED_EDGE ( 'NONE', *, *, #3752, .F. ) ;
#1453 = PRODUCT_RELATED_PRODUCT_CATEGORY ( 'part', '', ( #3204 ) ) ;
#1454 = DIRECTION ( 'NONE',  ( 0.000000000000000000, 0.000000000000000000, -1.000000000000000000 ) ) ;
#1455 =( LENGTH_UNIT ( ) NAMED_UNIT ( * ) SI_UNIT ( .MILLI., .METRE. ) );
#1456 = MECHANICAL_DESIGN_GEOMETRIC_PRESENTATION_REPRESENTATION (  '', ( #702 ), #4397 ) ;
#1457 = CARTESIAN_POINT ( 'NONE',  ( 6.249412934932999875, -3.500000000000000000, 0.5000000000000004441 ) ) ;
#1458 = PLANE ( 'NONE',  #3821 ) ;
#1459 = LINE ( 'NONE', #3502, #2073 ) ;
#1460 = FILL_AREA_STYLE ('',( #5941 ) ) ;
#1461 = SURFACE_STYLE_USAGE ( .BOTH. , #3945 ) ;
#1462 = SURFACE_STYLE_USAGE ( .BOTH. , #1927 ) ;
#1463 = DIRECTION ( 'NONE',  ( 0.000000000000000000, 0.000000000000000000, 1.000000000000000000 ) ) ;
#1464 = SURFACE_STYLE_FILL_AREA ( #4056 ) ;
#1465 = DIRECTION ( 'NONE',  ( 0.000000000000000000, 0.000000000000000000, 1.000000000000000000 ) ) ;
#1466 = VERTEX_POINT ( 'NONE', #4304 ) ;
#1467 = PRODUCT_DEFINITION_FORMATION_WITH_SPECIFIED_SOURCE ( 'ANY', '', #5115, .NOT_KNOWN. ) ;
#1468 = ORIENTED_EDGE ( 'NONE', *, *, #310, .F. ) ;
#1469 = ADVANCED_FACE ( 'NONE', ( #6279 ), #1802, .F. ) ;
#1470 = ORIENTED_EDGE ( 'NONE', *, *, #3346, .F. ) ;
#1471 = COLOUR_RGB ( '',1.000000000000000000, 1.000000000000000000, 1.000000000000000000 ) ;
#1472 = CARTESIAN_POINT ( 'NONE',  ( 0.000000000000000000, 3.419999999999999929, 1.245349343840999968E-15 ) ) ;
#1473 = LINE ( 'NONE', #3957, #6171 ) ;
#1474 = STYLED_ITEM ( 'NONE', ( #3650 ), #1708 ) ;
#1475 = ORIENTED_EDGE ( 'NONE', *, *, #3915, .T. ) ;
#1476 = VECTOR ( 'NONE', #4062, 1000.000000000000000 ) ;
#1477 = ORIENTED_EDGE ( 'NONE', *, *, #1003, .F. ) ;
#1478 = CARTESIAN_POINT ( 'NONE',  ( 4.500000000000000888, 3.419999999999999929, 5.400000000000000355 ) ) ;
#1479 = FACE_BOUND ( 'NONE', #5153, .T. ) ;
#1480 = CARTESIAN_POINT ( 'NONE',  ( 5.750000000000000000, 3.420000000000000373, -4.999999999999999112 ) ) ;
#1481 = PRESENTATION_STYLE_ASSIGNMENT (( #4438 ) ) ;
#1482 =( GEOMETRIC_REPRESENTATION_CONTEXT ( 3 ) GLOBAL_UNCERTAINTY_ASSIGNED_CONTEXT ( ( #3427 ) ) GLOBAL_UNIT_ASSIGNED_CONTEXT ( ( #4687, #6220, #4210 ) ) REPRESENTATION_CONTEXT ( 'NONE', 'WORKASPACE' ) );
#1483 = PRESENTATION_STYLE_ASSIGNMENT (( #612 ) ) ;
#1484 = ORIENTED_EDGE ( 'NONE', *, *, #4518, .F. ) ;
#1485 = EDGE_CURVE ( 'NONE', #2114, #2375, #2342, .T. ) ;
#1486 = ORIENTED_EDGE ( 'NONE', *, *, #647, .F. ) ;
#1487 = DIRECTION ( 'NONE',  ( 0.000000000000000000, 0.000000000000000000, -1.000000000000000000 ) ) ;
#1488 = CYLINDRICAL_SURFACE ( 'NONE', #3468, 0.3750000000019996227 ) ;
#1489 = ORIENTED_EDGE ( 'NONE', *, *, #5760, .T. ) ;
#1490 = LINE ( 'NONE', #3465, #572 ) ;
#1491 = DIRECTION ( 'NONE',  ( -0.000000000000000000, -1.000000000000000000, -2.220446049250000002E-16 ) ) ;
#1492 = MECHANICAL_DESIGN_GEOMETRIC_PRESENTATION_REPRESENTATION (  '', ( #4105 ), #3124 ) ;
#1493 = VECTOR ( 'NONE', #4572, 1000.000000000000000 ) ;
#1494 = FACE_OUTER_BOUND ( 'NONE', #4507, .T. ) ;
#1495 = DIRECTION ( 'NONE',  ( 0.000000000000000000, 0.000000000000000000, -1.000000000000000000 ) ) ;
#1496 =( NAMED_UNIT ( * ) SI_UNIT ( $, .STERADIAN. ) SOLID_ANGLE_UNIT ( ) );
#1497 = FILL_AREA_STYLE_COLOUR ( '', #6212 ) ;
#1498 =( NAMED_UNIT ( * ) SI_UNIT ( $, .STERADIAN. ) SOLID_ANGLE_UNIT ( ) );
#1499 = AXIS2_PLACEMENT_3D ( 'NONE', #1622, #2625, #5626 ) ;
#1500 = DIRECTION ( 'NONE',  ( 0.000000000000000000, 0.000000000000000000, -1.000000000000000000 ) ) ;
#1501 = EDGE_CURVE ( 'NONE', #4994, #2474, #439, .T. ) ;
#1502 = COLOUR_RGB ( '',0.7960784313725489669, 0.8235294117647058432, 0.9372549019607843146 ) ;
#1503 = STYLED_ITEM ( 'NONE', ( #6030 ), #1350 ) ;
#1504 = DIRECTION ( 'NONE',  ( 0.000000000000000000, 1.000000000000000000, 2.220446049250000002E-16 ) ) ;
#1505 = VERTEX_POINT ( 'NONE', #447 ) ;
#1506 = CIRCLE ( 'NONE', #2005, 0.8999999999999998002 ) ;
#1507 = SURFACE_STYLE_USAGE ( .BOTH. , #5410 ) ;
#1508 = EDGE_CURVE ( 'NONE', #4171, #5744, #4437, .T. ) ;
#1509 = PLANE ( 'NONE',  #4329 ) ;
#1510 = ORIENTED_EDGE ( 'NONE', *, *, #250, .F. ) ;
#1511 = CIRCLE ( 'NONE', #5800, 0.1249999999979999749 ) ;
#1512 = UNCERTAINTY_MEASURE_WITH_UNIT (LENGTH_MEASURE( 1.000000000000000082E-05 ), #3447, 'distance_accuracy_value', 'NONE');
#1513 = VECTOR ( 'NONE', #1828, 1000.000000000000000 ) ;
#1514 = ORIENTED_EDGE ( 'NONE', *, *, #5858, .F. ) ;
#1515 = CARTESIAN_POINT ( 'NONE',  ( -6.788288473375239995, -1.752827282717128066, 2.000000000000000000 ) ) ;
#1516 = LINE ( 'NONE', #4674, #6269 ) ;
#1517 = CARTESIAN_POINT ( 'NONE',  ( -6.375000000002000178, -0.5000000000000000000, -3.000000000000000000 ) ) ;
#1518 = LINE ( 'NONE', #547, #3303 ) ;
#1519 = EDGE_LOOP ( 'NONE', ( #870, #4876, #6375, #453 ) ) ;
#1520 = ORIENTED_EDGE ( 'NONE', *, *, #43, .F. ) ;
#1521 = SURFACE_SIDE_STYLE ('',( #6468 ) ) ;
#1523 = DIRECTION ( 'NONE',  ( 0.000000000000000000, -1.000000000000000000, -2.220446049250000002E-16 ) ) ;
#1522 = COLOUR_RGB ( '',0.7921568627450980005, 0.8196078431372548767, 0.9333333333333333481 ) ;
#1524 = EDGE_CURVE ( 'NONE', #405, #3417, #973, .T. ) ;
#1525 = ORIENTED_EDGE ( 'NONE', *, *, #24, .F. ) ;
#1526 = DIRECTION ( 'NONE',  ( -1.000000000000000000, 0.000000000000000000, 0.000000000000000000 ) ) ;
#1527 = CARTESIAN_POINT ( 'NONE',  ( 4.500000000000000888, 3.419999999999999929, -5.400000000000000355 ) ) ;
#1528 = CARTESIAN_POINT ( 'NONE',  ( 6.394748594337227310, -0.5674324966581004714, 2.000000000000000000 ) ) ;
#1529 = COLOUR_RGB ( '',0.7960784313725489669, 0.8235294117647058432, 0.9372549019607843146 ) ;
#1530 = PRESENTATION_STYLE_ASSIGNMENT (( #4018 ) ) ;
#1531 = ADVANCED_FACE ( 'NONE', ( #5444 ), #409, .F. ) ;
#1532 = SURFACE_STYLE_FILL_AREA ( #2066 ) ;
#1533 = SURFACE_SIDE_STYLE ('',( #2067 ) ) ;
#1534 = STYLED_ITEM ( 'NONE', ( #691 ), #6110 ) ;
#1535 = DIRECTION ( 'NONE',  ( 1.000000000000000000, 0.000000000000000000, 0.000000000000000000 ) ) ;
#1536 =( NAMED_UNIT ( * ) SI_UNIT ( $, .STERADIAN. ) SOLID_ANGLE_UNIT ( ) );
#1537 = COLOUR_RGB ( '',1.000000000000000000, 0.000000000000000000, 0.000000000000000000 ) ;
#1538 = MECHANICAL_DESIGN_GEOMETRIC_PRESENTATION_REPRESENTATION (  '', ( #157 ), #4368 ) ;
#1539 = EDGE_LOOP ( 'NONE', ( #4338, #2615, #3378, #3280 ) ) ;
#1540 = ADVANCED_FACE ( 'NONE', ( #1479, #4974 ), #2433, .T. ) ;
#1541 = PRESENTATION_LAYER_ASSIGNMENT (  '', '', ( #890 ) ) ;
#1542 = CIRCLE ( 'NONE', #3294, 0.3750000000020004554 ) ;
#1543 =( NAMED_UNIT ( * ) PLANE_ANGLE_UNIT ( ) SI_UNIT ( $, .RADIAN. ) );
#1544 = PRESENTATION_STYLE_ASSIGNMENT (( #3742 ) ) ;
#1545 = EDGE_LOOP ( 'NONE', ( #2896, #2490, #4027, #901 ) ) ;
#1546 = STYLED_ITEM ( 'NONE', ( #3010 ), #3005 ) ;
#1547 = PRODUCT_DEFINITION_SHAPE ( 'NONE', 'NONE',  #6475 ) ;
#1548 = VERTEX_POINT ( 'NONE', #1573 ) ;
#1549 = LINE ( 'NONE', #3489, #265 ) ;
#1550 = ADVANCED_FACE ( 'NONE', ( #2609 ), #2015, .T. ) ;
#1551 = DIRECTION ( 'NONE',  ( 1.000000000000000000, 0.000000000000000000, 0.000000000000000000 ) ) ;
#1552 = CARTESIAN_POINT ( 'NONE',  ( 6.780251405660999708, -1.632567503341999959, 2.000000000000000000 ) ) ;
#1553 = ORIENTED_EDGE ( 'NONE', *, *, #3731, .F. ) ;
#1554 = ORIENTED_EDGE ( 'NONE', *, *, #1555, .F. ) ;
#1555 = EDGE_CURVE ( 'NONE', #2864, #2375, #1516, .T. ) ;
#1556 =( NAMED_UNIT ( * ) PLANE_ANGLE_UNIT ( ) SI_UNIT ( $, .RADIAN. ) );
#1557 = DIRECTION ( 'NONE',  ( -0.000000000000000000, -0.000000000000000000, 1.000000000000000000 ) ) ;
#1558 = FILL_AREA_STYLE ('',( #6034 ) ) ;
#1559 = DIRECTION ( 'NONE',  ( 0.000000000000000000, -1.000000000000000000, -0.000000000000000000 ) ) ;
#1560 = AXIS2_PLACEMENT_3D ( 'NONE', #5972, #490, #1495 ) ;
#1561 =( NAMED_UNIT ( * ) SI_UNIT ( $, .STERADIAN. ) SOLID_ANGLE_UNIT ( ) );
#1562 = FACE_OUTER_BOUND ( 'NONE', #3995, .T. ) ;
#1563 = SURFACE_STYLE_FILL_AREA ( #4899 ) ;
#1564 = PRODUCT_CONTEXT ( 'NONE', #3823, 'mechanical' ) ;
#1565 = FILL_AREA_STYLE ('',( #2032 ) ) ;
#1566 = EDGE_CURVE ( 'NONE', #2004, #2138, #1678, .T. ) ;
#1567 = CARTESIAN_POINT ( 'NONE',  ( 6.000000000000000000, 3.919999999999999929, 5.999999999999998224 ) ) ;
#1568 = EDGE_LOOP ( 'NONE', ( #5854, #1973, #5956, #6293 ) ) ;
#1569 = CARTESIAN_POINT ( 'NONE',  ( 6.375000000002000178, -0.5000000000000000000, 2.000000000000000000 ) ) ;
#1570 = EDGE_LOOP ( 'NONE', ( #5789, #2701 ) ) ;
#1571 = ORIENTED_EDGE ( 'NONE', *, *, #1086, .T. ) ;
#1572 = SURFACE_STYLE_FILL_AREA ( #4636 ) ;
#1573 = CARTESIAN_POINT ( 'NONE',  ( 4.500000000000000888, 3.919999999999999929, -5.400000000000000355 ) ) ;
#1574 = SURFACE_SIDE_STYLE ('',( #577 ) ) ;
#1575 = DIRECTION ( 'NONE',  ( 1.000000000000000000, 0.000000000000000000, -0.000000000000000000 ) ) ;
#1576 =( NAMED_UNIT ( * ) PLANE_ANGLE_UNIT ( ) SI_UNIT ( $, .RADIAN. ) );
#1577 = SURFACE_STYLE_FILL_AREA ( #5675 ) ;
#1578 = AXIS2_PLACEMENT_3D ( 'NONE', #3444, #437, #4868 ) ;
#1579 = VERTEX_POINT ( 'NONE', #1639 ) ;
#1580 = VERTEX_POINT ( 'NONE', #3583 ) ;
#1581 = LINE ( 'NONE', #3423, #6409 ) ;
#1582 = PRESENTATION_LAYER_ASSIGNMENT (  '', '', ( #6380 ) ) ;
#1583 =( LENGTH_UNIT ( ) NAMED_UNIT ( * ) SI_UNIT ( .MILLI., .METRE. ) );
#1584 = DIRECTION ( 'NONE',  ( -0.000000000000000000, 1.000000000000000000, 0.000000000000000000 ) ) ;
#1585 = EDGE_CURVE ( 'NONE', #789, #4103, #619, .T. ) ;
#1586 = COLOUR_RGB ( '',0.7960784313725489669, 0.8235294117647058432, 0.9372549019607843146 ) ;
#1587 = DIRECTION ( 'NONE',  ( -1.000000000000000000, 0.000000000000000000, 0.000000000000000000 ) ) ;
#1588 = FILL_AREA_STYLE ('',( #688 ) ) ;
#1589 = FILL_AREA_STYLE ('',( #4081 ) ) ;
#1590 = CARTESIAN_POINT ( 'NONE',  ( -6.313119520966999687, -2.771830389574999831, 3.000000000000000000 ) ) ;
#1591 = VECTOR ( 'NONE', #602, 1000.000000000000000 ) ;
#1592 = SURFACE_SIDE_STYLE ('',( #2522 ) ) ;
#1593 = DIRECTION ( 'NONE',  ( 0.000000000000000000, 1.000000000000000000, 2.220446049250000002E-16 ) ) ;
#1594 = CARTESIAN_POINT ( 'NONE',  ( 6.313119520967000575, -2.771830389575000275, 3.000000000000001332 ) ) ;
#1595 =( GEOMETRIC_REPRESENTATION_CONTEXT ( 3 ) GLOBAL_UNCERTAINTY_ASSIGNED_CONTEXT ( ( #2669 ) ) GLOBAL_UNIT_ASSIGNED_CONTEXT ( ( #4289, #5397, #1335 ) ) REPRESENTATION_CONTEXT ( 'NONE', 'WORKASPACE' ) );
#1596 = PRODUCT_DEFINITION_SHAPE ( 'NONE', 'NONE',  #6479 ) ;
#1597 = LINE ( 'NONE', #4525, #2553 ) ;
#1598 = VERTEX_POINT ( 'NONE', #641 ) ;
#1599 = DIRECTION ( 'NONE',  ( 0.000000000000000000, 0.000000000000000000, 1.000000000000000000 ) ) ;
#1600 = DIRECTION ( 'NONE',  ( 0.000000000000000000, 0.000000000000000000, 1.000000000000000000 ) ) ;
#1601 = EDGE_CURVE ( 'NONE', #371, #4139, #5512, .T. ) ;
#1602 = ORIENTED_EDGE ( 'NONE', *, *, #4402, .T. ) ;
#1603 = AXIS2_PLACEMENT_3D ( 'NONE', #1616, #3140, #3562 ) ;
#1604 =( GEOMETRIC_REPRESENTATION_CONTEXT ( 3 ) GLOBAL_UNCERTAINTY_ASSIGNED_CONTEXT ( ( #5173 ) ) GLOBAL_UNIT_ASSIGNED_CONTEXT ( ( #753, #3675, #4264 ) ) REPRESENTATION_CONTEXT ( 'NONE', 'WORKASPACE' ) );
#1605 = CIRCLE ( 'NONE', #5285, 0.8999999999999998002 ) ;
#1606 = ORIENTED_EDGE ( 'NONE', *, *, #3621, .T. ) ;
#1607 =( LENGTH_UNIT ( ) NAMED_UNIT ( * ) SI_UNIT ( .MILLI., .METRE. ) );
#1608 = CARTESIAN_POINT ( 'NONE',  ( 6.000000000000000000, 0.000000000000000000, 6.000000000000000000 ) ) ;
#1609 =( GEOMETRIC_REPRESENTATION_CONTEXT ( 3 ) GLOBAL_UNCERTAINTY_ASSIGNED_CONTEXT ( ( #4996 ) ) GLOBAL_UNIT_ASSIGNED_CONTEXT ( ( #6377, #4942, #1413 ) ) REPRESENTATION_CONTEXT ( 'NONE', 'WORKASPACE' ) );
#1610 = DIRECTION ( 'NONE',  ( 0.000000000000000000, 0.000000000000000000, -1.000000000000000000 ) ) ;
#1611 = AXIS2_PLACEMENT_3D ( 'NONE', #2756, #3176, #3692 ) ;
#1612 = ORIENTED_EDGE ( 'NONE', *, *, #4704, .T. ) ;
#1613 = ORIENTED_EDGE ( 'NONE', *, *, #4717, .F. ) ;
#1614 = PRESENTATION_STYLE_ASSIGNMENT (( #5679 ) ) ;
#1615 = COLOUR_RGB ( '',0.7960784313725489669, 0.8235294117647058432, 0.9372549019607843146 ) ;
#1616 = CARTESIAN_POINT ( 'NONE',  ( 4.500000000000000888, 2.919999999999999929, -4.500000000000000888 ) ) ;
#1617 =( NAMED_UNIT ( * ) SI_UNIT ( $, .STERADIAN. ) SOLID_ANGLE_UNIT ( ) );
#1618 = CARTESIAN_POINT ( 'NONE',  ( 1.905000000000000027, 7.360000000000000320, -1.905000000000000027 ) ) ;
#1619 = CARTESIAN_POINT ( 'NONE',  ( 5.750000000000000000, 3.419999999999999929, -5.750000000000000000 ) ) ;
#1620 = SURFACE_STYLE_FILL_AREA ( #101 ) ;
#1621 = UNCERTAINTY_MEASURE_WITH_UNIT (LENGTH_MEASURE( 1.000000000000000082E-05 ), #644, 'distance_accuracy_value', 'NONE');
#1622 = CARTESIAN_POINT ( 'NONE',  ( 6.000000000000000000, 0.8750000000019999558, -0.5000000000000000000 ) ) ;
#1623 = ADVANCED_FACE ( 'NONE', ( #4606 ), #5602, .F. ) ;
#1624 = SURFACE_STYLE_FILL_AREA ( #563 ) ;
#1625 = APPLICATION_PROTOCOL_DEFINITION ( 'draft international standard', 'automotive_design', 1998, #5316 ) ;
#1626 =( NAMED_UNIT ( * ) SI_UNIT ( $, .STERADIAN. ) SOLID_ANGLE_UNIT ( ) );
#1627 = DIRECTION ( 'NONE',  ( 0.000000000000000000, 0.000000000000000000, 1.000000000000000000 ) ) ;
#1628 = VERTEX_POINT ( 'NONE', #2703 ) ;
#1629 = UNCERTAINTY_MEASURE_WITH_UNIT (LENGTH_MEASURE( 1.000000000000000082E-05 ), #1685, 'distance_accuracy_value', 'NONE');
#1630 = PRESENTATION_LAYER_ASSIGNMENT (  '', '', ( #149 ) ) ;
#1631 = FACE_OUTER_BOUND ( 'NONE', #5864, .T. ) ;
#1632 = AXIS2_PLACEMENT_3D ( 'NONE', #5980, #3985, #5533 ) ;
#1633 = FILL_AREA_STYLE_COLOUR ( '', #2211 ) ;
#1634 = STYLED_ITEM ( 'NONE', ( #2692 ), #6138 ) ;
#1635 = ORIENTED_EDGE ( 'NONE', *, *, #5448, .F. ) ;
#1636 =( GEOMETRIC_REPRESENTATION_CONTEXT ( 3 ) GLOBAL_UNCERTAINTY_ASSIGNED_CONTEXT ( ( #5826 ) ) GLOBAL_UNIT_ASSIGNED_CONTEXT ( ( #2440, #4475, #2021 ) ) REPRESENTATION_CONTEXT ( 'NONE', 'WORKASPACE' ) );
#1637 = UNCERTAINTY_MEASURE_WITH_UNIT (LENGTH_MEASURE( 1.000000000000000082E-05 ), #1204, 'distance_accuracy_value', 'NONE');
#1638 = ORIENTED_EDGE ( 'NONE', *, *, #4328, .T. ) ;
#1639 = CARTESIAN_POINT ( 'NONE',  ( -6.000000000000000000, 1.000000000000000000, -2.000000000000000000 ) ) ;
#1640 = PRESENTATION_STYLE_ASSIGNMENT (( #6112 ) ) ;
#1641 = CARTESIAN_POINT ( 'NONE',  ( 6.990754216992685954, -1.497702510021041045, -0.5000000000000000000 ) ) ;
#1642 = CIRCLE ( 'NONE', #5622, 0.8999999999999998002 ) ;
#1643 = STYLED_ITEM ( 'NONE', ( #5644 ), #4634 ) ;
#1644 = ORIENTED_EDGE ( 'NONE', *, *, #3342, .F. ) ;
#1645 = EDGE_CURVE ( 'NONE', #1580, #6082, #767, .T. ) ;
#1646 = ORIENTED_EDGE ( 'NONE', *, *, #703, .F. ) ;
#1647 = ORIENTED_EDGE ( 'NONE', *, *, #1243, .F. ) ;
#1648 = PRESENTATION_LAYER_ASSIGNMENT (  '', '', ( #1747 ) ) ;
#1649 = SURFACE_STYLE_FILL_AREA ( #1053 ) ;
#1650 = FILL_AREA_STYLE_COLOUR ( '', #4625 ) ;
#1651 = CYLINDRICAL_SURFACE ( 'NONE', #4376, 0.9000000000000002442 ) ;
#1652 = CIRCLE ( 'NONE', #797, 0.3750000000020004554 ) ;
#1653 = COLOUR_RGB ( '',0.7960784313725489669, 0.8235294117647058432, 0.9372549019607843146 ) ;
#1654 = DIRECTION ( 'NONE',  ( -0.000000000000000000, -0.000000000000000000, -1.000000000000000000 ) ) ;
#1655 = CARTESIAN_POINT ( 'NONE',  ( -6.674999999997999645, -1.699999999999999956, 3.000000000000000000 ) ) ;
#1656 = SURFACE_STYLE_FILL_AREA ( #4209 ) ;
#1657 = SURFACE_STYLE_USAGE ( .BOTH. , #4590 ) ;
#1658 = PRESENTATION_STYLE_ASSIGNMENT (( #4620 ) ) ;
#1659 = PRESENTATION_STYLE_ASSIGNMENT (( #2126 ) ) ;
#1660 = APPLICATION_PROTOCOL_DEFINITION ( 'draft international standard', 'automotive_design', 1998, #6372 ) ;
#1661 = FILL_AREA_STYLE ('',( #6224 ) ) ;
#1662 = DIRECTION ( 'NONE',  ( 0.000000000000000000, 0.000000000000000000, 1.000000000000000000 ) ) ;
#1663 = DIRECTION ( 'NONE',  ( -0.000000000000000000, -0.000000000000000000, 1.000000000000000000 ) ) ;
#1664 = ORIENTED_EDGE ( 'NONE', *, *, #368, .F. ) ;
#1665 = LINE ( 'NONE', #764, #4007 ) ;
#1666 = ORIENTED_EDGE ( 'NONE', *, *, #3831, .F. ) ;
#1667 = EDGE_CURVE ( 'NONE', #480, #2333, #801, .T. ) ;
#1668 = CARTESIAN_POINT ( 'NONE',  ( -6.184245783005312802, -0.7022974899789587999, 2.000000000000000000 ) ) ;
#1669 = FILL_AREA_STYLE ('',( #6202 ) ) ;
#1670 = SURFACE_STYLE_FILL_AREA ( #1700 ) ;
#1671 = ORIENTED_EDGE ( 'NONE', *, *, #1850, .F. ) ;
#1672 = ORIENTED_EDGE ( 'NONE', *, *, #2456, .F. ) ;
#1673 = ORIENTED_EDGE ( 'NONE', *, *, #1874, .T. ) ;
#1674 = FILL_AREA_STYLE_COLOUR ( '', #650 ) ;
#1675 = AXIS2_PLACEMENT_3D ( 'NONE', #4418, #914, #2908 ) ;
#1676 = SURFACE_STYLE_FILL_AREA ( #219 ) ;
#1677 = SURFACE_STYLE_FILL_AREA ( #2621 ) ;
#1678 = CIRCLE ( 'NONE', #5356, 1.500000000000000000 ) ;
#1679 = EDGE_CURVE ( 'NONE', #505, #2839, #2802, .T. ) ;
#1680 = DIRECTION ( 'NONE',  ( 0.000000000000000000, -1.000000000000000000, -2.220446049250000002E-16 ) ) ;
#1681 = CIRCLE ( 'NONE', #5047, 3.350000000000000089 ) ;
#1682 = UNCERTAINTY_MEASURE_WITH_UNIT (LENGTH_MEASURE( 1.000000000000000082E-05 ), #3739, 'distance_accuracy_value', 'NONE');
#1683 = VECTOR ( 'NONE', #1599, 1000.000000000000000 ) ;
#1684 = SURFACE_STYLE_USAGE ( .BOTH. , #3599 ) ;
#1685 =( LENGTH_UNIT ( ) NAMED_UNIT ( * ) SI_UNIT ( .MILLI., .METRE. ) );
#1686 = CARTESIAN_POINT ( 'NONE',  ( -6.500000000000000888, -0.5000000000000000000, 2.000000000000000000 ) ) ;
#1687 = STYLED_ITEM ( 'NONE', ( #3032 ), #5288 ) ;
#1688 = DIRECTION ( 'NONE',  ( 0.000000000000000000, 0.000000000000000000, -1.000000000000000000 ) ) ;
#1689 = DIRECTION ( 'NONE',  ( 0.000000000000000000, 1.000000000000000000, 2.220446049250000002E-16 ) ) ;
#1690 = EDGE_LOOP ( 'NONE', ( #1103, #6046, #4806, #6227, #2535, #4712, #3458, #3748, #4945, #4740, #4088, #6439, #1114, #2799, #3123, #2337 ) ) ;
#1691 = PRESENTATION_STYLE_ASSIGNMENT (( #4091 ) ) ;
#1692 = ADVANCED_FACE ( 'NONE', ( #2207 ), #2306, .F. ) ;
#1693 = ORIENTED_EDGE ( 'NONE', *, *, #500, .F. ) ;
#1694 = DIRECTION ( 'NONE',  ( -1.000000000000000000, 0.000000000000000000, 0.000000000000000000 ) ) ;
#1695 = SURFACE_SIDE_STYLE ('',( #1314 ) ) ;
#1696 = SURFACE_STYLE_FILL_AREA ( #4069 ) ;
#1697 = FACE_OUTER_BOUND ( 'NONE', #4459, .T. ) ;
#1698 = EDGE_CURVE ( 'NONE', #1210, #2607, #4705, .T. ) ;
#1699 = CIRCLE ( 'NONE', #959, 0.3750000000019996227 ) ;
#1700 = FILL_AREA_STYLE ('',( #5062 ) ) ;
#1701 = ORIENTED_EDGE ( 'NONE', *, *, #5934, .T. ) ;
#1702 = VERTEX_POINT ( 'NONE', #1724 ) ;
#1703 = EDGE_LOOP ( 'NONE', ( #5296, #3486, #5967, #5537 ) ) ;
#1704 = COLOUR_RGB ( '',0.7960784313725489669, 0.8235294117647058432, 0.9372549019607843146 ) ;
#1705 =( LENGTH_UNIT ( ) NAMED_UNIT ( * ) SI_UNIT ( .MILLI., .METRE. ) );
#1706 = DIRECTION ( 'NONE',  ( 0.000000000000000000, -1.000000000000000000, -2.299999999999999903E-16 ) ) ;
#1707 = CARTESIAN_POINT ( 'NONE',  ( 6.394748594337227310, -0.5674324966581004714, 0.5000000000000000000 ) ) ;
#1708 = ADVANCED_FACE ( 'NONE', ( #5771 ), #1205, .F. ) ;
#1709 = DIRECTION ( 'NONE',  ( 0.000000000000000000, 0.000000000000000000, -1.000000000000000000 ) ) ;
#1710 = LINE ( 'NONE', #2722, #2136 ) ;
#1711 = FILL_AREA_STYLE_COLOUR ( '', #1653 ) ;
#1712 = CARTESIAN_POINT ( 'NONE',  ( 6.123233995736766036E-17, 6.860000000000000320, -0.4999999999999985012 ) ) ;
#1713 =( NAMED_UNIT ( * ) PLANE_ANGLE_UNIT ( ) SI_UNIT ( $, .RADIAN. ) );
#1714 = LINE ( 'NONE', #194, #4966 ) ;
#1715 = SURFACE_SIDE_STYLE ('',( #4725 ) ) ;
#1716 = FACE_OUTER_BOUND ( 'NONE', #3755, .T. ) ;
#1717 = EDGE_CURVE ( 'NONE', #4768, #5163, #1375, .T. ) ;
#1718 = CARTESIAN_POINT ( 'NONE',  ( -6.124999999997999822, 0.8750000000019998447, 2.000000000000000000 ) ) ;
#1719 = ORIENTED_EDGE ( 'NONE', *, *, #4987, .T. ) ;
#1720 = MECHANICAL_DESIGN_GEOMETRIC_PRESENTATION_REPRESENTATION (  '', ( #2961 ), #4568 ) ;
#1721 = VERTEX_POINT ( 'NONE', #3321 ) ;
#1722 = COLOUR_RGB ( '',0.2509803921568627416, 0.2509803921568627416, 0.2509803921568627416 ) ;
#1723 = EDGE_CURVE ( 'NONE', #1932, #5471, #4193, .T. ) ;
#1724 = CARTESIAN_POINT ( 'NONE',  ( 1.836970198721030427E-16, 5.559999999999999609, 1.500000000000000444 ) ) ;
#1725 = AXIS2_PLACEMENT_3D ( 'NONE', #4479, #3904, #913 ) ;
#1726 = FACE_OUTER_BOUND ( 'NONE', #5330, .T. ) ;
#1727 = ORIENTED_EDGE ( 'NONE', *, *, #88, .F. ) ;
#1728 =( GEOMETRIC_REPRESENTATION_CONTEXT ( 3 ) GLOBAL_UNCERTAINTY_ASSIGNED_CONTEXT ( ( #6084 ) ) GLOBAL_UNIT_ASSIGNED_CONTEXT ( ( #318, #807, #5059 ) ) REPRESENTATION_CONTEXT ( 'NONE', 'WORKASPACE' ) );
#1729 = EDGE_CURVE ( 'NONE', #2903, #184, #5351, .T. ) ;
#1730 = EDGE_LOOP ( 'NONE', ( #707, #3069, #3934, #3743 ) ) ;
#1731 = VERTEX_POINT ( 'NONE', #2921 ) ;
#1732 =( NAMED_UNIT ( * ) PLANE_ANGLE_UNIT ( ) SI_UNIT ( $, .RADIAN. ) );
#1733 = PRESENTATION_STYLE_ASSIGNMENT (( #4240 ) ) ;
#1734 = AXIS2_PLACEMENT_3D ( 'NONE', #5114, #3639, #1131 ) ;
#1735 = MECHANICAL_DESIGN_GEOMETRIC_PRESENTATION_REPRESENTATION (  '', ( #4907 ), #1728 ) ;
#1736 = DIRECTION ( 'NONE',  ( 0.7071067811865475727, -1.884010325351794504E-16, 0.7071067811865475727 ) ) ;
#1737 = EDGE_CURVE ( 'NONE', #5777, #3027, #2858, .T. ) ;
#1738 = AXIS2_PLACEMENT_3D ( 'NONE', #4467, #5443, #932 ) ;
#1739 = UNCERTAINTY_MEASURE_WITH_UNIT (LENGTH_MEASURE( 1.000000000000000082E-05 ), #5844, 'distance_accuracy_value', 'NONE');
#1740 = CARTESIAN_POINT ( 'NONE',  ( 7.014865420137913254, -1.858481848153472393, -0.5000000000000000000 ) ) ;
#1741 = DIRECTION ( 'NONE',  ( 0.000000000000000000, 0.000000000000000000, -1.000000000000000000 ) ) ;
#1742 = LINE ( 'NONE', #3735, #571 ) ;
#1743 = SURFACE_SIDE_STYLE ('',( #1532 ) ) ;
#1744 = CARTESIAN_POINT ( 'NONE',  ( -6.000000000000000000, 1.250000000003999912, -3.000000000000000000 ) ) ;
#1745 = UNCERTAINTY_MEASURE_WITH_UNIT (LENGTH_MEASURE( 1.000000000000000082E-05 ), #562, 'distance_accuracy_value', 'NONE');
#1746 =( LENGTH_UNIT ( ) NAMED_UNIT ( * ) SI_UNIT ( .MILLI., .METRE. ) );
#1747 = STYLED_ITEM ( 'NONE', ( #976 ), #3173 ) ;
#1748 =( NAMED_UNIT ( * ) PLANE_ANGLE_UNIT ( ) SI_UNIT ( $, .RADIAN. ) );
#1749 = CIRCLE ( 'NONE', #378, 0.9000000000000002442 ) ;
#1750 = SURFACE_STYLE_FILL_AREA ( #3700 ) ;
#1751 = EDGE_LOOP ( 'NONE', ( #726, #4237, #3441, #1853 ) ) ;
#1752 = ORIENTED_EDGE ( 'NONE', *, *, #2430, .T. ) ;
#1753 = STYLED_ITEM ( 'NONE', ( #3305 ), #1220 ) ;
#1754 = UNCERTAINTY_MEASURE_WITH_UNIT (LENGTH_MEASURE( 1.000000000000000082E-05 ), #1884, 'distance_accuracy_value', 'NONE');
#1755 = CARTESIAN_POINT ( 'NONE',  ( -6.022835988173993904, -3.394345434565014141, 2.249999999999956923 ) ) ;
#1756 = SHAPE_REPRESENTATION ( 'Body001', ( #3487 ), #3918 ) ;
#1757 = SURFACE_STYLE_USAGE ( .BOTH. , #204 ) ;
#1758 = EDGE_CURVE ( 'NONE', #1548, #789, #3919, .T. ) ;
#1759 = VERTEX_POINT ( 'NONE', #3883 ) ;
#1760 = MECHANICAL_DESIGN_GEOMETRIC_PRESENTATION_REPRESENTATION (  '', ( #2062 ), #4824 ) ;
#1761 = LINE ( 'NONE', #3751, #838 ) ;
#1762 = CARTESIAN_POINT ( 'NONE',  ( 6.990754216992685954, -1.497702510021041045, 3.000000000000000000 ) ) ;
#1763 = DIRECTION ( 'NONE',  ( -0.000000000000000000, 1.000000000000000000, 2.220446049250000002E-16 ) ) ;
#1764 = ORIENTED_EDGE ( 'NONE', *, *, #1816, .T. ) ;
#1765 = EDGE_LOOP ( 'NONE', ( #2429, #837, #1380, #2232 ) ) ;
#1766 =( GEOMETRIC_REPRESENTATION_CONTEXT ( 3 ) GLOBAL_UNCERTAINTY_ASSIGNED_CONTEXT ( ( #2727 ) ) GLOBAL_UNIT_ASSIGNED_CONTEXT ( ( #370, #6332, #1790 ) ) REPRESENTATION_CONTEXT ( 'NONE', 'WORKASPACE' ) );
#1767 = EDGE_LOOP ( 'NONE', ( #3523, #5083, #5804, #1814, #3367, #6092 ) ) ;
#1768 = CARTESIAN_POINT ( 'NONE',  ( 0.000000000000000000, 7.360000000000000320, 1.634248292247999954E-15 ) ) ;
#1769 = DIRECTION ( 'NONE',  ( -0.000000000000000000, -0.000000000000000000, 1.000000000000000000 ) ) ;
#1770 = DIRECTION ( 'NONE',  ( 0.000000000000000000, 0.000000000000000000, -1.000000000000000000 ) ) ;
#1771 = DIRECTION ( 'NONE',  ( -1.000000000000000000, 0.000000000000000000, 0.000000000000000000 ) ) ;
#1772 = EDGE_CURVE ( 'NONE', #1702, #2004, #5828, .T. ) ;
#1773 =( LENGTH_UNIT ( ) NAMED_UNIT ( * ) SI_UNIT ( .MILLI., .METRE. ) );
#1774 = PRODUCT_DEFINITION_FORMATION_WITH_SPECIFIED_SOURCE ( 'ANY', '', #3726, .NOT_KNOWN. ) ;
#1775 = STYLED_ITEM ( 'NONE', ( #6066 ), #853 ) ;
#1776 = LINE ( 'NONE', #3304, #6196 ) ;
#1777 = CARTESIAN_POINT ( 'NONE',  ( -5.750000000000000000, 3.919999999999999929, -5.000000000000000888 ) ) ;
#1778 = CARTESIAN_POINT ( 'NONE',  ( 6.500000000000000888, -0.5000000000000000000, 2.000000000000000000 ) ) ;
#1779 = FACE_OUTER_BOUND ( 'NONE', #3324, .T. ) ;
#1780 = STYLED_ITEM ( 'NONE', ( #4131 ), #1550 ) ;
#1781 = CARTESIAN_POINT ( 'NONE',  ( -6.000000000000000000, 0.8750000000019999558, 2.000000000000000000 ) ) ;
#1782 = SURFACE_STYLE_FILL_AREA ( #6261 ) ;
#1783 = EDGE_CURVE ( 'NONE', #6429, #6465, #6425, .T. ) ;
#1784 = LINE ( 'NONE', #2815, #4371 ) ;
#1785 = VERTEX_POINT ( 'NONE', #2826 ) ;
#1786 = VECTOR ( 'NONE', #4666, 1000.000000000000000 ) ;
#1787 = STYLED_ITEM ( 'NONE', ( #2039 ), #1903 ) ;
#1788 = CARTESIAN_POINT ( 'NONE',  ( 0.000000000000000000, 3.419999999999999929, 0.000000000000000000 ) ) ;
#1789 = CIRCLE ( 'NONE', #5674, 0.8999999999999998002 ) ;
#1790 =( NAMED_UNIT ( * ) SI_UNIT ( $, .STERADIAN. ) SOLID_ANGLE_UNIT ( ) );
#1791 =( NAMED_UNIT ( * ) SI_UNIT ( $, .STERADIAN. ) SOLID_ANGLE_UNIT ( ) );
#1792 = ORIENTED_EDGE ( 'NONE', *, *, #4759, .F. ) ;
#1793 = MECHANICAL_DESIGN_GEOMETRIC_PRESENTATION_REPRESENTATION (  '', ( #5778 ), #3991 ) ;
#1794 = EDGE_CURVE ( 'NONE', #2933, #1908, #1045, .T. ) ;
#1795 = FILL_AREA_STYLE_COLOUR ( '', #3089 ) ;
#1796 =( LENGTH_UNIT ( ) NAMED_UNIT ( * ) SI_UNIT ( .MILLI., .METRE. ) );
#1797 = MECHANICAL_DESIGN_GEOMETRIC_PRESENTATION_REPRESENTATION (  '', ( #2092 ), #6284 ) ;
#1798 = CARTESIAN_POINT ( 'NONE',  ( 4.500000000000000888, 3.419999999999999929, 4.500000000000000888 ) ) ;
#1799 = VERTEX_POINT ( 'NONE', #4967 ) ;
#1800 = VERTEX_POINT ( 'NONE', #3819 ) ;
#1801 = CARTESIAN_POINT ( 'NONE',  ( 0.000000000000000000, 3.919999999999999929, 0.000000000000000000 ) ) ;
#1802 = PLANE ( 'NONE',  #6098 ) ;
#1803 = FILL_AREA_STYLE ('',( #4305 ) ) ;
#1804 = FILL_AREA_STYLE_COLOUR ( '', #65 ) ;
#1805 = COLOUR_RGB ( '',0.7960784313725489669, 0.8235294117647058432, 0.9372549019607843146 ) ;
#1806 = EDGE_CURVE ( 'NONE', #4934, #3587, #4626, .T. ) ;
#1807 = LINE ( 'NONE', #3799, #3619 ) ;
#1808 = CARTESIAN_POINT ( 'NONE',  ( 0.000000000000000000, 3.919999999999999929, -8.700000000000000360E-16 ) ) ;
#1809 = DIRECTION ( 'NONE',  ( 0.000000000000000000, -1.000000000000000000, -2.220446049250000002E-16 ) ) ;
#1810 = PLANE ( 'NONE',  #389 ) ;
#1811 =( LENGTH_UNIT ( ) NAMED_UNIT ( * ) SI_UNIT ( .MILLI., .METRE. ) );
#1812 = UNCERTAINTY_MEASURE_WITH_UNIT (LENGTH_MEASURE( 1.000000000000000082E-05 ), #1342, 'distance_accuracy_value', 'NONE');
#1813 = CIRCLE ( 'NONE', #2225, 0.9000000000000002442 ) ;
#1814 = ORIENTED_EDGE ( 'NONE', *, *, #6167, .F. ) ;
#1815 =( GEOMETRIC_REPRESENTATION_CONTEXT ( 3 ) GLOBAL_UNCERTAINTY_ASSIGNED_CONTEXT ( ( #4793 ) ) GLOBAL_UNIT_ASSIGNED_CONTEXT ( ( #3535, #4681, #3662 ) ) REPRESENTATION_CONTEXT ( 'NONE', 'WORKASPACE' ) );
#1816 = EDGE_CURVE ( 'NONE', #5358, #4697, #2394, .T. ) ;
#1817 = UNCERTAINTY_MEASURE_WITH_UNIT (LENGTH_MEASURE( 1.000000000000000082E-05 ), #1746, 'distance_accuracy_value', 'NONE');
#1818 =( LENGTH_UNIT ( ) NAMED_UNIT ( * ) SI_UNIT ( .MILLI., .METRE. ) );
#1819 = EDGE_LOOP ( 'NONE', ( #3788, #5745, #6151, #5738 ) ) ;
#1820 = EDGE_CURVE ( 'NONE', #4171, #6013, #6374, .T. ) ;
#1821 = SURFACE_STYLE_FILL_AREA ( #1313 ) ;
#1822 = FACE_OUTER_BOUND ( 'NONE', #4225, .T. ) ;
#1823 = PRESENTATION_STYLE_ASSIGNMENT (( #4331 ) ) ;
#1824 = PRESENTATION_LAYER_ASSIGNMENT (  '', '', ( #5094 ) ) ;
#1825 = ORIENTED_EDGE ( 'NONE', *, *, #6167, .T. ) ;
#1826 = ORIENTED_EDGE ( 'NONE', *, *, #5750, .F. ) ;
#1827 = DIRECTION ( 'NONE',  ( -0.9063077870379250278, 0.4226182617379650730, 0.000000000000000000 ) ) ;
#1828 = DIRECTION ( 'NONE',  ( -0.000000000000000000, -0.000000000000000000, 1.000000000000000000 ) ) ;
#1829 = DIRECTION ( 'NONE',  ( 0.000000000000000000, 0.000000000000000000, 1.000000000000000000 ) ) ;
#1830 = LINE ( 'NONE', #3832, #2880 ) ;
#1831 = PRESENTATION_LAYER_ASSIGNMENT (  '', '', ( #2120 ) ) ;
#1832 = CIRCLE ( 'NONE', #2673, 0.3750000000019996227 ) ;
#1833 = STYLED_ITEM ( 'NONE', ( #1614 ), #4282 ) ;
#1834 = DIRECTION ( 'NONE',  ( -1.000000000000000000, 0.000000000000000000, 0.000000000000000000 ) ) ;
#1835 = DIRECTION ( 'NONE',  ( 0.000000000000000000, 0.000000000000000000, -1.000000000000000000 ) ) ;
#1836 = DIRECTION ( 'NONE',  ( 0.000000000000000000, 0.000000000000000000, -1.000000000000000000 ) ) ;
#1837 = DIRECTION ( 'NONE',  ( 0.000000000000000000, -1.000000000000000000, -2.220446049250000002E-16 ) ) ;
#1838 = SURFACE_STYLE_FILL_AREA ( #5728 ) ;
#1839 = CARTESIAN_POINT ( 'NONE',  ( -6.990754216992685954, -1.497702510021041045, 2.000000000000000000 ) ) ;
#1840 = DIRECTION ( 'NONE',  ( 0.000000000000000000, 0.000000000000000000, -1.000000000000000000 ) ) ;
#1841 = PRESENTATION_LAYER_ASSIGNMENT (  '', '', ( #5417 ) ) ;
#1842 = EDGE_LOOP ( 'NONE', ( #112, #4 ) ) ;
#1843 = CARTESIAN_POINT ( 'NONE',  ( 5.750000000000000000, 3.419999999999999485, 5.000000000000000000 ) ) ;
#1844 = AXIS2_PLACEMENT_3D ( 'NONE', #5419, #6433, #3932 ) ;
#1845 = LINE ( 'NONE', #729, #4789 ) ;
#1846 =( NAMED_UNIT ( * ) PLANE_ANGLE_UNIT ( ) SI_UNIT ( $, .RADIAN. ) );
#1847 = EDGE_LOOP ( 'NONE', ( #1182, #1212, #1407, #3390 ) ) ;
#1848 = DIRECTION ( 'NONE',  ( 0.000000000000000000, -1.000000000000000000, -2.220446049250000002E-16 ) ) ;
#1849 = DIRECTION ( 'NONE',  ( -1.000000000000000000, 0.000000000000000000, 0.000000000000000000 ) ) ;
#1850 = EDGE_CURVE ( 'NONE', #3127, #2890, #5252, .T. ) ;
#1851 = FILL_AREA_STYLE_COLOUR ( '', #3613 ) ;
#1852 = ORIENTED_EDGE ( 'NONE', *, *, #2127, .T. ) ;
#1853 = ORIENTED_EDGE ( 'NONE', *, *, #1138, .F. ) ;
#1854 = DIRECTION ( 'NONE',  ( 0.000000000000000000, -1.000000000000000000, 0.000000000000000000 ) ) ;
#1855 = CARTESIAN_POINT ( 'NONE',  ( -7.049999999999998934, -1.699999999999999956, 2.000000000000000000 ) ) ;
#1856 = SURFACE_STYLE_FILL_AREA ( #3389 ) ;
#1857 = ORIENTED_EDGE ( 'NONE', *, *, #6252, .T. ) ;
#1858 = PRESENTATION_STYLE_ASSIGNMENT (( #4380 ) ) ;
#1859 = LINE ( 'NONE', #5965, #2209 ) ;
#1860 = EDGE_CURVE ( 'NONE', #6276, #5227, #4429, .T. ) ;
#1861 = LINE ( 'NONE', #4785, #903 ) ;
#1862 = PRESENTATION_STYLE_ASSIGNMENT (( #1392 ) ) ;
#1863 = CARTESIAN_POINT ( 'NONE',  ( 0.000000000000000000, 5.559999999999999609, 2.131628207279999972E-16 ) ) ;
#1864 =( GEOMETRIC_REPRESENTATION_CONTEXT ( 3 ) GLOBAL_UNCERTAINTY_ASSIGNED_CONTEXT ( ( #881 ) ) GLOBAL_UNIT_ASSIGNED_CONTEXT ( ( #6268, #3254, #5847 ) ) REPRESENTATION_CONTEXT ( 'NONE', 'WORKASPACE' ) );
#1865 = UNCERTAINTY_MEASURE_WITH_UNIT (LENGTH_MEASURE( 1.000000000000000082E-05 ), #1981, 'distance_accuracy_value', 'NONE');
#1866 = CARTESIAN_POINT ( 'NONE',  ( -6.394748594337245962, -0.5674324966580887031, 2.000000000000000000 ) ) ;
#1867 = CARTESIAN_POINT ( 'NONE',  ( 0.000000000000000000, 3.919999999999999929, 0.000000000000000000 ) ) ;
#1868 = DIRECTION ( 'NONE',  ( 0.000000000000000000, -0.000000000000000000, -1.000000000000000000 ) ) ;
#1869 = DIRECTION ( 'NONE',  ( 0.000000000000000000, 0.000000000000000000, 1.000000000000000000 ) ) ;
#1870 = PRODUCT_DEFINITION_CONTEXT ( 'detailed design', #5640, 'design' ) ;
#1871 = AXIS2_PLACEMENT_3D ( 'NONE', #6399, #5379, #402 ) ;
#1872 = VERTEX_POINT ( 'NONE', #5438 ) ;
#1873 = AXIS2_PLACEMENT_3D ( 'NONE', #1788, #3641, #4219 ) ;
#1874 = EDGE_CURVE ( 'NONE', #3087, #4444, #2334, .T. ) ;
#1875 = DIRECTION ( 'NONE',  ( 0.000000000000000000, -1.000000000000000000, -2.220446049250000002E-16 ) ) ;
#1876 = LINE ( 'NONE', #5984, #2623 ) ;
#1877 = VECTOR ( 'NONE', #507, 1000.000000000000000 ) ;
#1878 = VERTEX_POINT ( 'NONE', #866 ) ;
#1879 = UNCERTAINTY_MEASURE_WITH_UNIT (LENGTH_MEASURE( 1.000000000000000082E-05 ), #1090, 'distance_accuracy_value', 'NONE');
#1880 = ORIENTED_EDGE ( 'NONE', *, *, #1850, .T. ) ;
#1881 = CARTESIAN_POINT ( 'NONE',  ( -6.674999999997999645, -1.699999999999999956, 2.000000000000000000 ) ) ;
#1882 = EDGE_CURVE ( 'NONE', #6231, #1799, #470, .T. ) ;
#1883 = STYLED_ITEM ( 'NONE', ( #1970 ), #5714 ) ;
#1884 =( LENGTH_UNIT ( ) NAMED_UNIT ( * ) SI_UNIT ( .MILLI., .METRE. ) );
#1885 = ORIENTED_EDGE ( 'NONE', *, *, #373, .T. ) ;
#1886 = SURFACE_STYLE_FILL_AREA ( #296 ) ;
#1887 = CARTESIAN_POINT ( 'NONE',  ( 6.000000000000000000, 0.8750000000019999558, 2.000000000000000000 ) ) ;
#1888 = ORIENTED_EDGE ( 'NONE', *, *, #390, .F. ) ;
#1889 = STYLED_ITEM ( 'NONE', ( #423 ), #3550 ) ;
#1890 = CARTESIAN_POINT ( 'NONE',  ( -6.375000000002000178, 0.8750000000020000668, 2.000000000000000000 ) ) ;
#1891 = CARTESIAN_POINT ( 'NONE',  ( -6.500000000000000888, -0.5000000000000000000, -3.000000000000000000 ) ) ;
#1892 = DIRECTION ( 'NONE',  ( -0.000000000000000000, -0.000000000000000000, -1.000000000000000000 ) ) ;
#1893 = DIRECTION ( 'NONE',  ( 0.000000000000000000, 0.000000000000000000, 1.000000000000000000 ) ) ;
#1894 = COLOUR_RGB ( '',0.7960784313725489669, 0.8235294117647058432, 0.9372549019607843146 ) ;
#1895 = CARTESIAN_POINT ( 'NONE',  ( -4.500000000000000888, 3.419999999999999929, 4.500000000000000888 ) ) ;
#1896 = VECTOR ( 'NONE', #256, 1000.000000000000114 ) ;
#1897 = DIRECTION ( 'NONE',  ( 0.000000000000000000, 0.000000000000000000, -1.000000000000000000 ) ) ;
#1898 =( LENGTH_UNIT ( ) NAMED_UNIT ( * ) SI_UNIT ( .MILLI., .METRE. ) );
#1899 = COLOUR_RGB ( '',1.000000000000000000, 0.000000000000000000, 0.000000000000000000 ) ;
#1900 = DIRECTION ( 'NONE',  ( 0.000000000000000000, 0.000000000000000000, 1.000000000000000000 ) ) ;
#1901 = PRESENTATION_LAYER_ASSIGNMENT (  '', '', ( #1305 ) ) ;
#1902 = VERTEX_POINT ( 'NONE', #4330 ) ;
#1903 = ADVANCED_FACE ( 'NONE', ( #1822 ), #6048, .F. ) ;
#1904 = ORIENTED_EDGE ( 'NONE', *, *, #5357, .T. ) ;
#1905 = CARTESIAN_POINT ( 'NONE',  ( -6.500000000000000888, -0.5000000000000000000, 2.000000000000000000 ) ) ;
#1906 = SURFACE_SIDE_STYLE ('',( #6426 ) ) ;
#1907 = DIRECTION ( 'NONE',  ( -0.000000000000000000, -0.000000000000000000, -1.000000000000000000 ) ) ;
#1908 = VERTEX_POINT ( 'NONE', #1099 ) ;
#1909 = ORIENTED_EDGE ( 'NONE', *, *, #1772, .F. ) ;
#1910 = LINE ( 'NONE', #2045, #4796 ) ;
#1911 = DIRECTION ( 'NONE',  ( -0.000000000000000000, -0.000000000000000000, 1.000000000000000000 ) ) ;
#1912 =( GEOMETRIC_REPRESENTATION_CONTEXT ( 3 ) GLOBAL_UNCERTAINTY_ASSIGNED_CONTEXT ( ( #5426 ) ) GLOBAL_UNIT_ASSIGNED_CONTEXT ( ( #6381, #3929, #4844 ) ) REPRESENTATION_CONTEXT ( 'NONE', 'WORKASPACE' ) );
#1913 = ORIENTED_EDGE ( 'NONE', *, *, #5610, .T. ) ;
#1914 = DIRECTION ( 'NONE',  ( 0.9063077870387888924, -0.4226182617361123883, -1.014813233436291312E-12 ) ) ;
#1915 = ORIENTED_EDGE ( 'NONE', *, *, #1937, .F. ) ;
#1916 = SURFACE_STYLE_FILL_AREA ( #4416 ) ;
#1917 = VECTOR ( 'NONE', #2991, 1000.000000000000000 ) ;
#1918 = CARTESIAN_POINT ( 'NONE',  ( 6.394748594337231751, -0.5674324966578521146, -0.5000000000000000000 ) ) ;
#1919 = LINE ( 'NONE', #6035, #3150 ) ;
#1920 = PLANE ( 'NONE',  #2148 ) ;
#1921 = CIRCLE ( 'NONE', #4576, 0.3750000000019996227 ) ;
#1922 = EDGE_CURVE ( 'NONE', #1579, #5423, #3989, .T. ) ;
#1923 = CARTESIAN_POINT ( 'NONE',  ( -5.000000000000000888, 3.419999999999999485, 5.750000000000000000 ) ) ;
#1924 = AXIS2_PLACEMENT_3D ( 'NONE', #6160, #4253, #1688 ) ;
#1925 =( NAMED_UNIT ( * ) PLANE_ANGLE_UNIT ( ) SI_UNIT ( $, .RADIAN. ) );
#1926 = SURFACE_STYLE_FILL_AREA ( #426 ) ;
#1927 = SURFACE_SIDE_STYLE ('',( #1821 ) ) ;
#1928 = MECHANICAL_DESIGN_GEOMETRIC_PRESENTATION_REPRESENTATION (  '', ( #5417 ), #788 ) ;
#1929 = PRODUCT_DEFINITION_CONTEXT ( 'detailed design', #5729, 'design' ) ;
#1930 = STYLED_ITEM ( 'NONE', ( #2077 ), #4691 ) ;
#1931 = FILL_AREA_STYLE ('',( #6419 ) ) ;
#1932 = VERTEX_POINT ( 'NONE', #3695 ) ;
#1933 = COLOUR_RGB ( '',1.000000000000000000, 1.000000000000000000, 1.000000000000000000 ) ;
#1934 = EDGE_LOOP ( 'NONE', ( #1010, #2266, #4667, #1514 ) ) ;
#1935 = CARTESIAN_POINT ( 'NONE',  ( -6.249412934932999875, -3.500000000000000000, -1.999999999999999556 ) ) ;
#1936 = CARTESIAN_POINT ( 'NONE',  ( -7.014865420137913254, -1.858481848153471949, 2.000000000000000000 ) ) ;
#1937 = EDGE_CURVE ( 'NONE', #5258, #6429, #47, .T. ) ;
#1938 = STYLED_ITEM ( 'NONE', ( #4818 ), #1095 ) ;
#1939 =( NAMED_UNIT ( * ) PLANE_ANGLE_UNIT ( ) SI_UNIT ( $, .RADIAN. ) );
#1940 =( GEOMETRIC_REPRESENTATION_CONTEXT ( 3 ) GLOBAL_UNCERTAINTY_ASSIGNED_CONTEXT ( ( #1169 ) ) GLOBAL_UNIT_ASSIGNED_CONTEXT ( ( #4748, #3301, #809 ) ) REPRESENTATION_CONTEXT ( 'NONE', 'WORKASPACE' ) );
#1941 = ORIENTED_EDGE ( 'NONE', *, *, #5686, .F. ) ;
#1942 = UNCERTAINTY_MEASURE_WITH_UNIT (LENGTH_MEASURE( 1.000000000000000082E-05 ), #4585, 'distance_accuracy_value', 'NONE');
#1943 = ORIENTED_EDGE ( 'NONE', *, *, #2753, .T. ) ;
#1944 = SURFACE_SIDE_STYLE ('',( #4468 ) ) ;
#1945 = SURFACE_SIDE_STYLE ('',( #1037 ) ) ;
#1946 = CARTESIAN_POINT ( 'NONE',  ( -6.788288473375239995, -1.752827282717128066, 3.000000000000000000 ) ) ;
#1947 = FILL_AREA_STYLE_COLOUR ( '', #1522 ) ;
#1948 = DIRECTION ( 'NONE',  ( 0.5394599732739951969, -0.8420112453139925179, 0.000000000000000000 ) ) ;
#1949 = STYLED_ITEM ( 'NONE', ( #3344 ), #2308 ) ;
#1950 = EDGE_LOOP ( 'NONE', ( #4677, #4504 ) ) ;
#1951 = EDGE_LOOP ( 'NONE', ( #5184, #1140, #5534, #3325, #4643, #5480 ) ) ;
#1952 = DIRECTION ( 'NONE',  ( 0.000000000000000000, 0.000000000000000000, -1.000000000000000000 ) ) ;
#1953 =( NAMED_UNIT ( * ) SI_UNIT ( $, .STERADIAN. ) SOLID_ANGLE_UNIT ( ) );
#1954 = EDGE_CURVE ( 'NONE', #5600, #3854, #6014, .T. ) ;
#1955 = ORIENTED_EDGE ( 'NONE', *, *, #5494, .F. ) ;
#1956 = CARTESIAN_POINT ( 'NONE',  ( 0.000000000000000000, 3.919999999999999929, -3.350000000000000089 ) ) ;
#1957 = DIRECTION ( 'NONE',  ( -0.000000000000000000, -0.000000000000000000, -1.000000000000000000 ) ) ;
#1958 = CARTESIAN_POINT ( 'NONE',  ( 5.750000000000000000, 3.919999999999999929, 5.000000000000000000 ) ) ;
#1959 = DIRECTION ( 'NONE',  ( 0.000000000000000000, -1.000000000000000000, -2.220446049250000002E-16 ) ) ;
#1960 = ADVANCED_FACE ( 'NONE', ( #5119 ), #4564, .F. ) ;
#1961 = CARTESIAN_POINT ( 'NONE',  ( 6.788288473375239995, -1.752827282717128066, 2.000000000000000000 ) ) ;
#1962 =( LENGTH_UNIT ( ) NAMED_UNIT ( * ) SI_UNIT ( .MILLI., .METRE. ) );
#1963 = DIRECTION ( 'NONE',  ( -0.000000000000000000, 1.000000000000000000, 2.220446049250000002E-16 ) ) ;
#1964 = ORIENTED_EDGE ( 'NONE', *, *, #310, .T. ) ;
#1965 = CARTESIAN_POINT ( 'NONE',  ( 6.500000000000000888, -0.5000000000000000000, 3.000000000000000000 ) ) ;
#1966 = ORIENTED_EDGE ( 'NONE', *, *, #2561, .T. ) ;
#1967 = AXIS2_PLACEMENT_3D ( 'NONE', #5389, #2403, #3859 ) ;
#1968 = AXIS2_PLACEMENT_3D ( 'NONE', #1085, #4614, #2119 ) ;
#1969 = SURFACE_SIDE_STYLE ('',( #2495 ) ) ;
#1970 = PRESENTATION_STYLE_ASSIGNMENT (( #963 ) ) ;
#1971 = COLOUR_RGB ( '',0.7960784313725489669, 0.8235294117647058432, 0.9372549019607843146 ) ;
#1972 = CYLINDRICAL_SURFACE ( 'NONE', #4010, 0.3750000000020004554 ) ;
#1973 = ORIENTED_EDGE ( 'NONE', *, *, #4759, .T. ) ;
#1974 = CIRCLE ( 'NONE', #2297, 0.3750000000019996227 ) ;
#1975 = AXIS2_PLACEMENT_3D ( 'NONE', #342, #4902, #5468 ) ;
#1976 = EDGE_CURVE ( 'NONE', #432, #5133, #3210, .T. ) ;
#1977 = ORIENTED_EDGE ( 'NONE', *, *, #5081, .F. ) ;
#1978 = LINE ( 'NONE', #542, #1104 ) ;
#1979 = DIRECTION ( 'NONE',  ( 0.000000000000000000, 1.000000000000000000, 0.000000000000000000 ) ) ;
#1980 = AXIS2_PLACEMENT_3D ( 'NONE', #544, #2843, #56 ) ;
#1981 =( LENGTH_UNIT ( ) NAMED_UNIT ( * ) SI_UNIT ( .MILLI., .METRE. ) );
#1982 = CARTESIAN_POINT ( 'NONE',  ( -6.124999999997999822, -1.145024611515000013, -2.000000000000000000 ) ) ;
#1983 = EDGE_LOOP ( 'NONE', ( #2069, #3954, #1525, #6051, #2769, #1977 ) ) ;
#1984 = EDGE_CURVE ( 'NONE', #3459, #3284, #4090, .T. ) ;
#1985 = VECTOR ( 'NONE', #248, 1000.000000000000000 ) ;
#1986 = ORIENTED_EDGE ( 'NONE', *, *, #96, .T. ) ;
#1987 = DIRECTION ( 'NONE',  ( 0.000000000000000000, -1.000000000000000000, -2.220446049250000002E-16 ) ) ;
#1988 = VERTEX_POINT ( 'NONE', #1712 ) ;
#1989 =( LENGTH_UNIT ( ) NAMED_UNIT ( * ) SI_UNIT ( .MILLI., .METRE. ) );
#1990 = PRESENTATION_STYLE_ASSIGNMENT (( #2620 ) ) ;
#1991 = LINE ( 'NONE', #2943, #1429 ) ;
#1992 = VECTOR ( 'NONE', #3839, 1000.000000000000000 ) ;
#1993 = COLOUR_RGB ( '',0.7960784313725489669, 0.8235294117647058432, 0.9372549019607843146 ) ;
#1994 = SURFACE_SIDE_STYLE ('',( #1396 ) ) ;
#1995 = SURFACE_STYLE_FILL_AREA ( #5076 ) ;
#1996 = DIRECTION ( 'NONE',  ( -0.000000000000000000, -0.000000000000000000, -1.000000000000000000 ) ) ;
#1997 = CARTESIAN_POINT ( 'NONE',  ( 0.000000000000000000, 3.919999999999999929, -2.220446049249999903E-15 ) ) ;
#1998 = DIRECTION ( 'NONE',  ( 0.000000000000000000, 0.000000000000000000, 1.000000000000000000 ) ) ;
#1999 = VECTOR ( 'NONE', #3047, 1000.000000000000000 ) ;
#2000 = MECHANICAL_DESIGN_GEOMETRIC_PRESENTATION_REPRESENTATION (  '', ( #1889 ), #5790 ) ;
#2001 = EDGE_CURVE ( 'NONE', #5212, #2138, #5727, .T. ) ;
#2002 = MECHANICAL_DESIGN_GEOMETRIC_PRESENTATION_REPRESENTATION (  '', ( #5381 ), #4870 ) ;
#2003 = VECTOR ( 'NONE', #6076, 1000.000000000000000 ) ;
#2004 = VERTEX_POINT ( 'NONE', #3308 ) ;
#2005 = AXIS2_PLACEMENT_3D ( 'NONE', #2079, #57, #6055 ) ;
#2006 =( GEOMETRIC_REPRESENTATION_CONTEXT ( 3 ) GLOBAL_UNCERTAINTY_ASSIGNED_CONTEXT ( ( #4244 ) ) GLOBAL_UNIT_ASSIGNED_CONTEXT ( ( #2329, #4896, #1306 ) ) REPRESENTATION_CONTEXT ( 'NONE', 'WORKASPACE' ) );
#2007 = PLANE ( 'NONE',  #1168 ) ;
#2008 = CARTESIAN_POINT ( 'NONE',  ( 6.000000000000000000, 0.8750000000019999558, -0.5000000000000000000 ) ) ;
#2009 = ORIENTED_EDGE ( 'NONE', *, *, #4959, .T. ) ;
#2010 = ADVANCED_FACE ( 'NONE', ( #2354 ), #4383, .T. ) ;
#2011 = VECTOR ( 'NONE', #484, 1000.000000000000114 ) ;
#2012 = VECTOR ( 'NONE', #5522, 1000.000000000000227 ) ;
#2013 = EDGE_LOOP ( 'NONE', ( #2115, #2041 ) ) ;
#2014 = CARTESIAN_POINT ( 'NONE',  ( 0.000000000000000000, 3.919999999999999929, 3.349999999999999201 ) ) ;
#2015 = PLANE ( 'NONE',  #3126 ) ;
#2016 = DIRECTION ( 'NONE',  ( 0.000000000000000000, 0.000000000000000000, -1.000000000000000000 ) ) ;
#2017 =( NAMED_UNIT ( * ) SI_UNIT ( $, .STERADIAN. ) SOLID_ANGLE_UNIT ( ) );
#2018 =( LENGTH_UNIT ( ) NAMED_UNIT ( * ) SI_UNIT ( .MILLI., .METRE. ) );
#2019 = VERTEX_POINT ( 'NONE', #2761 ) ;
#2020 = VERTEX_POINT ( 'NONE', #814 ) ;
#2021 =( NAMED_UNIT ( * ) SI_UNIT ( $, .STERADIAN. ) SOLID_ANGLE_UNIT ( ) );
#2023 =( NAMED_UNIT ( * ) PLANE_ANGLE_UNIT ( ) SI_UNIT ( $, .RADIAN. ) );
#2022 =( GEOMETRIC_REPRESENTATION_CONTEXT ( 3 ) GLOBAL_UNCERTAINTY_ASSIGNED_CONTEXT ( ( #692 ) ) GLOBAL_UNIT_ASSIGNED_CONTEXT ( ( #3501, #1018, #521 ) ) REPRESENTATION_CONTEXT ( 'NONE', 'WORKASPACE' ) );
#2024 = EDGE_LOOP ( 'NONE', ( #4138, #5440 ) ) ;
#2025 = FACE_OUTER_BOUND ( 'NONE', #5449, .T. ) ;
#2026 = CYLINDRICAL_SURFACE ( 'NONE', #510, 0.1249999999979999749 ) ;
#2027 = CIRCLE ( 'NONE', #257, 0.3750000000020004554 ) ;
#2028 = FILL_AREA_STYLE_COLOUR ( '', #5181 ) ;
#2029 = DIRECTION ( 'NONE',  ( 0.000000000000000000, -1.000000000000000000, -2.220446049250000002E-16 ) ) ;
#2030 = PRESENTATION_STYLE_ASSIGNMENT (( #3018 ) ) ;
#2031 = MECHANICAL_DESIGN_GEOMETRIC_PRESENTATION_REPRESENTATION (  '', ( #1634 ), #6325 ) ;
#2032 = FILL_AREA_STYLE_COLOUR ( '', #5695 ) ;
#2033 = ADVANCED_BREP_SHAPE_REPRESENTATION ( '', ( #2636, #3487 ), #4079 ) ;
#2034 = VECTOR ( 'NONE', #2984, 1000.000000000000000 ) ;
#2035 = DIRECTION ( 'NONE',  ( -1.000000000000000000, -0.000000000000000000, 0.000000000000000000 ) ) ;
#2036 = ORIENTED_EDGE ( 'NONE', *, *, #5247, .F. ) ;
#2037 = AXIS2_PLACEMENT_3D ( 'NONE', #422, #4481, #33 ) ;
#2038 = PRESENTATION_LAYER_ASSIGNMENT (  '', '', ( #4907 ) ) ;
#2039 = PRESENTATION_STYLE_ASSIGNMENT (( #5239 ) ) ;
#2040 = PRESENTATION_STYLE_ASSIGNMENT (( #4565 ) ) ;
#2041 = ORIENTED_EDGE ( 'NONE', *, *, #6366, .F. ) ;
#2042 = MECHANICAL_DESIGN_GEOMETRIC_PRESENTATION_REPRESENTATION (  '', ( #5824 ), #3298 ) ;
#2043 = PRESENTATION_LAYER_ASSIGNMENT (  '', '', ( #1643 ) ) ;
#2044 = ORIENTED_EDGE ( 'NONE', *, *, #4158, .F. ) ;
#2045 = CARTESIAN_POINT ( 'NONE',  ( -6.000000000000000000, 1.250000000004000134, 2.000000000000000000 ) ) ;
#2046 = SURFACE_SIDE_STYLE ('',( #16 ) ) ;
#2047 = PLANE ( 'NONE',  #4953 ) ;
#2048 = CARTESIAN_POINT ( 'NONE',  ( -5.750000000000000000, 3.419999999999999929, 5.000000000000000888 ) ) ;
#2049 = ADVANCED_FACE ( 'NONE', ( #6321 ), #1810, .F. ) ;
#2050 = CIRCLE ( 'NONE', #5739, 0.8999999999999998002 ) ;
#2051 = PRESENTATION_LAYER_ASSIGNMENT (  '', '', ( #3226 ) ) ;
#2052 = SURFACE_SIDE_STYLE ('',( #1670 ) ) ;
#2053 = ORIENTED_EDGE ( 'NONE', *, *, #5096, .T. ) ;
#2054 =( GEOMETRIC_REPRESENTATION_CONTEXT ( 3 ) GLOBAL_UNCERTAINTY_ASSIGNED_CONTEXT ( ( #3384 ) ) GLOBAL_UNIT_ASSIGNED_CONTEXT ( ( #4888, #2721, #4753 ) ) REPRESENTATION_CONTEXT ( 'NONE', 'WORKASPACE' ) );
#2055 = VERTEX_POINT ( 'NONE', #3239 ) ;
#2056 = LINE ( 'NONE', #5066, #4234 ) ;
#2057 = PLANE ( 'NONE',  #5489 ) ;
#2058 = FILL_AREA_STYLE_COLOUR ( '', #3106 ) ;
#2059 = DIRECTION ( 'NONE',  ( 0.000000000000000000, 1.000000000000000000, 2.220446049250000002E-16 ) ) ;
#2060 = STYLED_ITEM ( 'NONE', ( #3777 ), #2199 ) ;
#2061 = DIRECTION ( 'NONE',  ( 0.000000000000000000, -2.313393592160999896E-16, 1.000000000000000000 ) ) ;
#2062 = STYLED_ITEM ( 'NONE', ( #6391 ), #2381 ) ;
#2063 = ADVANCED_FACE ( 'NONE', ( #4349 ), #4288, .T. ) ;
#2064 = PLANE ( 'NONE',  #4765 ) ;
#2065 = FACE_BOUND ( 'NONE', #2024, .T. ) ;
#2066 = FILL_AREA_STYLE ('',( #6011 ) ) ;
#2067 = SURFACE_STYLE_FILL_AREA ( #3509 ) ;
#2068 = CARTESIAN_POINT ( 'NONE',  ( -6.313119520966998799, -2.771830389575001607, 3.000000000000005773 ) ) ;
#2069 = ORIENTED_EDGE ( 'NONE', *, *, #415, .F. ) ;
#2070 = DIRECTION ( 'NONE',  ( 0.000000000000000000, 0.000000000000000000, 1.000000000000000000 ) ) ;
#2071 = DIRECTION ( 'NONE',  ( 0.000000000000000000, 0.000000000000000000, 1.000000000000000000 ) ) ;
#2072 = ORIENTED_EDGE ( 'NONE', *, *, #2361, .T. ) ;
#2073 = VECTOR ( 'NONE', #5523, 1000.000000000000000 ) ;
#2074 = EDGE_CURVE ( 'NONE', #532, #1235, #6145, .T. ) ;
#2075 = UNCERTAINTY_MEASURE_WITH_UNIT (LENGTH_MEASURE( 1.000000000000000082E-05 ), #2153, 'distance_accuracy_value', 'NONE');
#2076 = ORIENTED_EDGE ( 'NONE', *, *, #4750, .T. ) ;
#2077 = PRESENTATION_STYLE_ASSIGNMENT (( #3679 ) ) ;
#2078 = CARTESIAN_POINT ( 'NONE',  ( -6.000000000000000000, 2.659999999999999836E-15, 6.000000000000000000 ) ) ;
#2079 = CARTESIAN_POINT ( 'NONE',  ( -4.500000000000000888, 4.419999999999999929, -4.500000000000000888 ) ) ;
#2080 = MECHANICAL_DESIGN_GEOMETRIC_PRESENTATION_REPRESENTATION (  '', ( #4421 ), #830 ) ;
#2081 = VECTOR ( 'NONE', #3129, 1000.000000000000000 ) ;
#2082 = ORIENTED_EDGE ( 'NONE', *, *, #3220, .T. ) ;
#2083 = EDGE_CURVE ( 'NONE', #3488, #2474, #6033, .T. ) ;
#2084 = ORIENTED_EDGE ( 'NONE', *, *, #6357, .F. ) ;
#2085 = PRESENTATION_LAYER_ASSIGNMENT (  '', '', ( #4849 ) ) ;
#2086 = SURFACE_STYLE_FILL_AREA ( #2584 ) ;
#2087 = FILL_AREA_STYLE ('',( #3563 ) ) ;
#2088 = DIRECTION ( 'NONE',  ( -0.4226182617399908414, 0.9063077870369803390, 0.000000000000000000 ) ) ;
#2089 = AXIS2_PLACEMENT_3D ( 'NONE', #1277, #3259, #5293 ) ;
#2090 = PRESENTATION_STYLE_ASSIGNMENT (( #4515 ) ) ;
#2091 = LINE ( 'NONE', #3016, #6075 ) ;
#2092 = STYLED_ITEM ( 'NONE', ( #1691 ), #5791 ) ;
#2093 = SURFACE_STYLE_FILL_AREA ( #107 ) ;
#2094 = APPLICATION_PROTOCOL_DEFINITION ( 'draft international standard', 'automotive_design', 1998, #3148 ) ;
#2095 = FACE_OUTER_BOUND ( 'NONE', #4463, .T. ) ;
#2096 = STYLED_ITEM ( 'NONE', ( #4788 ), #624 ) ;
#2097 = DIRECTION ( 'NONE',  ( 0.000000000000000000, -1.000000000000000000, -2.220446049250000002E-16 ) ) ;
#2098 = EDGE_LOOP ( 'NONE', ( #4373, #1826, #5776, #4127 ) ) ;
#2099 = DIRECTION ( 'NONE',  ( 0.000000000000000000, -1.000000000000000000, -2.220446049250000002E-16 ) ) ;
#2100 = EDGE_CURVE ( 'NONE', #829, #3622, #2410, .T. ) ;
#2101 = EDGE_CURVE ( 'NONE', #3158, #3087, #4478, .T. ) ;
#2102 = VERTEX_POINT ( 'NONE', #4445 ) ;
#2103 = VECTOR ( 'NONE', #5834, 1000.000000000000000 ) ;
#2104 =( GEOMETRIC_REPRESENTATION_CONTEXT ( 3 ) GLOBAL_UNCERTAINTY_ASSIGNED_CONTEXT ( ( #1379 ) ) GLOBAL_UNIT_ASSIGNED_CONTEXT ( ( #730, #4189, #5705 ) ) REPRESENTATION_CONTEXT ( 'NONE', 'WORKASPACE' ) );
#2105 = STYLED_ITEM ( 'NONE', ( #4859 ), #3719 ) ;
#2106 = EDGE_LOOP ( 'NONE', ( #4129, #2532, #519, #5162 ) ) ;
#2107 = FACE_OUTER_BOUND ( 'NONE', #2775, .T. ) ;
#2108 = DIRECTION ( 'NONE',  ( 0.000000000000000000, -0.000000000000000000, 1.000000000000000000 ) ) ;
#2109 = DIRECTION ( 'NONE',  ( 0.000000000000000000, 0.000000000000000000, -1.000000000000000000 ) ) ;
#2110 = PRESENTATION_LAYER_ASSIGNMENT (  '', '', ( #6401 ) ) ;
#2111 = DIRECTION ( 'NONE',  ( 0.000000000000000000, 0.000000000000000000, -1.000000000000000000 ) ) ;
#2112 =( LENGTH_UNIT ( ) NAMED_UNIT ( * ) SI_UNIT ( .MILLI., .METRE. ) );
#2113 = CARTESIAN_POINT ( 'NONE',  ( 1.905000000000000027, 7.360000000000000320, -1.905000000000000027 ) ) ;
#2114 = VERTEX_POINT ( 'NONE', #1422 ) ;
#2115 = ORIENTED_EDGE ( 'NONE', *, *, #404, .F. ) ;
#2116 = CYLINDRICAL_SURFACE ( 'NONE', #61, 0.3750000000019996227 ) ;
#2117 = FILL_AREA_STYLE ('',( #1674 ) ) ;
#2118 = CARTESIAN_POINT ( 'NONE',  ( 4.500000000000000888, 3.419999999999999929, -4.500000000000000888 ) ) ;
#2119 = DIRECTION ( 'NONE',  ( -1.000000000000000000, 0.000000000000000000, 0.000000000000000000 ) ) ;
#2120 = STYLED_ITEM ( 'NONE', ( #586 ), #6389 ) ;
#2121 = UNCERTAINTY_MEASURE_WITH_UNIT (LENGTH_MEASURE( 1.000000000000000082E-05 ), #5340, 'distance_accuracy_value', 'NONE');
#2122 = SURFACE_SIDE_STYLE ('',( #4782 ) ) ;
#2123 =( LENGTH_UNIT ( ) NAMED_UNIT ( * ) SI_UNIT ( .MILLI., .METRE. ) );
#2124 = DIRECTION ( 'NONE',  ( -1.000000000000000000, 0.000000000000000000, 0.000000000000000000 ) ) ;
#2125 =( NAMED_UNIT ( * ) PLANE_ANGLE_UNIT ( ) SI_UNIT ( $, .RADIAN. ) );
#2126 = SURFACE_STYLE_USAGE ( .BOTH. , #3543 ) ;
#2127 = EDGE_CURVE ( 'NONE', #2600, #1548, #3003, .T. ) ;
#2128 = ITEM_DEFINED_TRANSFORMATION ( 'NONE', 'NONE', #5035,  #3487 ) ;
#2129 = DIRECTION ( 'NONE',  ( 0.000000000000000000, 1.000000000000000000, -0.000000000000000000 ) ) ;
#2130 =( GEOMETRIC_REPRESENTATION_CONTEXT ( 3 ) GLOBAL_UNCERTAINTY_ASSIGNED_CONTEXT ( ( #1424 ) ) GLOBAL_UNIT_ASSIGNED_CONTEXT ( ( #4322, #3810, #1431 ) ) REPRESENTATION_CONTEXT ( 'NONE', 'WORKASPACE' ) );
#2131 = CARTESIAN_POINT ( 'NONE',  ( 0.000000000000000000, 7.360000000000000320, 1.634248292247999954E-15 ) ) ;
#2132 = LINE ( 'NONE', #3672, #1786 ) ;
#2133 = EDGE_LOOP ( 'NONE', ( #6341, #5377, #4526, #2072, #3824, #3955 ) ) ;
#2134 = CIRCLE ( 'NONE', #5198, 0.1249999999979999749 ) ;
#2135 = DIRECTION ( 'NONE',  ( 0.9063077870369804501, 0.4226182617399908970, 0.000000000000000000 ) ) ;
#2136 = VECTOR ( 'NONE', #2758, 1000.000000000000000 ) ;
#2137 = PRESENTATION_LAYER_ASSIGNMENT (  '', '', ( #4154 ) ) ;
#2138 = VERTEX_POINT ( 'NONE', #4982 ) ;
#2139 = PRESENTATION_LAYER_ASSIGNMENT (  '', '', ( #264 ) ) ;
#2140 = MECHANICAL_DESIGN_GEOMETRIC_PRESENTATION_REPRESENTATION (  '', ( #2449 ), #5104 ) ;
#2141 = ORIENTED_EDGE ( 'NONE', *, *, #2543, .T. ) ;
#2142 = ADVANCED_FACE ( 'NONE', ( #417 ), #2379, .F. ) ;
#2143 = SURFACE_STYLE_FILL_AREA ( #5089 ) ;
#2144 = CARTESIAN_POINT ( 'NONE',  ( 4.500000000000000888, 3.419999999999999929, 3.600000000000000533 ) ) ;
#2145 = CARTESIAN_POINT ( 'NONE',  ( 6.788288473375239995, -1.752827282717128066, 0.5000000000000000000 ) ) ;
#2146 = DIRECTION ( 'NONE',  ( 0.000000000000000000, 0.000000000000000000, -1.000000000000000000 ) ) ;
#2147 = SURFACE_STYLE_FILL_AREA ( #4361 ) ;
#2148 = AXIS2_PLACEMENT_3D ( 'NONE', #948, #2483, #2088 ) ;
#2149 = AXIS2_PLACEMENT_3D ( 'NONE', #3649, #3257, #3436 ) ;
#2150 = ORIENTED_EDGE ( 'NONE', *, *, #6310, .F. ) ;
#2151 = EDGE_LOOP ( 'NONE', ( #937, #1213, #5538, #3352, #6140, #6058, #1365, #5879, #1672, #2214, #1913, #5063, #1635, #348 ) ) ;
#2152 = EDGE_LOOP ( 'NONE', ( #2919, #3708, #5823, #5345 ) ) ;
#2153 =( LENGTH_UNIT ( ) NAMED_UNIT ( * ) SI_UNIT ( .MILLI., .METRE. ) );
#2154 =( NAMED_UNIT ( * ) SI_UNIT ( $, .STERADIAN. ) SOLID_ANGLE_UNIT ( ) );
#2155 = FILL_AREA_STYLE ('',( #2685 ) ) ;
#2156 = PLANE ( 'NONE',  #2235 ) ;
#2157 = CARTESIAN_POINT ( 'NONE',  ( 5.000000000000000000, 3.919999999999998153, 5.750000000000000000 ) ) ;
#2158 = PRESENTATION_LAYER_ASSIGNMENT (  '', '', ( #4064 ) ) ;
#2159 = AXIS2_PLACEMENT_3D ( 'NONE', #298, #5366, #1331 ) ;
#2160 = EDGE_CURVE ( 'NONE', #3494, #3937, #2875, .T. ) ;
#2161 = FILL_AREA_STYLE ('',( #2192 ) ) ;
#2162 = CARTESIAN_POINT ( 'NONE',  ( -6.249412934933136654, -3.499999999999710454, 2.249999999999928946 ) ) ;
#2163 = CARTESIAN_POINT ( 'NONE',  ( 6.124999999997999822, -0.5000000000000000000, 2.000000000000000000 ) ) ;
#2164 = PRODUCT_CONTEXT ( 'NONE', #141, 'mechanical' ) ;
#2165 =( NAMED_UNIT ( * ) PLANE_ANGLE_UNIT ( ) SI_UNIT ( $, .RADIAN. ) );
#2166 = EDGE_CURVE ( 'NONE', #3284, #5768, #30, .T. ) ;
#2167 = FACE_OUTER_BOUND ( 'NONE', #4300, .T. ) ;
#2168 = ORIENTED_EDGE ( 'NONE', *, *, #3432, .T. ) ;
#2169 = CARTESIAN_POINT ( 'NONE',  ( -6.674999999997999645, -1.699999999999999956, -2.000000000000000000 ) ) ;
#2170 = DIRECTION ( 'NONE',  ( -1.000000000000000000, 0.000000000000000000, 0.000000000000000000 ) ) ;
#2171 = VERTEX_POINT ( 'NONE', #1956 ) ;
#2172 =( NAMED_UNIT ( * ) SI_UNIT ( $, .STERADIAN. ) SOLID_ANGLE_UNIT ( ) );
#2173 = DIRECTION ( 'NONE',  ( -0.000000000000000000, -0.000000000000000000, -1.000000000000000000 ) ) ;
#2174 =( GEOMETRIC_REPRESENTATION_CONTEXT ( 3 ) GLOBAL_UNCERTAINTY_ASSIGNED_CONTEXT ( ( #1865 ) ) GLOBAL_UNIT_ASSIGNED_CONTEXT ( ( #1981, #2508, #1272 ) ) REPRESENTATION_CONTEXT ( 'NONE', 'WORKASPACE' ) );
#2175 = FILL_AREA_STYLE_COLOUR ( '', #201 ) ;
#2176 = DIRECTION ( 'NONE',  ( 0.1445439584519752629, 0.3099755192199468712, -0.9396926207858387059 ) ) ;
#2177 = VERTEX_POINT ( 'NONE', #4045 ) ;
#2178 = EDGE_CURVE ( 'NONE', #921, #2020, #4921, .T. ) ;
#2179 = ORIENTED_EDGE ( 'NONE', *, *, #4839, .F. ) ;
#2180 = ORIENTED_EDGE ( 'NONE', *, *, #6347, .F. ) ;
#2181 = CARTESIAN_POINT ( 'NONE',  ( 4.500000000000000888, 3.419999999999999929, -5.400000000000000355 ) ) ;
#2182 =( GEOMETRIC_REPRESENTATION_CONTEXT ( 3 ) GLOBAL_UNCERTAINTY_ASSIGNED_CONTEXT ( ( #760 ) ) GLOBAL_UNIT_ASSIGNED_CONTEXT ( ( #1008, #5445, #2434 ) ) REPRESENTATION_CONTEXT ( 'NONE', 'WORKASPACE' ) );
#2183 = DIRECTION ( 'NONE',  ( -0.000000000000000000, -0.000000000000000000, -1.000000000000000000 ) ) ;
#2184 = CARTESIAN_POINT ( 'NONE',  ( -7.014865420137726737, -1.858481848153872296, 2.000000000000000000 ) ) ;
#2185 = FACE_OUTER_BOUND ( 'NONE', #5544, .T. ) ;
#2186 = PRESENTATION_LAYER_ASSIGNMENT (  '', '', ( #2917 ) ) ;
#2187 = DIRECTION ( 'NONE',  ( 0.000000000000000000, -1.000000000000000000, -0.000000000000000000 ) ) ;
#2188 = EDGE_CURVE ( 'NONE', #1580, #3191, #5900, .T. ) ;
#2189 = EDGE_CURVE ( 'NONE', #2903, #1203, #5548, .T. ) ;
#2190 = UNCERTAINTY_MEASURE_WITH_UNIT (LENGTH_MEASURE( 1.000000000000000082E-05 ), #516, 'distance_accuracy_value', 'NONE');
#2191 = AXIS2_PLACEMENT_3D ( 'NONE', #999, #4028, #534 ) ;
#2192 = FILL_AREA_STYLE_COLOUR ( '', #1899 ) ;
#2193 = DIRECTION ( 'NONE',  ( 0.000000000000000000, 0.000000000000000000, -1.000000000000000000 ) ) ;
#2194 = FILL_AREA_STYLE ('',( #2627 ) ) ;
#2195 =( NAMED_UNIT ( * ) SI_UNIT ( $, .STERADIAN. ) SOLID_ANGLE_UNIT ( ) );
#2196 = UNCERTAINTY_MEASURE_WITH_UNIT (LENGTH_MEASURE( 1.000000000000000082E-05 ), #1811, 'distance_accuracy_value', 'NONE');
#2197 = FACE_OUTER_BOUND ( 'NONE', #3295, .T. ) ;
#2198 = CYLINDRICAL_SURFACE ( 'NONE', #6226, 0.8999999999999998002 ) ;
#2199 = ADVANCED_FACE ( 'NONE', ( #1052 ), #3536, .F. ) ;
#2200 = ORIENTED_EDGE ( 'NONE', *, *, #464, .T. ) ;
#2201 = PRESENTATION_LAYER_ASSIGNMENT (  '', '', ( #1883 ) ) ;
#2202 = UNCERTAINTY_MEASURE_WITH_UNIT (LENGTH_MEASURE( 1.000000000000000082E-05 ), #1583, 'distance_accuracy_value', 'NONE');
#2203 = LINE ( 'NONE', #5765, #46 ) ;
#2204 = ORIENTED_EDGE ( 'NONE', *, *, #3076, .F. ) ;
#2205 = PRODUCT_DEFINITION_SHAPE ( 'NONE', 'NONE',  #6474 ) ;
#2206 = MECHANICAL_DESIGN_GEOMETRIC_PRESENTATION_REPRESENTATION (  '', ( #2739 ), #4218 ) ;
#2207 = FACE_OUTER_BOUND ( 'NONE', #3520, .T. ) ;
#2208 = CARTESIAN_POINT ( 'NONE',  ( -6.124999999997999822, -0.5000000000000000000, 3.000000000000000000 ) ) ;
#2209 = VECTOR ( 'NONE', #2377, 1000.000000000000000 ) ;
#2210 = EDGE_CURVE ( 'NONE', #4095, #1351, #2820, .T. ) ;
#2211 = COLOUR_RGB ( '',1.000000000000000000, 0.000000000000000000, 0.000000000000000000 ) ;
#2212 = DIRECTION ( 'NONE',  ( 0.000000000000000000, -1.000000000000000000, -0.000000000000000000 ) ) ;
#2213 = EDGE_LOOP ( 'NONE', ( #5329, #6395, #4933, #304 ) ) ;
#2214 = ORIENTED_EDGE ( 'NONE', *, *, #4328, .F. ) ;
#2215 = ORIENTED_EDGE ( 'NONE', *, *, #3960, .T. ) ;
#2216 =( GEOMETRIC_REPRESENTATION_CONTEXT ( 3 ) GLOBAL_UNCERTAINTY_ASSIGNED_CONTEXT ( ( #622 ) ) GLOBAL_UNIT_ASSIGNED_CONTEXT ( ( #4407, #3356, #2470 ) ) REPRESENTATION_CONTEXT ( 'NONE', 'WORKASPACE' ) );
#2217 = SURFACE_STYLE_FILL_AREA ( #6120 ) ;
#2218 =( GEOMETRIC_REPRESENTATION_CONTEXT ( 3 ) GLOBAL_UNCERTAINTY_ASSIGNED_CONTEXT ( ( #3111 ) ) GLOBAL_UNIT_ASSIGNED_CONTEXT ( ( #5947, #4596, #1536 ) ) REPRESENTATION_CONTEXT ( 'NONE', 'WORKASPACE' ) );
#2219 = FILL_AREA_STYLE ('',( #1215 ) ) ;
#2220 = AXIS2_PLACEMENT_3D ( 'NONE', #2816, #3843, #854 ) ;
#2221 = DIRECTION ( 'NONE',  ( -0.4226182617399908414, 0.9063077870369803390, 0.000000000000000000 ) ) ;
#2222 = DIRECTION ( 'NONE',  ( -0.000000000000000000, -0.000000000000000000, -1.000000000000000000 ) ) ;
#2223 = FACE_BOUND ( 'NONE', #738, .T. ) ;
#2224 = VECTOR ( 'NONE', #4252, 1000.000000000000000 ) ;
#2225 = AXIS2_PLACEMENT_3D ( 'NONE', #2288, #908, #5865 ) ;
#2226 = DIRECTION ( 'NONE',  ( 0.8420112453139925179, -0.5394599732739951969, 0.000000000000000000 ) ) ;
#2227 = CARTESIAN_POINT ( 'NONE',  ( 4.500000000000000888, 3.419999999999999929, -4.500000000000000888 ) ) ;
#2228 = FILL_AREA_STYLE ('',( #5659 ) ) ;
#2229 = EDGE_CURVE ( 'NONE', #5164, #1878, #2330, .T. ) ;
#2230 = PRESENTATION_STYLE_ASSIGNMENT (( #4891 ) ) ;
#2231 = FILL_AREA_STYLE_COLOUR ( '', #1326 ) ;
#2232 = ORIENTED_EDGE ( 'NONE', *, *, #5962, .F. ) ;
#2233 = DIRECTION ( 'NONE',  ( -1.000000000000000000, 0.000000000000000000, 0.000000000000000000 ) ) ;
#2234 = PLANE ( 'NONE',  #2238 ) ;
#2235 = AXIS2_PLACEMENT_3D ( 'NONE', #742, #713, #6180 ) ;
#2236 = DIRECTION ( 'NONE',  ( 0.000000000000000000, 1.000000000000000000, 0.000000000000000000 ) ) ;
#2237 = ORIENTED_EDGE ( 'NONE', *, *, #5081, .T. ) ;
#2238 = AXIS2_PLACEMENT_3D ( 'NONE', #5795, #4262, #6331 ) ;
#2239 = STYLED_ITEM ( 'NONE', ( #5658 ), #4890 ) ;
#2240 = SURFACE_STYLE_USAGE ( .BOTH. , #1695 ) ;
#2241 = CARTESIAN_POINT ( 'NONE',  ( 0.000000000000000000, 3.919999999999999929, 5.750000000000000000 ) ) ;
#2242 = CARTESIAN_POINT ( 'NONE',  ( -6.249412934932999875, -3.500000000000000000, 2.250000000000000444 ) ) ;
#2243 = VECTOR ( 'NONE', #3973, 1000.000000000000000 ) ;
#2244 = DIRECTION ( 'NONE',  ( -0.7071067811865474617, 0.000000000000000000, 0.7071067811865474617 ) ) ;
#2245 = ORIENTED_EDGE ( 'NONE', *, *, #2166, .T. ) ;
#2246 = VECTOR ( 'NONE', #4570, 1000.000000000000114 ) ;
#2247 = VERTEX_POINT ( 'NONE', #1308 ) ;
#2248 = EDGE_LOOP ( 'NONE', ( #4363, #5564 ) ) ;
#2249 = DIRECTION ( 'NONE',  ( 0.000000000000000000, 0.000000000000000000, 1.000000000000000000 ) ) ;
#2250 = EDGE_CURVE ( 'NONE', #2177, #4734, #305, .T. ) ;
#2251 = SURFACE_STYLE_USAGE ( .BOTH. , #292 ) ;
#2252 = VECTOR ( 'NONE', #766, 1000.000000000000114 ) ;
#2253 = FACE_OUTER_BOUND ( 'NONE', #4604, .T. ) ;
#2254 =( LENGTH_UNIT ( ) NAMED_UNIT ( * ) SI_UNIT ( .MILLI., .METRE. ) );
#2255 = AXIS2_PLACEMENT_3D ( 'NONE', #4369, #1763, #3822 ) ;
#2256 = CARTESIAN_POINT ( 'NONE',  ( 6.249412934932999875, -3.500000000000000000, 0.2500000000000004441 ) ) ;
#2257 = DIRECTION ( 'NONE',  ( 0.000000000000000000, 0.000000000000000000, 1.000000000000000000 ) ) ;
#2258 = LINE ( 'NONE', #2786, #4527 ) ;
#2259 = CYLINDRICAL_SURFACE ( 'NONE', #699, 0.1249999999979999749 ) ;
#2260 = LINE ( 'NONE', #6258, #2970 ) ;
#2261 = UNCERTAINTY_MEASURE_WITH_UNIT (LENGTH_MEASURE( 1.000000000000000082E-05 ), #411, 'distance_accuracy_value', 'NONE');
#2262 = FACE_OUTER_BOUND ( 'NONE', #2778, .T. ) ;
#2263 = VECTOR ( 'NONE', #5831, 1000.000000000000000 ) ;
#2264 =( GEOMETRIC_REPRESENTATION_CONTEXT ( 3 ) GLOBAL_UNCERTAINTY_ASSIGNED_CONTEXT ( ( #1879 ) ) GLOBAL_UNIT_ASSIGNED_CONTEXT ( ( #1090, #2125, #4182 ) ) REPRESENTATION_CONTEXT ( 'NONE', 'WORKASPACE' ) );
#2265 = CARTESIAN_POINT ( 'NONE',  ( -6.375000000002000178, 0.8750000000020000668, 2.000000000000000000 ) ) ;
#2266 = ORIENTED_EDGE ( 'NONE', *, *, #3778, .F. ) ;
#2267 = EDGE_CURVE ( 'NONE', #2492, #4941, #2269, .T. ) ;
#2268 = CARTESIAN_POINT ( 'NONE',  ( 6.539696467728136398, -2.877484955009597112, -0.5000000000000000000 ) ) ;
#2269 = LINE ( 'NONE', #3252, #598 ) ;
#2270 = SURFACE_STYLE_FILL_AREA ( #335 ) ;
#2271 = FACE_OUTER_BOUND ( 'NONE', #6467, .T. ) ;
#2272 = VECTOR ( 'NONE', #2940, 999.9999999999998863 ) ;
#2273 = ORIENTED_EDGE ( 'NONE', *, *, #5822, .F. ) ;
#2274 = PRESENTATION_STYLE_ASSIGNMENT (( #1462 ) ) ;
#2275 = CARTESIAN_POINT ( 'NONE',  ( 6.124999999997999822, -0.5000000000000000000, 3.000000000000000000 ) ) ;
#2276 =( LENGTH_UNIT ( ) NAMED_UNIT ( * ) SI_UNIT ( .MILLI., .METRE. ) );
#2277 = ORIENTED_EDGE ( 'NONE', *, *, #5050, .F. ) ;
#2278 = PRODUCT_DEFINITION ( 'UNKNOWN', '', #6059, #419 ) ;
#2279 = AXIS2_PLACEMENT_3D ( 'NONE', #3407, #1402, #1535 ) ;
#2280 = ORIENTED_EDGE ( 'NONE', *, *, #745, .T. ) ;
#2281 = CARTESIAN_POINT ( 'NONE',  ( -6.000000000000000000, -1.145024611515000013, -3.000000000000000000 ) ) ;
#2282 = DIRECTION ( 'NONE',  ( 0.000000000000000000, -1.000000000000000000, -0.000000000000000000 ) ) ;
#2283 = CARTESIAN_POINT ( 'NONE',  ( 6.000000000000000000, 1.250000000003999912, 2.000000000000000000 ) ) ;
#2284 =( NAMED_UNIT ( * ) SI_UNIT ( $, .STERADIAN. ) SOLID_ANGLE_UNIT ( ) );
#2285 = FILL_AREA_STYLE_COLOUR ( '', #1042 ) ;
#2286 = EDGE_CURVE ( 'NONE', #4005, #5961, #6243, .T. ) ;
#2287 = COLOUR_RGB ( '',0.7960784313725489669, 0.8235294117647058432, 0.9372549019607843146 ) ;
#2288 = CARTESIAN_POINT ( 'NONE',  ( -4.500000000000000888, 3.419999999999999929, 4.500000000000000888 ) ) ;
#2289 = DIRECTION ( 'NONE',  ( 0.3971312619664671972, 0.8516507396395218699, 0.3420201433254723145 ) ) ;
#2290 = SURFACE_STYLE_USAGE ( .BOTH. , #3666 ) ;
#2291 = MECHANICAL_DESIGN_GEOMETRIC_PRESENTATION_REPRESENTATION (  '', ( #2917 ), #5855 ) ;
#2292 =( NAMED_UNIT ( * ) PLANE_ANGLE_UNIT ( ) SI_UNIT ( $, .RADIAN. ) );
#2293 = CARTESIAN_POINT ( 'NONE',  ( 6.022835988174000121, -3.394345434564999930, -0.5000000000000000000 ) ) ;
#2294 =( NAMED_UNIT ( * ) SI_UNIT ( $, .STERADIAN. ) SOLID_ANGLE_UNIT ( ) );
#2295 = EDGE_CURVE ( 'NONE', #4730, #1785, #3958, .T. ) ;
#2296 = EDGE_LOOP ( 'NONE', ( #1664, #23, #1283, #83 ) ) ;
#2297 = AXIS2_PLACEMENT_3D ( 'NONE', #2766, #1663, #174 ) ;
#2298 = VECTOR ( 'NONE', #4786, 1000.000000000000000 ) ;
#2299 = CARTESIAN_POINT ( 'NONE',  ( -6.394748594337267278, -0.5674324966578285778, 2.000000000000000000 ) ) ;
#2300 = DIRECTION ( 'NONE',  ( -1.000000000000000000, 0.000000000000000000, 0.000000000000000000 ) ) ;
#2301 =( GEOMETRIC_REPRESENTATION_CONTEXT ( 3 ) GLOBAL_UNCERTAINTY_ASSIGNED_CONTEXT ( ( #4923 ) ) GLOBAL_UNIT_ASSIGNED_CONTEXT ( ( #5305, #4181, #4347 ) ) REPRESENTATION_CONTEXT ( 'NONE', 'WORKASPACE' ) );
#2302 = FILL_AREA_STYLE_COLOUR ( '', #4543 ) ;
#2303 = EDGE_LOOP ( 'NONE', ( #4646, #3986, #3579, #1647 ) ) ;
#2304 = AXIS2_PLACEMENT_3D ( 'NONE', #2395, #10, #403 ) ;
#2305 = DIRECTION ( 'NONE',  ( -0.000000000000000000, -0.000000000000000000, -1.000000000000000000 ) ) ;
#2306 = PLANE ( 'NONE',  #5665 ) ;
#2307 = DIRECTION ( 'NONE',  ( -0.9063077870379250278, 0.4226182617379650730, 0.000000000000000000 ) ) ;
#2308 = ADVANCED_FACE ( 'NONE', ( #5346 ), #3876, .T. ) ;
#2309 = SURFACE_STYLE_USAGE ( .BOTH. , #3853 ) ;
#2310 =( GEOMETRIC_REPRESENTATION_CONTEXT ( 3 ) GLOBAL_UNCERTAINTY_ASSIGNED_CONTEXT ( ( #1817 ) ) GLOBAL_UNIT_ASSIGNED_CONTEXT ( ( #1746, #754, #6323 ) ) REPRESENTATION_CONTEXT ( 'NONE', 'WORKASPACE' ) );
#2311 = VERTEX_POINT ( 'NONE', #1755 ) ;
#2312 = VECTOR ( 'NONE', #3131, 1000.000000000000114 ) ;
#2313 = VERTEX_POINT ( 'NONE', #332 ) ;
#2314 = FILL_AREA_STYLE ('',( #711 ) ) ;
#2315 = FILL_AREA_STYLE_COLOUR ( '', #2850 ) ;
#2316 = AXIS2_PLACEMENT_3D ( 'NONE', #4161, #5152, #2170 ) ;
#2317 = STYLED_ITEM ( 'NONE', ( #3398 ), #3582 ) ;
#2318 = DIRECTION ( 'NONE',  ( 0.000000000000000000, -2.313393592160999896E-16, 1.000000000000000000 ) ) ;
#2319 = AXIS2_PLACEMENT_3D ( 'NONE', #6043, #3053, #5977 ) ;
#2320 = PRESENTATION_LAYER_ASSIGNMENT (  '', '', ( #1067 ) ) ;
#2321 = DIRECTION ( 'NONE',  ( -0.9063077870368960731, 0.4226182617401715302, -6.153931531033165677E-13 ) ) ;
#2322 =( NAMED_UNIT ( * ) PLANE_ANGLE_UNIT ( ) SI_UNIT ( $, .RADIAN. ) );
#2323 = DIRECTION ( 'NONE',  ( 0.000000000000000000, 0.000000000000000000, 1.000000000000000000 ) ) ;
#2324 = UNCERTAINTY_MEASURE_WITH_UNIT (LENGTH_MEASURE( 1.000000000000000082E-05 ), #3680, 'distance_accuracy_value', 'NONE');
#2325 =( NAMED_UNIT ( * ) SI_UNIT ( $, .STERADIAN. ) SOLID_ANGLE_UNIT ( ) );
#2326 = AXIS2_PLACEMENT_3D ( 'NONE', #165, #1256, #749 ) ;
#2327 = EDGE_LOOP ( 'NONE', ( #5065, #3612, #6327, #1964, #180, #393, #3440, #4741, #1885, #3969, #5500, #5922, #2654, #7 ) ) ;
#2328 = MECHANICAL_DESIGN_GEOMETRIC_PRESENTATION_REPRESENTATION (  '', ( #344 ), #3480 ) ;
#2329 =( LENGTH_UNIT ( ) NAMED_UNIT ( * ) SI_UNIT ( .MILLI., .METRE. ) );
#2330 = LINE ( 'NONE', #5315, #3522 ) ;
#2331 = EDGE_CURVE ( 'NONE', #1281, #5358, #5845, .T. ) ;
#2332 = DIRECTION ( 'NONE',  ( -0.000000000000000000, -0.000000000000000000, -1.000000000000000000 ) ) ;
#2333 = VERTEX_POINT ( 'NONE', #4261 ) ;
#2334 = LINE ( 'NONE', #925, #930 ) ;
#2335 = PLANE ( 'NONE',  #285 ) ;
#2336 = VECTOR ( 'NONE', #493, 1000.000000000000000 ) ;
#2337 = ORIENTED_EDGE ( 'NONE', *, *, #611, .F. ) ;
#2338 = EDGE_CURVE ( 'NONE', #4671, #921, #294, .T. ) ;
#2339 = UNCERTAINTY_MEASURE_WITH_UNIT (LENGTH_MEASURE( 1.000000000000000082E-05 ), #2276, 'distance_accuracy_value', 'NONE');
#2340 = ORIENTED_EDGE ( 'NONE', *, *, #3271, .T. ) ;
#2341 = LINE ( 'NONE', #4374, #1329 ) ;
#2342 = LINE ( 'NONE', #5388, #5479 ) ;
#2343 =( NAMED_UNIT ( * ) PLANE_ANGLE_UNIT ( ) SI_UNIT ( $, .RADIAN. ) );
#2344 =( NAMED_UNIT ( * ) SI_UNIT ( $, .STERADIAN. ) SOLID_ANGLE_UNIT ( ) );
#2345 = CARTESIAN_POINT ( 'NONE',  ( -5.750000000000000000, 3.420000000000000373, -5.750000000000000000 ) ) ;
#2346 =( LENGTH_UNIT ( ) NAMED_UNIT ( * ) SI_UNIT ( .MILLI., .METRE. ) );
#2347 = AXIS2_PLACEMENT_3D ( 'NONE', #4113, #1024, #105 ) ;
#2348 = ORIENTED_EDGE ( 'NONE', *, *, #2691, .T. ) ;
#2349 = LINE ( 'NONE', #2904, #236 ) ;
#2350 = VECTOR ( 'NONE', #4204, 1000.000000000000000 ) ;
#2351 = SURFACE_SIDE_STYLE ('',( #4476 ) ) ;
#2352 = SURFACE_STYLE_FILL_AREA ( #5339 ) ;
#2353 = CARTESIAN_POINT ( 'NONE',  ( -6.000000000000000000, 0.8750000000019999558, 2.000000000000000000 ) ) ;
#2354 = FACE_OUTER_BOUND ( 'NONE', #3806, .T. ) ;
#2355 = DIRECTION ( 'NONE',  ( -0.000000000000000000, 2.299999999999999903E-16, -1.000000000000000000 ) ) ;
#2356 = SURFACE_STYLE_USAGE ( .BOTH. , #2877 ) ;
#2357 = FACE_OUTER_BOUND ( 'NONE', #1703, .T. ) ;
#2358 = DIRECTION ( 'NONE',  ( 0.000000000000000000, -1.000000000000000000, -2.220446049250000002E-16 ) ) ;
#2359 = VECTOR ( 'NONE', #321, 1000.000000000000000 ) ;
#2360 = MECHANICAL_DESIGN_GEOMETRIC_PRESENTATION_REPRESENTATION (  '', ( #1435 ), #6127 ) ;
#2361 = EDGE_CURVE ( 'NONE', #1902, #2668, #5493, .T. ) ;
#2362 = PRESENTATION_LAYER_ASSIGNMENT (  '', '', ( #281 ) ) ;
#2363 = FILL_AREA_STYLE ('',( #6334 ) ) ;
#2364 = ORIENTED_EDGE ( 'NONE', *, *, #2178, .T. ) ;
#2365 = ADVANCED_FACE ( 'NONE', ( #3473 ), #3435, .T. ) ;
#2366 = AXIS2_PLACEMENT_3D ( 'NONE', #2842, #1709, #359 ) ;
#2367 = DIRECTION ( 'NONE',  ( 0.000000000000000000, 1.000000000000000000, 2.220446049250000002E-16 ) ) ;
#2368 = AXIS2_PLACEMENT_3D ( 'NONE', #3809, #5281, #3316 ) ;
#2369 = EDGE_LOOP ( 'NONE', ( #2392, #1065 ) ) ;
#2370 = VECTOR ( 'NONE', #1868, 1000.000000000000000 ) ;
#2371 = EDGE_LOOP ( 'NONE', ( #4790, #4003, #214, #649 ) ) ;
#2372 =( NAMED_UNIT ( * ) PLANE_ANGLE_UNIT ( ) SI_UNIT ( $, .RADIAN. ) );
#2373 = CARTESIAN_POINT ( 'NONE',  ( 0.000000000000000000, 0.000000000000000000, -6.000000000000000000 ) ) ;
#2374 = SHAPE_REPRESENTATION_RELATIONSHIP ( 'NONE' , 'NONE' ,  #1756, #3596 ) ;
#2375 = VERTEX_POINT ( 'NONE', #4955 ) ;
#2376 = CARTESIAN_POINT ( 'NONE',  ( -6.539696467728136398, -2.877484955009597112, -3.000000000000000444 ) ) ;
#2377 = DIRECTION ( 'NONE',  ( -0.000000000000000000, 0.000000000000000000, -1.000000000000000000 ) ) ;
#2378 = LINE ( 'NONE', #2048, #4552 ) ;
#2379 = CYLINDRICAL_SURFACE ( 'NONE', #3736, 0.8999999999999998002 ) ;
#2380 = SURFACE_SIDE_STYLE ('',( #3337 ) ) ;
#2381 = ADVANCED_FACE ( 'NONE', ( #525 ), #5460, .T. ) ;
#2382 = UNCERTAINTY_MEASURE_WITH_UNIT (LENGTH_MEASURE( 1.000000000000000082E-05 ), #4489, 'distance_accuracy_value', 'NONE');
#2383 = CARTESIAN_POINT ( 'NONE',  ( -6.313119520967000575, -2.771830389575000275, -3.000000000000001332 ) ) ;
#2384 = DIRECTION ( 'NONE',  ( -0.000000000000000000, 0.000000000000000000, 1.000000000000000000 ) ) ;
#2385 = PRESENTATION_STYLE_ASSIGNMENT (( #6295 ) ) ;
#2386 = SURFACE_STYLE_USAGE ( .BOTH. , #35 ) ;
#2387 =( NAMED_UNIT ( * ) PLANE_ANGLE_UNIT ( ) SI_UNIT ( $, .RADIAN. ) );
#2388 = SURFACE_STYLE_FILL_AREA ( #1207 ) ;
#2389 = PRODUCT_DEFINITION ( 'UNKNOWN', '', #3426, #2914 ) ;
#2390 = DIRECTION ( 'NONE',  ( 0.000000000000000000, 0.000000000000000000, -1.000000000000000000 ) ) ;
#2391 = STYLED_ITEM ( 'NONE', ( #1241 ), #1692 ) ;
#2392 = ORIENTED_EDGE ( 'NONE', *, *, #4414, .T. ) ;
#2393 = MECHANICAL_DESIGN_GEOMETRIC_PRESENTATION_REPRESENTATION (  '', ( #6380 ), #630 ) ;
#2394 = LINE ( 'NONE', #3956, #2716 ) ;
#2395 = CARTESIAN_POINT ( 'NONE',  ( 4.500000000000000888, 3.419999999999999929, -4.500000000000000888 ) ) ;
#2396 = EDGE_CURVE ( 'NONE', #2475, #3219, #5012, .T. ) ;
#2398 = FACE_OUTER_BOUND ( 'NONE', #5117, .T. ) ;
#2397 = PRESENTATION_LAYER_ASSIGNMENT (  '', '', ( #5263 ) ) ;
#2399 = ORIENTED_EDGE ( 'NONE', *, *, #2267, .T. ) ;
#2400 = UNCERTAINTY_MEASURE_WITH_UNIT (LENGTH_MEASURE( 1.000000000000000082E-05 ), #142, 'distance_accuracy_value', 'NONE');
#2401 = ORIENTED_EDGE ( 'NONE', *, *, #1446, .T. ) ;
#2402 = VECTOR ( 'NONE', #314, 1000.000000000000000 ) ;
#2403 = DIRECTION ( 'NONE',  ( -1.000000000000000000, 0.000000000000000000, 0.000000000000000000 ) ) ;
#2404 = ADVANCED_FACE ( 'NONE', ( #886 ), #2484, .T. ) ;
#2405 =( NAMED_UNIT ( * ) PLANE_ANGLE_UNIT ( ) SI_UNIT ( $, .RADIAN. ) );
#2406 = VERTEX_POINT ( 'NONE', #6129 ) ;
#2407 = CARTESIAN_POINT ( 'NONE',  ( -6.500000000000000888, -0.5000000000000000000, -3.000000000000000000 ) ) ;
#2408 =( NAMED_UNIT ( * ) PLANE_ANGLE_UNIT ( ) SI_UNIT ( $, .RADIAN. ) );
#2409 = VERTEX_POINT ( 'NONE', #5202 ) ;
#2410 = LINE ( 'NONE', #981, #488 ) ;
#2411 = DIRECTION ( 'NONE',  ( -1.000000000000000000, 7.228014483198138809E-15, 0.000000000000000000 ) ) ;
#2412 = FILL_AREA_STYLE_COLOUR ( '', #2287 ) ;
#2413 = FILL_AREA_STYLE ('',( #6008 ) ) ;
#2414 = MECHANICAL_DESIGN_GEOMETRIC_PRESENTATION_REPRESENTATION (  '', ( #1503 ), #3159 ) ;
#2415 = CARTESIAN_POINT ( 'NONE',  ( -6.184245783005482444, -0.7022974899786909031, -3.000000000000000000 ) ) ;
#2416 = DIRECTION ( 'NONE',  ( -0.000000000000000000, -0.000000000000000000, -1.000000000000000000 ) ) ;
#2417 = DIRECTION ( 'NONE',  ( -0.000000000000000000, -0.000000000000000000, -1.000000000000000000 ) ) ;
#2418 = LINE ( 'NONE', #4956, #2252 ) ;
#2419 = SURFACE_SIDE_STYLE ('',( #369 ) ) ;
#2420 = PRESENTATION_STYLE_ASSIGNMENT (( #4592 ) ) ;
#2421 = VECTOR ( 'NONE', #3597, 1000.000000000000000 ) ;
#2422 = SURFACE_STYLE_USAGE ( .BOTH. , #4023 ) ;
#2423 =( LENGTH_UNIT ( ) NAMED_UNIT ( * ) SI_UNIT ( .MILLI., .METRE. ) );
#2424 = VERTEX_POINT ( 'NONE', #2162 ) ;
#2425 = ORIENTED_EDGE ( 'NONE', *, *, #5810, .F. ) ;
#2426 = EDGE_LOOP ( 'NONE', ( #1486, #5442, #3703, #2514 ) ) ;
#2427 = DIRECTION ( 'NONE',  ( 0.9063077870379250278, 0.4226182617379650730, -0.000000000000000000 ) ) ;
#2428 =( LENGTH_UNIT ( ) NAMED_UNIT ( * ) SI_UNIT ( .MILLI., .METRE. ) );
#2429 = ORIENTED_EDGE ( 'NONE', *, *, #3212, .F. ) ;
#2430 = EDGE_CURVE ( 'NONE', #184, #4005, #4148, .T. ) ;
#2431 = ORIENTED_EDGE ( 'NONE', *, *, #5810, .T. ) ;
#2432 = LINE ( 'NONE', #2469, #2680 ) ;
#2433 = PLANE ( 'NONE',  #5960 ) ;
#2434 =( NAMED_UNIT ( * ) SI_UNIT ( $, .STERADIAN. ) SOLID_ANGLE_UNIT ( ) );
#2435 = STYLED_ITEM ( 'NONE', ( #4999 ), #5121 ) ;
#2436 = ORIENTED_EDGE ( 'NONE', *, *, #4608, .F. ) ;
#2437 = EDGE_CURVE ( 'NONE', #4201, #4171, #1699, .T. ) ;
#2438 = STYLED_ITEM ( 'NONE', ( #38 ), #6060 ) ;
#2439 = ORIENTED_EDGE ( 'NONE', *, *, #5750, .T. ) ;
#2440 =( LENGTH_UNIT ( ) NAMED_UNIT ( * ) SI_UNIT ( .MILLI., .METRE. ) );
#2441 = SURFACE_STYLE_FILL_AREA ( #1389 ) ;
#2442 = DIRECTION ( 'NONE',  ( -0.000000000000000000, -0.000000000000000000, 1.000000000000000000 ) ) ;
#2443 = SURFACE_STYLE_USAGE ( .BOTH. , #5040 ) ;
#2444 = STYLED_ITEM ( 'NONE', ( #3766 ), #4832 ) ;
#2445 =( NAMED_UNIT ( * ) SI_UNIT ( $, .STERADIAN. ) SOLID_ANGLE_UNIT ( ) );
#2446 = LINE ( 'NONE', #3905, #306 ) ;
#2447 = MECHANICAL_DESIGN_GEOMETRIC_PRESENTATION_REPRESENTATION (  '', ( #262 ), #6118 ) ;
#2448 = MECHANICAL_DESIGN_GEOMETRIC_PRESENTATION_REPRESENTATION (  '', ( #997 ), #4586 ) ;
#2449 = STYLED_ITEM ( 'NONE', ( #5806 ), #4365 ) ;
#2450 = FACE_OUTER_BOUND ( 'NONE', #907, .T. ) ;
#2451 =( NAMED_UNIT ( * ) SI_UNIT ( $, .STERADIAN. ) SOLID_ANGLE_UNIT ( ) );
#2452 =( NAMED_UNIT ( * ) SI_UNIT ( $, .STERADIAN. ) SOLID_ANGLE_UNIT ( ) );
#2453 =( NAMED_UNIT ( * ) PLANE_ANGLE_UNIT ( ) SI_UNIT ( $, .RADIAN. ) );
#2454 = COLOUR_RGB ( '',0.2509803921568627416, 0.2509803921568627416, 0.2509803921568627416 ) ;
#2455 =( GEOMETRIC_REPRESENTATION_CONTEXT ( 3 ) GLOBAL_UNCERTAINTY_ASSIGNED_CONTEXT ( ( #1637 ) ) GLOBAL_UNIT_ASSIGNED_CONTEXT ( ( #1204, #1106, #6146 ) ) REPRESENTATION_CONTEXT ( 'NONE', 'WORKASPACE' ) );
#2456 = EDGE_CURVE ( 'NONE', #2406, #2927, #4080, .T. ) ;
#2457 = ORIENTED_EDGE ( 'NONE', *, *, #6023, .F. ) ;
#2458 = CARTESIAN_POINT ( 'NONE',  ( 0.000000000000000000, 6.860000000000000320, 1.523225989785500077E-15 ) ) ;
#2459 = VECTOR ( 'NONE', #5646, 1000.000000000000227 ) ;
#2460 = ORIENTED_EDGE ( 'NONE', *, *, #6172, .F. ) ;
#2461 = CARTESIAN_POINT ( 'NONE',  ( -6.000000000000000000, -1.145024611515000013, -2.000000000000000000 ) ) ;
#2462 = CARTESIAN_POINT ( 'NONE',  ( 6.000000000000000000, -1.145024611515000013, -0.5000000000000000000 ) ) ;
#2463 = ADVANCED_FACE ( 'NONE', ( #3177 ), #561, .F. ) ;
#2464 = AXIS2_PLACEMENT_3D ( 'NONE', #227, #4851, #6287 ) ;
#2465 = DIRECTION ( 'NONE',  ( 0.000000000000000000, 0.000000000000000000, -1.000000000000000000 ) ) ;
#2466 = STYLED_ITEM ( 'NONE', ( #4914 ), #945 ) ;
#2467 = ORIENTED_EDGE ( 'NONE', *, *, #4337, .T. ) ;
#2468 = VERTEX_POINT ( 'NONE', #2554 ) ;
#2469 = CARTESIAN_POINT ( 'NONE',  ( -6.375000000002000178, -1.145024611515000013, 3.000000000000000000 ) ) ;
#2470 =( NAMED_UNIT ( * ) SI_UNIT ( $, .STERADIAN. ) SOLID_ANGLE_UNIT ( ) );
#2471 =( NAMED_UNIT ( * ) SI_UNIT ( $, .STERADIAN. ) SOLID_ANGLE_UNIT ( ) );
#2472 = CARTESIAN_POINT ( 'NONE',  ( 4.102566777143633281E-16, 3.419999999999999929, 3.350000000000000089 ) ) ;
#2473 = VECTOR ( 'NONE', #2548, 1000.000000000000000 ) ;
#2474 = VERTEX_POINT ( 'NONE', #5657 ) ;
#2475 = VERTEX_POINT ( 'NONE', #73 ) ;
#2476 = CARTESIAN_POINT ( 'NONE',  ( -6.674999999997999645, -1.699999999999999956, 3.000000000000000000 ) ) ;
#2477 = CARTESIAN_POINT ( 'NONE',  ( 4.500000000000000888, 2.919999999999999929, 5.400000000000000355 ) ) ;
#2478 = ORIENTED_EDGE ( 'NONE', *, *, #5920, .T. ) ;
#2479 =( NAMED_UNIT ( * ) PLANE_ANGLE_UNIT ( ) SI_UNIT ( $, .RADIAN. ) );
#2480 =( NAMED_UNIT ( * ) PLANE_ANGLE_UNIT ( ) SI_UNIT ( $, .RADIAN. ) );
#2481 = LINE ( 'NONE', #5488, #5373 ) ;
#2482 = ADVANCED_FACE ( 'NONE', ( #2065, #3568 ), #2734, .F. ) ;
#2483 = DIRECTION ( 'NONE',  ( 0.9063077870369804501, 0.4226182617399908970, 0.000000000000000000 ) ) ;
#2484 = CYLINDRICAL_SURFACE ( 'NONE', #3357, 0.3750000000019996227 ) ;
#2485 = DIRECTION ( 'NONE',  ( 0.7071067811865475727, 1.884010325351794504E-16, -0.7071067811865475727 ) ) ;
#2486 = LINE ( 'NONE', #4519, #355 ) ;
#2487 = DIRECTION ( 'NONE',  ( 0.000000000000000000, -0.000000000000000000, 1.000000000000000000 ) ) ;
#2488 = EDGE_CURVE ( 'NONE', #829, #4095, #5067, .T. ) ;
#2489 = FACE_OUTER_BOUND ( 'NONE', #156, .T. ) ;
#2490 = ORIENTED_EDGE ( 'NONE', *, *, #5194, .F. ) ;
#2491 = FILL_AREA_STYLE ('',( #6038 ) ) ;
#2492 = VERTEX_POINT ( 'NONE', #6235 ) ;
#2493 = AXIS2_PLACEMENT_3D ( 'NONE', #2832, #4879, #4842 ) ;
#2494 = COLOUR_RGB ( '',1.000000000000000000, 1.000000000000000000, 1.000000000000000000 ) ;
#2495 = SURFACE_STYLE_FILL_AREA ( #193 ) ;
#2496 =( LENGTH_UNIT ( ) NAMED_UNIT ( * ) SI_UNIT ( .MILLI., .METRE. ) );
#2497 = VECTOR ( 'NONE', #3712, 1000.000000000000000 ) ;
#2498 =( GEOMETRIC_REPRESENTATION_CONTEXT ( 3 ) GLOBAL_UNCERTAINTY_ASSIGNED_CONTEXT ( ( #6267 ) ) GLOBAL_UNIT_ASSIGNED_CONTEXT ( ( #1898, #1400, #5402 ) ) REPRESENTATION_CONTEXT ( 'NONE', 'WORKASPACE' ) );
#2499 = SURFACE_STYLE_FILL_AREA ( #3885 ) ;
#2500 = ORIENTED_EDGE ( 'NONE', *, *, #588, .T. ) ;
#2501 = CIRCLE ( 'NONE', #728, 0.8999999999999998002 ) ;
#2502 = ORIENTED_EDGE ( 'NONE', *, *, #4308, .T. ) ;
#2503 = EDGE_CURVE ( 'NONE', #1167, #4990, #2742, .T. ) ;
#2504 = CARTESIAN_POINT ( 'NONE',  ( -6.000000000000000000, -1.145024611515000013, 3.000000000000000000 ) ) ;
#2505 = CARTESIAN_POINT ( 'NONE',  ( 0.000000000000000000, 4.599999999999999645, -1.776356839400000199E-15 ) ) ;
#2506 = CARTESIAN_POINT ( 'NONE',  ( -5.750000000000000000, 3.419999999999999929, 5.750000000000000000 ) ) ;
#2507 = AXIS2_PLACEMENT_3D ( 'NONE', #2538, #1359, #2016 ) ;
#2508 =( NAMED_UNIT ( * ) PLANE_ANGLE_UNIT ( ) SI_UNIT ( $, .RADIAN. ) );
#2509 = CYLINDRICAL_SURFACE ( 'NONE', #1844, 0.1249999999979999749 ) ;
#2510 = ORIENTED_EDGE ( 'NONE', *, *, #3466, .F. ) ;
#2511 = VECTOR ( 'NONE', #5024, 1000.000000000000114 ) ;
#2512 = EDGE_LOOP ( 'NONE', ( #6275, #2793, #4807, #2855 ) ) ;
#2513 = CYLINDRICAL_SURFACE ( 'NONE', #1603, 0.8999999999999998002 ) ;
#2514 = ORIENTED_EDGE ( 'NONE', *, *, #4959, .F. ) ;
#2515 =( NAMED_UNIT ( * ) PLANE_ANGLE_UNIT ( ) SI_UNIT ( $, .RADIAN. ) );
#2516 =( NAMED_UNIT ( * ) PLANE_ANGLE_UNIT ( ) SI_UNIT ( $, .RADIAN. ) );
#2517 = MANIFOLD_SOLID_BREP ( 'Imported1', #4236 ) ;
#2518 =( NAMED_UNIT ( * ) PLANE_ANGLE_UNIT ( ) SI_UNIT ( $, .RADIAN. ) );
#2519 = DIRECTION ( 'NONE',  ( 0.3971312619642178854, 0.8516507396404150443, 0.3420201433258597268 ) ) ;
#2520 = FACE_OUTER_BOUND ( 'NONE', #2151, .T. ) ;
#2521 = DIRECTION ( 'NONE',  ( 0.000000000000000000, 0.000000000000000000, 1.000000000000000000 ) ) ;
#2522 = SURFACE_STYLE_FILL_AREA ( #3145 ) ;
#2523 = CARTESIAN_POINT ( 'NONE',  ( -6.184245783005312802, -0.7022974899789587999, -2.000000000000000000 ) ) ;
#2524 = SHAPE_DEFINITION_REPRESENTATION ( #4279, #4962 ) ;
#2525 = CIRCLE ( 'NONE', #5794, 0.1249999999979999749 ) ;
#2526 = CIRCLE ( 'NONE', #3046, 0.1249999999979999749 ) ;
#2527 = EDGE_CURVE ( 'NONE', #2607, #1406, #1665, .T. ) ;
#2528 = ORIENTED_EDGE ( 'NONE', *, *, #3342, .T. ) ;
#2529 = FILL_AREA_STYLE_COLOUR ( '', #2819 ) ;
#2530 = SURFACE_STYLE_FILL_AREA ( #6049 ) ;
#2531 = CARTESIAN_POINT ( 'NONE',  ( 6.249412934933001651, -3.499999999999997335, 2.250000000000012434 ) ) ;
#2532 = ORIENTED_EDGE ( 'NONE', *, *, #4808, .T. ) ;
#2533 = VECTOR ( 'NONE', #1914, 1000.000000000000114 ) ;
#2534 = UNCERTAINTY_MEASURE_WITH_UNIT (LENGTH_MEASURE( 1.000000000000000082E-05 ), #6344, 'distance_accuracy_value', 'NONE');
#2535 = ORIENTED_EDGE ( 'NONE', *, *, #2229, .F. ) ;
#2536 = DIRECTION ( 'NONE',  ( -0.000000000000000000, 1.000000000000000000, 2.220446049250000002E-16 ) ) ;
#2537 = DIRECTION ( 'NONE',  ( -0.000000000000000000, 1.000000000000000000, 2.220446049250000002E-16 ) ) ;
#2538 = CARTESIAN_POINT ( 'NONE',  ( -4.500000000000000888, 3.419999999999999929, -4.500000000000000888 ) ) ;
#2539 = CARTESIAN_POINT ( 'NONE',  ( -6.022835988173993904, -3.394345434565014141, -2.750000000000042633 ) ) ;
#2540 = MANIFOLD_SOLID_BREP ( 'Imported1', #1191 ) ;
#2541 = UNCERTAINTY_MEASURE_WITH_UNIT (LENGTH_MEASURE( 1.000000000000000082E-05 ), #5919, 'distance_accuracy_value', 'NONE');
#2542 = EDGE_LOOP ( 'NONE', ( #2528, #4039 ) ) ;
#2543 = EDGE_CURVE ( 'NONE', #379, #3902, #1238, .T. ) ;
#2544 = ORIENTED_EDGE ( 'NONE', *, *, #3466, .T. ) ;
#2545 = DIRECTION ( 'NONE',  ( -1.000000000000000000, 0.000000000000000000, 0.000000000000000000 ) ) ;
#2546 = DIRECTION ( 'NONE',  ( 0.000000000000000000, 0.000000000000000000, -1.000000000000000000 ) ) ;
#2547 = CARTESIAN_POINT ( 'NONE',  ( 6.249412934932999875, -3.500000000000000000, -0.5000000000000000000 ) ) ;
#2548 = DIRECTION ( 'NONE',  ( 0.000000000000000000, 0.000000000000000000, 1.000000000000000000 ) ) ;
#2549 = SURFACE_SIDE_STYLE ('',( #1649 ) ) ;
#2550 = DIRECTION ( 'NONE',  ( 0.000000000000000000, -2.299999999999999903E-16, 1.000000000000000000 ) ) ;
#2551 = MECHANICAL_DESIGN_GEOMETRIC_PRESENTATION_REPRESENTATION (  '', ( #2628 ), #1098 ) ;
#2552 = PRESENTATION_STYLE_ASSIGNMENT (( #560 ) ) ;
#2553 = VECTOR ( 'NONE', #5501, 1000.000000000000000 ) ;
#2554 = CARTESIAN_POINT ( 'NONE',  ( 6.249412934933001651, -3.499999999999997335, -0.2499999999999878153 ) ) ;
#2555 = SURFACE_STYLE_USAGE ( .BOTH. , #4019 ) ;
#2556 = CARTESIAN_POINT ( 'NONE',  ( 0.000000000000000000, 5.559999999999999609, -1.499999999999999778 ) ) ;
#2557 = CARTESIAN_POINT ( 'NONE',  ( -6.500000000000000888, -0.5000000000000000000, -2.000000000000000000 ) ) ;
#2558 = CIRCLE ( 'NONE', #3495, 0.3750000000020004554 ) ;
#2559 = ITEM_DEFINED_TRANSFORMATION ( 'NONE', 'NONE', #300,  #3487 ) ;
#2560 = CARTESIAN_POINT ( 'NONE',  ( 4.500000000000000888, 3.419999999999999929, 4.500000000000000888 ) ) ;
#2561 = EDGE_CURVE ( 'NONE', #4676, #5743, #5283, .T. ) ;
#2562 = AXIS2_PLACEMENT_3D ( 'NONE', #1801, #1854, #6376 ) ;
#2563 = SURFACE_STYLE_USAGE ( .BOTH. , #531 ) ;
#2564 = EDGE_LOOP ( 'NONE', ( #1047, #4190, #1016, #212 ) ) ;
#2565 =( GEOMETRIC_REPRESENTATION_CONTEXT ( 3 ) GLOBAL_UNCERTAINTY_ASSIGNED_CONTEXT ( ( #2400 ) ) GLOBAL_UNIT_ASSIGNED_CONTEXT ( ( #142, #5663, #1626 ) ) REPRESENTATION_CONTEXT ( 'NONE', 'WORKASPACE' ) );
#2566 = VECTOR ( 'NONE', #5601, 1000.000000000000000 ) ;
#2567 = SURFACE_STYLE_FILL_AREA ( #3578 ) ;
#2568 = EDGE_CURVE ( 'NONE', #4768, #4336, #747, .T. ) ;
#2569 = ORIENTED_EDGE ( 'NONE', *, *, #3212, .T. ) ;
#2570 = AXIS2_PLACEMENT_3D ( 'NONE', #131, #5719, #3565 ) ;
#2571 = AXIS2_PLACEMENT_3D ( 'NONE', #2644, #5572, #1694 ) ;
#2572 = PRODUCT_DEFINITION_SHAPE ( 'NONE', 'NONE',  #2956 ) ;
#2573 = ORIENTED_EDGE ( 'NONE', *, *, #1667, .T. ) ;
#2574 = DIRECTION ( 'NONE',  ( -0.4226182617383951734, -0.9063077870377244105, 0.000000000000000000 ) ) ;
#2575 = DIRECTION ( 'NONE',  ( 0.000000000000000000, -1.000000000000000000, -2.220446049250000002E-16 ) ) ;
#2576 = DIRECTION ( 'NONE',  ( 0.5394599732739951969, 0.8420112453139925179, 0.000000000000000000 ) ) ;
#2577 = CARTESIAN_POINT ( 'NONE',  ( -6.375000000002000178, -0.5000000000000000000, -2.000000000000000000 ) ) ;
#2578 = MECHANICAL_DESIGN_GEOMETRIC_PRESENTATION_REPRESENTATION (  '', ( #896 ), #4163 ) ;
#2579 =( LENGTH_UNIT ( ) NAMED_UNIT ( * ) SI_UNIT ( .MILLI., .METRE. ) );
#2580 = DIRECTION ( 'NONE',  ( -0.5394599732742371145, 0.8420112453138374198, 0.000000000000000000 ) ) ;
#2581 = ORIENTED_EDGE ( 'NONE', *, *, #5669, .F. ) ;
#2582 = AXIS2_PLACEMENT_3D ( 'NONE', #2227, #6218, #1741 ) ;
#2583 = EDGE_LOOP ( 'NONE', ( #175, #150, #1030, #2955 ) ) ;
#2584 = FILL_AREA_STYLE ('',( #5101 ) ) ;
#2585 = LINE ( 'NONE', #98, #2653 ) ;
#2586 = CARTESIAN_POINT ( 'NONE',  ( -6.000000000000000000, 3.919999999999999929, -6.000000000000000000 ) ) ;
#2587 = AXIS2_PLACEMENT_3D ( 'NONE', #761, #4390, #2300 ) ;
#2588 = SURFACE_STYLE_USAGE ( .BOTH. , #4480 ) ;
#2589 = DIRECTION ( 'NONE',  ( -0.9063077870368960731, 0.4226182617401715302, 6.153931531033165677E-13 ) ) ;
#2590 = FILL_AREA_STYLE_COLOUR ( '', #2849 ) ;
#2591 = SURFACE_STYLE_USAGE ( .BOTH. , #592 ) ;
#2592 = ADVANCED_FACE ( 'NONE', ( #2271 ), #1370, .T. ) ;
#2593 = CARTESIAN_POINT ( 'NONE',  ( -4.500000000000000888, 4.419999999999999929, 5.400000000000000355 ) ) ;
#2594 = SURFACE_SIDE_STYLE ('',( #37 ) ) ;
#2595 = EDGE_CURVE ( 'NONE', #3587, #2889, #1436, .T. ) ;
#2596 = DIRECTION ( 'NONE',  ( -1.000000000000000000, 0.000000000000000000, 0.000000000000000000 ) ) ;
#2597 = APPLICATION_PROTOCOL_DEFINITION ( 'draft international standard', 'automotive_design', 1998, #4049 ) ;
#2598 = STYLED_ITEM ( 'NONE', ( #919 ), #5491 ) ;
#2599 =( NAMED_UNIT ( * ) SI_UNIT ( $, .STERADIAN. ) SOLID_ANGLE_UNIT ( ) );
#2600 = VERTEX_POINT ( 'NONE', #5797 ) ;
#2601 = PRODUCT_DEFINITION ( 'UNKNOWN', '', #5549, #5320 ) ;
#2602 = PLANE ( 'NONE',  #5782 ) ;
#2603 = ORIENTED_EDGE ( 'NONE', *, *, #3247, .F. ) ;
#2604 = MECHANICAL_DESIGN_GEOMETRIC_PRESENTATION_REPRESENTATION (  '', ( #1775 ), #3975 ) ;
#2605 = UNCERTAINTY_MEASURE_WITH_UNIT (LENGTH_MEASURE( 1.000000000000000082E-05 ), #4498, 'distance_accuracy_value', 'NONE');
#2606 =( GEOMETRIC_REPRESENTATION_CONTEXT ( 3 ) GLOBAL_UNCERTAINTY_ASSIGNED_CONTEXT ( ( #3233 ) ) GLOBAL_UNIT_ASSIGNED_CONTEXT ( ( #5540, #3490, #2645 ) ) REPRESENTATION_CONTEXT ( 'NONE', 'WORKASPACE' ) );
#2607 = VERTEX_POINT ( 'NONE', #5375 ) ;
#2608 = PLANE ( 'NONE',  #475 ) ;
#2609 = FACE_OUTER_BOUND ( 'NONE', #5981, .T. ) ;
#2610 = FILL_AREA_STYLE_COLOUR ( '', #1586 ) ;
#2611 = FILL_AREA_STYLE_COLOUR ( '', #1805 ) ;
#2612 = DIRECTION ( 'NONE',  ( 0.000000000000000000, 0.000000000000000000, 1.000000000000000000 ) ) ;
#2613 = ORIENTED_EDGE ( 'NONE', *, *, #1386, .F. ) ;
#2614 = ORIENTED_EDGE ( 'NONE', *, *, #769, .T. ) ;
#2615 = ORIENTED_EDGE ( 'NONE', *, *, #4800, .F. ) ;
#2616 =( LENGTH_UNIT ( ) NAMED_UNIT ( * ) SI_UNIT ( .MILLI., .METRE. ) );
#2617 = EDGE_CURVE ( 'NONE', #3071, #2020, #2525, .T. ) ;
#2618 = MECHANICAL_DESIGN_GEOMETRIC_PRESENTATION_REPRESENTATION (  '', ( #4849 ), #2301 ) ;
#2619 = CARTESIAN_POINT ( 'NONE',  ( 5.750000000000000000, 3.919999999999999929, 5.750000000000000000 ) ) ;
#2620 = SURFACE_STYLE_USAGE ( .BOTH. , #1153 ) ;
#2621 = FILL_AREA_STYLE ('',( #3107 ) ) ;
#2622 = DIRECTION ( 'NONE',  ( -0.000000000000000000, -0.000000000000000000, 1.000000000000000000 ) ) ;
#2623 = VECTOR ( 'NONE', #3884, 1000.000000000000114 ) ;
#2624 = CARTESIAN_POINT ( 'NONE',  ( -6.674999999997999645, -1.699999999999999956, -2.000000000000000000 ) ) ;
#2625 = DIRECTION ( 'NONE',  ( -0.000000000000000000, -0.000000000000000000, -1.000000000000000000 ) ) ;
#2626 = DIRECTION ( 'NONE',  ( -0.1445439584519752629, -0.3099755192199468712, -0.9396926207858387059 ) ) ;
#2627 = FILL_AREA_STYLE_COLOUR ( '', #5421 ) ;
#2628 = STYLED_ITEM ( 'NONE', ( #2040 ), #5829 ) ;
#2629 = CYLINDRICAL_SURFACE ( 'NONE', #4364, 0.1249999999979999749 ) ;
#2630 = DIRECTION ( 'NONE',  ( -0.000000000000000000, 1.000000000000000000, 0.000000000000000000 ) ) ;
#2631 = STYLED_ITEM ( 'NONE', ( #1299 ), #694 ) ;
#2632 = AXIS2_PLACEMENT_3D ( 'NONE', #5060, #92, #1610 ) ;
#2633 = ADVANCED_FACE ( 'NONE', ( #3847 ), #794, .T. ) ;
#2634 = PRESENTATION_STYLE_ASSIGNMENT (( #5147 ) ) ;
#2635 = EDGE_LOOP ( 'NONE', ( #4170, #2640, #4874, #4060 ) ) ;
#2636 = MANIFOLD_SOLID_BREP ( 'Imported1', #5080 ) ;
#2637 = SURFACE_SIDE_STYLE ('',( #2530 ) ) ;
#2638 = AXIS2_PLACEMENT_3D ( 'NONE', #1895, #2358, #1840 ) ;
#2639 = PRESENTATION_STYLE_ASSIGNMENT (( #1757 ) ) ;
#2640 = ORIENTED_EDGE ( 'NONE', *, *, #1282, .T. ) ;
#2641 = PRESENTATION_LAYER_ASSIGNMENT (  '', '', ( #1290 ) ) ;
#2642 = MECHANICAL_DESIGN_GEOMETRIC_PRESENTATION_REPRESENTATION (  '', ( #5582 ), #2744 ) ;
#2643 = ORIENTED_EDGE ( 'NONE', *, *, #3962, .T. ) ;
#2644 = CARTESIAN_POINT ( 'NONE',  ( -6.674999999997999645, -1.699999999999999956, 2.000000000000000000 ) ) ;
#2645 =( NAMED_UNIT ( * ) SI_UNIT ( $, .STERADIAN. ) SOLID_ANGLE_UNIT ( ) );
#2646 =( LENGTH_UNIT ( ) NAMED_UNIT ( * ) SI_UNIT ( .MILLI., .METRE. ) );
#2647 = AXIS2_PLACEMENT_3D ( 'NONE', #6247, #1769, #3265 ) ;
#2648 = DIRECTION ( 'NONE',  ( 0.9063077870389449897, -0.4226182617357776006, 0.000000000000000000 ) ) ;
#2649 = AXIS2_PLACEMENT_3D ( 'NONE', #2661, #2226, #687 ) ;
#2650 = CARTESIAN_POINT ( 'NONE',  ( -6.780251405660999708, -1.632567503341999959, -3.000000000000000000 ) ) ;
#2651 = ORIENTED_EDGE ( 'NONE', *, *, #1806, .F. ) ;
#2652 = AXIS2_PLACEMENT_3D ( 'NONE', #128, #5102, #6032 ) ;
#2653 = VECTOR ( 'NONE', #4106, 1000.000000000000000 ) ;
#2654 = ORIENTED_EDGE ( 'NONE', *, *, #1448, .T. ) ;
#2655 = ORIENTED_EDGE ( 'NONE', *, *, #1667, .F. ) ;
#2656 = DIRECTION ( 'NONE',  ( -1.000000000000000000, 0.000000000000000000, 0.000000000000000000 ) ) ;
#2657 = FACE_BOUND ( 'NONE', #4981, .T. ) ;
#2658 = CARTESIAN_POINT ( 'NONE',  ( -6.249412934933071817, -3.499999999999845457, 2.749999999999988454 ) ) ;
#2659 = EDGE_CURVE ( 'NONE', #5227, #569, #4227, .T. ) ;
#2660 = UNCERTAINTY_MEASURE_WITH_UNIT (LENGTH_MEASURE( 1.000000000000000082E-05 ), #3841, 'distance_accuracy_value', 'NONE');
#2661 = CARTESIAN_POINT ( 'NONE',  ( -6.780251405660999708, -1.632567503341999959, -3.000000000000000000 ) ) ;
#2662 =( NAMED_UNIT ( * ) SI_UNIT ( $, .STERADIAN. ) SOLID_ANGLE_UNIT ( ) );
#2663 =( NAMED_UNIT ( * ) PLANE_ANGLE_UNIT ( ) SI_UNIT ( $, .RADIAN. ) );
#2664 = CARTESIAN_POINT ( 'NONE',  ( -1.905000000000000027, 5.559999999999999609, -1.905000000000000249 ) ) ;
#2665 = APPLICATION_PROTOCOL_DEFINITION ( 'draft international standard', 'automotive_design', 1998, #4986 ) ;
#2666 = LINE ( 'NONE', #4662, #5917 ) ;
#2667 = CARTESIAN_POINT ( 'NONE',  ( 6.375000000002000178, -1.145024611515000013, 2.000000000000000000 ) ) ;
#2668 = VERTEX_POINT ( 'NONE', #1594 ) ;
#2669 = UNCERTAINTY_MEASURE_WITH_UNIT (LENGTH_MEASURE( 1.000000000000000082E-05 ), #4289, 'distance_accuracy_value', 'NONE');
#2670 = CARTESIAN_POINT ( 'NONE',  ( -5.750000000000000000, 3.419999999999999929, -5.750000000000000000 ) ) ;
#2671 = ADVANCED_FACE ( 'NONE', ( #2489 ), #4522, .F. ) ;
#2672 = VERTEX_POINT ( 'NONE', #1060 ) ;
#2673 = AXIS2_PLACEMENT_3D ( 'NONE', #852, #4419, #2847 ) ;
#2674 =( GEOMETRIC_REPRESENTATION_CONTEXT ( 3 ) GLOBAL_UNCERTAINTY_ASSIGNED_CONTEXT ( ( #2075 ) ) GLOBAL_UNIT_ASSIGNED_CONTEXT ( ( #2153, #1732, #5614 ) ) REPRESENTATION_CONTEXT ( 'NONE', 'WORKASPACE' ) );
#2675 = FILL_AREA_STYLE ('',( #247 ) ) ;
#2676 = EDGE_CURVE ( 'NONE', #3898, #408, #5883, .T. ) ;
#2677 = SURFACE_STYLE_FILL_AREA ( #768 ) ;
#2678 = VECTOR ( 'NONE', #2589, 1000.000000000000227 ) ;
#2679 =( NAMED_UNIT ( * ) SI_UNIT ( $, .STERADIAN. ) SOLID_ANGLE_UNIT ( ) );
#2680 = VECTOR ( 'NONE', #5030, 1000.000000000000000 ) ;
#2681 = VERTEX_POINT ( 'NONE', #6448 ) ;
#2682 = ORIENTED_EDGE ( 'NONE', *, *, #4977, .F. ) ;
#2683 = LINE ( 'NONE', #4713, #2350 ) ;
#2684 = PRODUCT_DEFINITION_SHAPE ( 'NONE', 'NONE',  #6473 ) ;
#2685 = FILL_AREA_STYLE_COLOUR ( '', #6307 ) ;
#2686 =( NAMED_UNIT ( * ) SI_UNIT ( $, .STERADIAN. ) SOLID_ANGLE_UNIT ( ) );
#2687 = CARTESIAN_POINT ( 'NONE',  ( 6.990754216992518089, -1.497702510021309275, -0.5000000000000000000 ) ) ;
#2688 = PRESENTATION_LAYER_ASSIGNMENT (  '', '', ( #1753 ) ) ;
#2689 = FACE_OUTER_BOUND ( 'NONE', #14, .T. ) ;
#2690 = PRESENTATION_STYLE_ASSIGNMENT (( #6255 ) ) ;
#2691 = EDGE_CURVE ( 'NONE', #4531, #4139, #3897, .T. ) ;
#2692 = PRESENTATION_STYLE_ASSIGNMENT (( #1262 ) ) ;
#2693 = DIRECTION ( 'NONE',  ( -0.4226182617383951734, 0.9063077870377244105, 0.000000000000000000 ) ) ;
#2694 = APPLICATION_CONTEXT ( 'automotive_design' ) ;
#2695 = DIRECTION ( 'NONE',  ( -0.4226182617399908414, -0.9063077870369803390, 0.000000000000000000 ) ) ;
#2696 =( GEOMETRIC_REPRESENTATION_CONTEXT ( 3 ) GLOBAL_UNCERTAINTY_ASSIGNED_CONTEXT ( ( #443 ) ) GLOBAL_UNIT_ASSIGNED_CONTEXT ( ( #4819, #4250, #5306 ) ) REPRESENTATION_CONTEXT ( 'NONE', 'WORKASPACE' ) );
#2697 = FILL_AREA_STYLE_COLOUR ( '', #5451 ) ;
#2698 = ORIENTED_EDGE ( 'NONE', *, *, #1723, .T. ) ;
#2699 = EDGE_CURVE ( 'NONE', #4610, #3971, #1186, .T. ) ;
#2700 = CARTESIAN_POINT ( 'NONE',  ( 1.905000000000000027, 7.360000000000000320, 1.905000000000000027 ) ) ;
#2701 = ORIENTED_EDGE ( 'NONE', *, *, #5277, .T. ) ;
#2702 = CARTESIAN_POINT ( 'NONE',  ( 6.990754216993001258, -1.497702510021000188, -0.5000000000000000000 ) ) ;
#2703 = CARTESIAN_POINT ( 'NONE',  ( 1.905000000000000027, 5.559999999999999609, 1.905000000000000027 ) ) ;
#2704 =( NAMED_UNIT ( * ) PLANE_ANGLE_UNIT ( ) SI_UNIT ( $, .RADIAN. ) );
#2705 = AXIS2_PLACEMENT_3D ( 'NONE', #6012, #3511, #3438 ) ;
#2706 = DIRECTION ( 'NONE',  ( -0.3971312619664671417, 0.8516507396395217588, -0.3420201433254725920 ) ) ;
#2707 = FILL_AREA_STYLE_COLOUR ( '', #1933 ) ;
#2708 = EDGE_LOOP ( 'NONE', ( #2999, #5286 ) ) ;
#2709 = EDGE_CURVE ( 'NONE', #677, #606, #41, .T. ) ;
#2710 = EDGE_LOOP ( 'NONE', ( #5502, #1852 ) ) ;
#2711 = EDGE_LOOP ( 'NONE', ( #5323, #6427, #444, #4711 ) ) ;
#2712 = FILL_AREA_STYLE_COLOUR ( '', #6124 ) ;
#2713 =( NAMED_UNIT ( * ) PLANE_ANGLE_UNIT ( ) SI_UNIT ( $, .RADIAN. ) );
#2714 = SURFACE_STYLE_USAGE ( .BOTH. , #3266 ) ;
#2715 = DIRECTION ( 'NONE',  ( -0.000000000000000000, -0.000000000000000000, 1.000000000000000000 ) ) ;
#2716 = VECTOR ( 'NONE', #5950, 1000.000000000000000 ) ;
#2717 = DIRECTION ( 'NONE',  ( 0.7071067811865474617, 8.177564888977996389E-16, -0.7071067811865474617 ) ) ;
#2718 = COLOUR_RGB ( '',1.000000000000000000, 1.000000000000000000, 1.000000000000000000 ) ;
#2719 = UNCERTAINTY_MEASURE_WITH_UNIT (LENGTH_MEASURE( 1.000000000000000082E-05 ), #5905, 'distance_accuracy_value', 'NONE');
#2720 = DIRECTION ( 'NONE',  ( -0.7071067811865474617, 8.177564888977996389E-16, -0.7071067811865474617 ) ) ;
#2721 =( NAMED_UNIT ( * ) PLANE_ANGLE_UNIT ( ) SI_UNIT ( $, .RADIAN. ) );
#2722 = CARTESIAN_POINT ( 'NONE',  ( 6.000000000000000000, -1.145024611515000013, 0.5000000000000000000 ) ) ;
#2723 = SURFACE_STYLE_FILL_AREA ( #2228 ) ;
#2724 = DIRECTION ( 'NONE',  ( -1.000000000000000000, 0.000000000000000000, 0.000000000000000000 ) ) ;
#2725 =( NAMED_UNIT ( * ) PLANE_ANGLE_UNIT ( ) SI_UNIT ( $, .RADIAN. ) );
#2726 = DIRECTION ( 'NONE',  ( -0.9063077870379250278, 0.4226182617379650730, 0.000000000000000000 ) ) ;
#2727 = UNCERTAINTY_MEASURE_WITH_UNIT (LENGTH_MEASURE( 1.000000000000000082E-05 ), #370, 'distance_accuracy_value', 'NONE');
#2728 =( LENGTH_UNIT ( ) NAMED_UNIT ( * ) SI_UNIT ( .MILLI., .METRE. ) );
#2729 = AXIS2_PLACEMENT_3D ( 'NONE', #3162, #4736, #6169 ) ;
#2730 = ORIENTED_EDGE ( 'NONE', *, *, #2918, .T. ) ;
#2731 = VECTOR ( 'NONE', #2071, 1000.000000000000000 ) ;
#2732 = UNCERTAINTY_MEASURE_WITH_UNIT (LENGTH_MEASURE( 1.000000000000000082E-05 ), #5309, 'distance_accuracy_value', 'NONE');
#2733 =( NAMED_UNIT ( * ) PLANE_ANGLE_UNIT ( ) SI_UNIT ( $, .RADIAN. ) );
#2734 = PLANE ( 'NONE',  #4661 ) ;
#2735 = ORIENTED_EDGE ( 'NONE', *, *, #923, .F. ) ;
#2736 = ADVANCED_FACE ( 'NONE', ( #529 ), #1027, .F. ) ;
#2737 = UNCERTAINTY_MEASURE_WITH_UNIT (LENGTH_MEASURE( 1.000000000000000082E-05 ), #811, 'distance_accuracy_value', 'NONE');
#2738 = CARTESIAN_POINT ( 'NONE',  ( 6.124999999997999822, -0.5000000000000000000, 2.000000000000000000 ) ) ;
#2739 = STYLED_ITEM ( 'NONE', ( #4969 ), #3416 ) ;
#2740 =( LENGTH_UNIT ( ) NAMED_UNIT ( * ) SI_UNIT ( .MILLI., .METRE. ) );
#2741 = PRESENTATION_STYLE_ASSIGNMENT (( #4393 ) ) ;
#2742 = CIRCLE ( 'NONE', #4764, 0.3750000000019996227 ) ;
#2743 = ORIENTED_EDGE ( 'NONE', *, *, #1282, .F. ) ;
#2744 =( GEOMETRIC_REPRESENTATION_CONTEXT ( 3 ) GLOBAL_UNCERTAINTY_ASSIGNED_CONTEXT ( ( #5752 ) ) GLOBAL_UNIT_ASSIGNED_CONTEXT ( ( #6390, #3909, #331 ) ) REPRESENTATION_CONTEXT ( 'NONE', 'WORKASPACE' ) );
#2745 = EDGE_LOOP ( 'NONE', ( #3673, #5349, #4415, #416 ) ) ;
#2746 = ORIENTED_EDGE ( 'NONE', *, *, #2286, .T. ) ;
#2747 = CARTESIAN_POINT ( 'NONE',  ( 6.674999999997999645, -1.699999999999999956, 2.000000000000000000 ) ) ;
#2748 = PRESENTATION_LAYER_ASSIGNMENT (  '', '', ( #651 ) ) ;
#2749 = SURFACE_SIDE_STYLE ('',( #1250 ) ) ;
#2750 =( LENGTH_UNIT ( ) NAMED_UNIT ( * ) SI_UNIT ( .MILLI., .METRE. ) );
#2751 = CARTESIAN_POINT ( 'NONE',  ( 6.123233995736766036E-17, 7.360000000000000320, -0.4999999999999983902 ) ) ;
#2752 =( NAMED_UNIT ( * ) PLANE_ANGLE_UNIT ( ) SI_UNIT ( $, .RADIAN. ) );
#2753 = EDGE_CURVE ( 'NONE', #356, #1210, #5208, .T. ) ;
#2754 = AXIS2_PLACEMENT_3D ( 'NONE', #3510, #5530, #2950 ) ;
#2755 = AXIS2_PLACEMENT_3D ( 'NONE', #2476, #5037, #2545 ) ;
#2756 = CARTESIAN_POINT ( 'NONE',  ( 6.000000000000000000, 0.8750000000019999558, 0.5000000000000000000 ) ) ;
#2757 = CARTESIAN_POINT ( 'NONE',  ( -6.000000000000000000, 1.250000000003999912, 2.000000000000000000 ) ) ;
#2758 = DIRECTION ( 'NONE',  ( 0.000000000000000000, -1.000000000000000000, -0.000000000000000000 ) ) ;
#2759 =( LENGTH_UNIT ( ) NAMED_UNIT ( * ) SI_UNIT ( .MILLI., .METRE. ) );
#2760 = FILL_AREA_STYLE ('',( #6354 ) ) ;
#2761 = CARTESIAN_POINT ( 'NONE',  ( 6.124999999997999822, 0.8750000000020000668, 3.000000000000000000 ) ) ;
#2762 = DIRECTION ( 'NONE',  ( -1.000000000000000000, 0.000000000000000000, 0.000000000000000000 ) ) ;
#2763 = PLANE ( 'NONE',  #4215 ) ;
#2764 = CARTESIAN_POINT ( 'NONE',  ( 6.000000000000000000, 3.919999999999999929, -6.000000000000000000 ) ) ;
#2765 = ORIENTED_EDGE ( 'NONE', *, *, #5567, .F. ) ;
#2766 = CARTESIAN_POINT ( 'NONE',  ( -6.674999999997999645, -1.699999999999999956, -3.000000000000000000 ) ) ;
#2767 =( LENGTH_UNIT ( ) NAMED_UNIT ( * ) SI_UNIT ( .MILLI., .METRE. ) );
#2768 =( LENGTH_UNIT ( ) NAMED_UNIT ( * ) SI_UNIT ( .MILLI., .METRE. ) );
#2769 = ORIENTED_EDGE ( 'NONE', *, *, #3320, .F. ) ;
#2770 = SURFACE_SIDE_STYLE ('',( #1275 ) ) ;
#2771 = MECHANICAL_DESIGN_GEOMETRIC_PRESENTATION_REPRESENTATION (  '', ( #879 ), #5097 ) ;
#2772 = FILL_AREA_STYLE_COLOUR ( '', #4863 ) ;
#2773 = ADVANCED_FACE ( 'NONE', ( #4624 ), #2198, .F. ) ;
#2774 = PRESENTATION_LAYER_ASSIGNMENT (  '', '', ( #1534 ) ) ;
#2775 = EDGE_LOOP ( 'NONE', ( #346, #1146, #2204, #2544 ) ) ;
#2776 = COLOUR_RGB ( '',1.000000000000000000, 1.000000000000000000, 1.000000000000000000 ) ;
#2777 = VECTOR ( 'NONE', #1354, 1000.000000000000000 ) ;
#2778 = EDGE_LOOP ( 'NONE', ( #2874, #3552, #1764, #2273 ) ) ;
#2779 = CARTESIAN_POINT ( 'NONE',  ( 6.124999999997999822, -1.145024611515000013, 3.000000000000000000 ) ) ;
#2780 = AXIS2_PLACEMENT_3D ( 'NONE', #2928, #3452, #5991 ) ;
#2781 = FILL_AREA_STYLE ('',( #3729 ) ) ;
#2782 = SURFACE_SIDE_STYLE ('',( #1254 ) ) ;
#2783 = COLOUR_RGB ( '',0.7960784313725489669, 0.8235294117647058432, 0.9372549019607843146 ) ;
#2784 = CARTESIAN_POINT ( 'NONE',  ( -6.500000000000000888, -0.5000000000000000000, 2.000000000000000000 ) ) ;
#2785 =( NAMED_UNIT ( * ) SI_UNIT ( $, .STERADIAN. ) SOLID_ANGLE_UNIT ( ) );
#2786 = CARTESIAN_POINT ( 'NONE',  ( -6.780251405660999708, -1.632567503341999959, -3.000000000000000000 ) ) ;
#2787 =( LENGTH_UNIT ( ) NAMED_UNIT ( * ) SI_UNIT ( .MILLI., .METRE. ) );
#2788 = LINE ( 'NONE', #4820, #4040 ) ;
#2789 = AXIS2_PLACEMENT_3D ( 'NONE', #1798, #3787, #5921 ) ;
#2790 = MECHANICAL_DESIGN_GEOMETRIC_PRESENTATION_REPRESENTATION (  '', ( #1938 ), #6141 ) ;
#2791 = VECTOR ( 'NONE', #4882, 1000.000000000000000 ) ;
#2792 = DIRECTION ( 'NONE',  ( 0.000000000000000000, -1.000000000000000000, -0.000000000000000000 ) ) ;
#2793 = ORIENTED_EDGE ( 'NONE', *, *, #1162, .T. ) ;
#2794 = EDGE_CURVE ( 'NONE', #5195, #606, #2666, .T. ) ;
#2795 = CARTESIAN_POINT ( 'NONE',  ( 6.500000000000000888, -0.5000000000000000000, -0.5000000000000000000 ) ) ;
#2796 = SURFACE_STYLE_USAGE ( .BOTH. , #4321 ) ;
#2797 = SURFACE_STYLE_USAGE ( .BOTH. , #792 ) ;
#2798 = SURFACE_STYLE_USAGE ( .BOTH. , #5374 ) ;
#2799 = ORIENTED_EDGE ( 'NONE', *, *, #2659, .F. ) ;
#2800 = VECTOR ( 'NONE', #4052, 1000.000000000000000 ) ;
#2801 =( NAMED_UNIT ( * ) SI_UNIT ( $, .STERADIAN. ) SOLID_ANGLE_UNIT ( ) );
#2802 = LINE ( 'NONE', #209, #3231 ) ;
#2803 = CARTESIAN_POINT ( 'NONE',  ( -1.905000000000000027, 5.559999999999999609, 1.905000000000000027 ) ) ;
#2804 = ORIENTED_EDGE ( 'NONE', *, *, #1501, .T. ) ;
#2805 = EDGE_LOOP ( 'NONE', ( #1666, #1344, #844, #4474 ) ) ;
#2806 =( NAMED_UNIT ( * ) PLANE_ANGLE_UNIT ( ) SI_UNIT ( $, .RADIAN. ) );
#2807 = CARTESIAN_POINT ( 'NONE',  ( 2.848833609457000048E-16, 4.419999999999999929, 3.330669073874999756E-16 ) ) ;
#2808 = EDGE_CURVE ( 'NONE', #5843, #6373, #196, .T. ) ;
#2809 = PRESENTATION_LAYER_ASSIGNMENT (  '', '', ( #3864 ) ) ;
#2810 = SURFACE_SIDE_STYLE ('',( #1886 ) ) ;
#2811 = LINE ( 'NONE', #17, #1165 ) ;
#2812 = PRESENTATION_LAYER_ASSIGNMENT (  '', '', ( #1474 ) ) ;
#2813 = FACE_OUTER_BOUND ( 'NONE', #1751, .T. ) ;
#2814 =( NAMED_UNIT ( * ) PLANE_ANGLE_UNIT ( ) SI_UNIT ( $, .RADIAN. ) );
#2815 = CARTESIAN_POINT ( 'NONE',  ( 6.000000000000000000, 1.000000000000000000, -0.5000000000000000000 ) ) ;
#2816 = CARTESIAN_POINT ( 'NONE',  ( -4.500000000000000888, 2.919999999999999929, 4.500000000000000888 ) ) ;
#2817 = VERTEX_POINT ( 'NONE', #6135 ) ;
#2818 =( GEOMETRIC_REPRESENTATION_CONTEXT ( 3 ) GLOBAL_UNCERTAINTY_ASSIGNED_CONTEXT ( ( #1745 ) ) GLOBAL_UNIT_ASSIGNED_CONTEXT ( ( #562, #1126, #4150 ) ) REPRESENTATION_CONTEXT ( 'NONE', 'WORKASPACE' ) );
#2819 = COLOUR_RGB ( '',0.7960784313725489669, 0.8235294117647058432, 0.9372549019607843146 ) ;
#2820 = LINE ( 'NONE', #4358, #6349 ) ;
#2821 = MECHANICAL_DESIGN_GEOMETRIC_PRESENTATION_REPRESENTATION (  '', ( #5774 ), #1482 ) ;
#2822 = FACE_OUTER_BOUND ( 'NONE', #4093, .T. ) ;
#2823 = EDGE_CURVE ( 'NONE', #5777, #3451, #468, .T. ) ;
#2824 = ORIENTED_EDGE ( 'NONE', *, *, #549, .T. ) ;
#2825 = STYLED_ITEM ( 'NONE', ( #1823 ), #5520 ) ;
#2826 = CARTESIAN_POINT ( 'NONE',  ( 6.788288473375239995, -1.752827282717128066, -0.5000000000000000000 ) ) ;
#2827 = CARTESIAN_POINT ( 'NONE',  ( 4.999999999999999112, 3.419999999999999485, 5.750000000000000000 ) ) ;
#2828 = COLOUR_RGB ( '',0.7960784313725489669, 0.8235294117647058432, 0.9372549019607843146 ) ;
#2829 = ORIENTED_EDGE ( 'NONE', *, *, #6172, .T. ) ;
#2830 = ORIENTED_EDGE ( 'NONE', *, *, #4506, .T. ) ;
#2831 = CARTESIAN_POINT ( 'NONE',  ( 5.375000000000000000, 3.419999999999999929, -5.375000000000000000 ) ) ;
#2832 = CARTESIAN_POINT ( 'NONE',  ( 2.848833609457000048E-16, 4.419999999999999929, 3.330669073874999756E-16 ) ) ;
#2833 = STYLED_ITEM ( 'NONE', ( #4618 ), #2482 ) ;
#2834 = SURFACE_STYLE_USAGE ( .BOTH. , #1322 ) ;
#2835 = ADVANCED_FACE ( 'NONE', ( #2095 ), #6190, .T. ) ;
#2836 = COLOUR_RGB ( '',1.000000000000000000, 1.000000000000000000, 1.000000000000000000 ) ;
#2837 = PRESENTATION_LAYER_ASSIGNMENT (  '', '', ( #4014 ) ) ;
#2838 = VECTOR ( 'NONE', #1575, 1000.000000000000000 ) ;
#2839 = VERTEX_POINT ( 'NONE', #6291 ) ;
#2840 = DIRECTION ( 'NONE',  ( 0.000000000000000000, 0.000000000000000000, 1.000000000000000000 ) ) ;
#2841 = COLOUR_RGB ( '',0.7960784313725489669, 0.8235294117647058432, 0.9372549019607843146 ) ;
#2842 = CARTESIAN_POINT ( 'NONE',  ( -6.000000000000000000, 0.8750000000019999558, 2.000000000000000000 ) ) ;
#2843 = DIRECTION ( 'NONE',  ( 0.1445439584519752629, 0.3099755192199468712, -0.9396926207858387059 ) ) ;
#2844 =( LENGTH_UNIT ( ) NAMED_UNIT ( * ) SI_UNIT ( .MILLI., .METRE. ) );
#2845 = UNCERTAINTY_MEASURE_WITH_UNIT (LENGTH_MEASURE( 1.000000000000000082E-05 ), #2646, 'distance_accuracy_value', 'NONE');
#2846 = EDGE_CURVE ( 'NONE', #3417, #639, #3804, .T. ) ;
#2847 = DIRECTION ( 'NONE',  ( -1.000000000000000000, 0.000000000000000000, 0.000000000000000000 ) ) ;
#2848 = CARTESIAN_POINT ( 'NONE',  ( -4.500000000000000888, 3.919999999999999929, -4.500000000000000888 ) ) ;
#2849 = COLOUR_RGB ( '',0.7960784313725489669, 0.8235294117647058432, 0.9372549019607843146 ) ;
#2850 = COLOUR_RGB ( '',0.7960784313725489669, 0.8235294117647058432, 0.9372549019607843146 ) ;
#2851 =( LENGTH_UNIT ( ) NAMED_UNIT ( * ) SI_UNIT ( .MILLI., .METRE. ) );
#2852 = DIRECTION ( 'NONE',  ( -1.000000000000000000, 0.000000000000000000, 0.000000000000000000 ) ) ;
#2853 = PRESENTATION_STYLE_ASSIGNMENT (( #4325 ) ) ;
#2854 = VERTEX_POINT ( 'NONE', #3339 ) ;
#2855 = ORIENTED_EDGE ( 'NONE', *, *, #74, .F. ) ;
#2856 = VECTOR ( 'NONE', #1770, 1000.000000000000000 ) ;
#2857 = EDGE_CURVE ( 'NONE', #1988, #6231, #6123, .T. ) ;
#2858 = LINE ( 'NONE', #832, #4948 ) ;
#2859 =( NAMED_UNIT ( * ) PLANE_ANGLE_UNIT ( ) SI_UNIT ( $, .RADIAN. ) );
#2860 = FILL_AREA_STYLE_COLOUR ( '', #4546 ) ;
#2861 = ORIENTED_EDGE ( 'NONE', *, *, #3860, .F. ) ;
#2862 = UNCERTAINTY_MEASURE_WITH_UNIT (LENGTH_MEASURE( 1.000000000000000082E-05 ), #4528, 'distance_accuracy_value', 'NONE');
#2863 = EDGE_CURVE ( 'NONE', #5715, #6004, #1784, .T. ) ;
#2864 = VERTEX_POINT ( 'NONE', #4290 ) ;
#2865 = CARTESIAN_POINT ( 'NONE',  ( -4.500000000000000888, 4.419999999999999929, 3.600000000000000533 ) ) ;
#2866 = AXIS2_PLACEMENT_3D ( 'NONE', #3636, #3079, #4621 ) ;
#2867 = SURFACE_SIDE_STYLE ('',( #1415 ) ) ;
#2868 =( NAMED_UNIT ( * ) PLANE_ANGLE_UNIT ( ) SI_UNIT ( $, .RADIAN. ) );
#2869 = COLOUR_RGB ( '',0.7921568627450980005, 0.8196078431372548767, 0.9333333333333333481 ) ;
#2870 = ORIENTED_EDGE ( 'NONE', *, *, #278, .F. ) ;
#2871 = PLANE ( 'NONE',  #3373 ) ;
#2872 = MECHANICAL_DESIGN_GEOMETRIC_PRESENTATION_REPRESENTATION (  '', ( #1833 ), #998 ) ;
#2873 = FILL_AREA_STYLE_COLOUR ( '', #5015 ) ;
#2874 = ORIENTED_EDGE ( 'NONE', *, *, #4004, .F. ) ;
#2875 = LINE ( 'NONE', #943, #6353 ) ;
#2876 = DIRECTION ( 'NONE',  ( 0.000000000000000000, 0.000000000000000000, 1.000000000000000000 ) ) ;
#2877 = SURFACE_SIDE_STYLE ('',( #5869 ) ) ;
#2878 = CARTESIAN_POINT ( 'NONE',  ( 6.674999999997999645, -1.699999999999999956, -0.5000000000000000000 ) ) ;
#2879 = CARTESIAN_POINT ( 'NONE',  ( -6.124999999997999822, -0.5000000000000000000, 2.000000000000000000 ) ) ;
#2880 = VECTOR ( 'NONE', #5835, 1000.000000000000000 ) ;
#2881 = COLOUR_RGB ( '',0.7960784313725489669, 0.8235294117647058432, 0.9372549019607843146 ) ;
#2882 = FILL_AREA_STYLE_COLOUR ( '', #6301 ) ;
#2883 = SURFACE_SIDE_STYLE ('',( #1926 ) ) ;
#2884 = AXIS2_PLACEMENT_3D ( 'NONE', #5257, #6205, #4872 ) ;
#2885 = FACE_OUTER_BOUND ( 'NONE', #5188, .T. ) ;
#2886 = DIRECTION ( 'NONE',  ( 0.000000000000000000, 0.000000000000000000, 1.000000000000000000 ) ) ;
#2887 = CARTESIAN_POINT ( 'NONE',  ( 0.000000000000000000, 0.000000000000000000, 0.000000000000000000 ) ) ;
#2888 = CARTESIAN_POINT ( 'NONE',  ( -6.674999999997999645, -1.699999999999999956, -3.000000000000000000 ) ) ;
#2889 = VERTEX_POINT ( 'NONE', #1839 ) ;
#2890 = VERTEX_POINT ( 'NONE', #5817 ) ;
#2891 = ADVANCED_FACE ( 'NONE', ( #2357 ), #6262, .T. ) ;
#2892 = DIRECTION ( 'NONE',  ( 0.000000000000000000, 0.000000000000000000, -1.000000000000000000 ) ) ;
#2893 = FILL_AREA_STYLE ('',( #926 ) ) ;
#2894 = VECTOR ( 'NONE', #5009, 999.9999999999998863 ) ;
#2895 = FACE_OUTER_BOUND ( 'NONE', #6303, .T. ) ;
#2896 = ORIENTED_EDGE ( 'NONE', *, *, #3852, .F. ) ;
#2897 =( GEOMETRIC_REPRESENTATION_CONTEXT ( 3 ) GLOBAL_UNCERTAINTY_ASSIGNED_CONTEXT ( ( #380 ) ) GLOBAL_UNIT_ASSIGNED_CONTEXT ( ( #2851, #6296, #1269 ) ) REPRESENTATION_CONTEXT ( 'NONE', 'WORKASPACE' ) );
#2898 = VERTEX_POINT ( 'NONE', #2383 ) ;
#2899 = DIRECTION ( 'NONE',  ( 0.000000000000000000, 0.000000000000000000, -1.000000000000000000 ) ) ;
#2900 = DIRECTION ( 'NONE',  ( 0.000000000000000000, 0.000000000000000000, 1.000000000000000000 ) ) ;
#2901 = EDGE_CURVE ( 'NONE', #2333, #4458, #1363, .T. ) ;
#2902 = STYLED_ITEM ( 'NONE', ( #1483 ), #2033 ) ;
#2903 = VERTEX_POINT ( 'NONE', #3871 ) ;
#2904 = CARTESIAN_POINT ( 'NONE',  ( -5.827942386484000410E-17, 5.559999999999999609, 1.905000000000000027 ) ) ;
#2905 = DIRECTION ( 'NONE',  ( 0.000000000000000000, -1.000000000000000000, -2.220446049250000002E-16 ) ) ;
#2906 = EDGE_LOOP ( 'NONE', ( #4603, #1452, #3623, #3020 ) ) ;
#2907 = DIRECTION ( 'NONE',  ( 0.000000000000000000, 0.000000000000000000, -1.000000000000000000 ) ) ;
#2908 = DIRECTION ( 'NONE',  ( 0.000000000000000000, 0.000000000000000000, -1.000000000000000000 ) ) ;
#2909 = SURFACE_STYLE_FILL_AREA ( #3772 ) ;
#2910 = STYLED_ITEM ( 'NONE', ( #6282 ), #899 ) ;
#2911 =( NAMED_UNIT ( * ) SI_UNIT ( $, .STERADIAN. ) SOLID_ANGLE_UNIT ( ) );
#2912 = DIRECTION ( 'NONE',  ( 0.000000000000000000, 1.000000000000000000, 0.000000000000000000 ) ) ;
#2913 = SURFACE_STYLE_FILL_AREA ( #3377 ) ;
#2914 = PRODUCT_DEFINITION_CONTEXT ( 'detailed design', #3482, 'design' ) ;
#2915 = PRESENTATION_LAYER_ASSIGNMENT (  '', '', ( #4421 ) ) ;
#2916 = CARTESIAN_POINT ( 'NONE',  ( -4.500000000000000888, 4.419999999999999929, 4.500000000000000888 ) ) ;
#2917 = STYLED_ITEM ( 'NONE', ( #4637 ), #1623 ) ;
#2918 = EDGE_CURVE ( 'NONE', #5260, #5258, #1832, .T. ) ;
#2919 = ORIENTED_EDGE ( 'NONE', *, *, #5194, .T. ) ;
#2920 = PRESENTATION_LAYER_ASSIGNMENT (  '', '', ( #1687 ) ) ;
#2921 = CARTESIAN_POINT ( 'NONE',  ( -6.799999999995999467, -1.699999999999999956, 2.000000000000000000 ) ) ;
#2922 = SURFACE_STYLE_FILL_AREA ( #2893 ) ;
#2923 = ADVANCED_FACE ( 'NONE', ( #5871 ), #6388, .F. ) ;
#2924 = VECTOR ( 'NONE', #4835, 1000.000000000000114 ) ;
#2925 = ORIENTED_EDGE ( 'NONE', *, *, #3234, .T. ) ;
#2926 = UNCERTAINTY_MEASURE_WITH_UNIT (LENGTH_MEASURE( 1.000000000000000082E-05 ), #5504, 'distance_accuracy_value', 'NONE');
#2927 = VERTEX_POINT ( 'NONE', #1528 ) ;
#2928 = CARTESIAN_POINT ( 'NONE',  ( 0.000000000000000000, 4.599999999999999645, -4.528481168208390131E-48 ) ) ;
#2929 = COLOUR_RGB ( '',1.000000000000000000, 0.000000000000000000, 0.000000000000000000 ) ;
#2930 =( NAMED_UNIT ( * ) SI_UNIT ( $, .STERADIAN. ) SOLID_ANGLE_UNIT ( ) );
#2931 = MECHANICAL_DESIGN_GEOMETRIC_PRESENTATION_REPRESENTATION (  '', ( #2096 ), #1595 ) ;
#2932 = PRESENTATION_STYLE_ASSIGNMENT (( #3493 ) ) ;
#2933 = VERTEX_POINT ( 'NONE', #3503 ) ;
#2934 = ORIENTED_EDGE ( 'NONE', *, *, #4653, .F. ) ;
#2935 = PRESENTATION_STYLE_ASSIGNMENT (( #940 ) ) ;
#2936 = SURFACE_STYLE_USAGE ( .BOTH. , #2351 ) ;
#2937 = EDGE_CURVE ( 'NONE', #6335, #4275, #1991, .T. ) ;
#2938 = CARTESIAN_POINT ( 'NONE',  ( -6.124999999997999822, 0.8750000000019999558, 2.000000000000000000 ) ) ;
#2939 = PRESENTATION_LAYER_ASSIGNMENT (  '', '', ( #1064 ) ) ;
#2940 = DIRECTION ( 'NONE',  ( 0.3971312619664671417, 0.8516507396395217588, 0.3420201433254725920 ) ) ;
#2941 = CARTESIAN_POINT ( 'NONE',  ( 1.905000000000000027, 7.360000000000000320, 1.905000000000000027 ) ) ;
#2942 = DIRECTION ( 'NONE',  ( -1.000000000000000000, 0.000000000000000000, 0.000000000000000000 ) ) ;
#2943 = CARTESIAN_POINT ( 'NONE',  ( 4.500000000000000888, 2.919999999999999929, -5.400000000000000355 ) ) ;
#2944 = STYLED_ITEM ( 'NONE', ( #5521 ), #1323 ) ;
#2945 = CARTESIAN_POINT ( 'NONE',  ( -4.500000000000000888, 4.419999999999999929, -4.500000000000000888 ) ) ;
#2946 = COLOUR_RGB ( '',1.000000000000000000, 0.000000000000000000, 0.000000000000000000 ) ;
#2947 = SURFACE_STYLE_FILL_AREA ( #5431 ) ;
#2948 = PRESENTATION_LAYER_ASSIGNMENT (  '', '', ( #3474 ) ) ;
#2949 = LINE ( 'NONE', #2986, #4254 ) ;
#2950 = DIRECTION ( 'NONE',  ( 0.000000000000000000, 0.000000000000000000, -1.000000000000000000 ) ) ;
#2951 = MECHANICAL_DESIGN_GEOMETRIC_PRESENTATION_REPRESENTATION (  '', ( #1302 ), #133 ) ;
#2952 = ORIENTED_EDGE ( 'NONE', *, *, #1508, .F. ) ;
#2953 = MECHANICAL_DESIGN_GEOMETRIC_PRESENTATION_REPRESENTATION (  '', ( #4885 ), #1815 ) ;
#2954 = CARTESIAN_POINT ( 'NONE',  ( 6.000000000000000000, 1.000000000000000000, 2.000000000000000000 ) ) ;
#2955 = ORIENTED_EDGE ( 'NONE', *, *, #5182, .F. ) ;
#2956 = PRODUCT_DEFINITION ( 'UNKNOWN', '', #1774, #1870 ) ;
#2957 = DIRECTION ( 'NONE',  ( 0.000000000000000000, -0.000000000000000000, 1.000000000000000000 ) ) ;
#2958 = FACE_OUTER_BOUND ( 'NONE', #2303, .T. ) ;
#2959 = DIRECTION ( 'NONE',  ( 0.9063077870379250278, 0.4226182617379650730, 0.000000000000000000 ) ) ;
#2960 = ORIENTED_EDGE ( 'NONE', *, *, #4141, .T. ) ;
#2961 = STYLED_ITEM ( 'NONE', ( #3537 ), #6411 ) ;
#2962 = EDGE_LOOP ( 'NONE', ( #1909, #5608, #3443, #5057 ) ) ;
#2963 = EDGE_CURVE ( 'NONE', #3581, #4599, #4906, .T. ) ;
#2964 = SURFACE_STYLE_FILL_AREA ( #6408 ) ;
#2965 = DIRECTION ( 'NONE',  ( 1.000000000000000000, 0.000000000000000000, -0.000000000000000000 ) ) ;
#2966 = FILL_AREA_STYLE ('',( #4000 ) ) ;
#2967 = MECHANICAL_DESIGN_GEOMETRIC_PRESENTATION_REPRESENTATION (  '', ( #5911 ), #2130 ) ;
#2968 = CARTESIAN_POINT ( 'NONE',  ( -4.500000000000000888, 4.419999999999999929, -5.400000000000000355 ) ) ;
#2969 = ORIENTED_EDGE ( 'NONE', *, *, #4151, .T. ) ;
#2970 = VECTOR ( 'NONE', #3769, 1000.000000000000000 ) ;
#2971 = ORIENTED_EDGE ( 'NONE', *, *, #373, .F. ) ;
#2972 = CARTESIAN_POINT ( 'NONE',  ( -6.000000000000000000, 0.8750000000019999558, -3.000000000000000000 ) ) ;
#2973 = ADVANCED_FACE ( 'NONE', ( #5524 ), #3044, .T. ) ;
#2974 = DIRECTION ( 'NONE',  ( -0.000000000000000000, -0.000000000000000000, -1.000000000000000000 ) ) ;
#2975 = LINE ( 'NONE', #5935, #2012 ) ;
#2976 = DIRECTION ( 'NONE',  ( -0.000000000000000000, -0.000000000000000000, -1.000000000000000000 ) ) ;
#2977 = COLOUR_RGB ( '',0.7960784313725489669, 0.8235294117647058432, 0.9372549019607843146 ) ;
#2978 = DIRECTION ( 'NONE',  ( 0.8420112453139925179, -0.5394599732739951969, 0.000000000000000000 ) ) ;
#2979 = CIRCLE ( 'NONE', #3927, 1.500000000000000000 ) ;
#2980 = MECHANICAL_DESIGN_GEOMETRIC_PRESENTATION_REPRESENTATION (  '', ( #264 ), #580 ) ;
#2981 = AXIS2_PLACEMENT_3D ( 'NONE', #2747, #255, #739 ) ;
#2982 = DIRECTION ( 'NONE',  ( 0.000000000000000000, -0.000000000000000000, 1.000000000000000000 ) ) ;
#2983 = DIRECTION ( 'NONE',  ( 0.000000000000000000, 0.000000000000000000, -1.000000000000000000 ) ) ;
#2984 = DIRECTION ( 'NONE',  ( 1.000000000000000000, 0.000000000000000000, -0.000000000000000000 ) ) ;
#2985 = CARTESIAN_POINT ( 'NONE',  ( -1.905000000000000027, 7.360000000000000320, -1.905000000000000027 ) ) ;
#2986 = CARTESIAN_POINT ( 'NONE',  ( -5.000000000000000000, 3.920000000000001705, -5.750000000000000000 ) ) ;
#2987 = DIRECTION ( 'NONE',  ( 0.000000000000000000, 0.000000000000000000, -1.000000000000000000 ) ) ;
#2988 = FILL_AREA_STYLE_COLOUR ( '', #4503 ) ;
#2989 = VECTOR ( 'NONE', #656, 1000.000000000000000 ) ;
#2990 = PRESENTATION_STYLE_ASSIGNMENT (( #5821 ) ) ;
#2991 = DIRECTION ( 'NONE',  ( 0.000000000000000000, -0.000000000000000000, 1.000000000000000000 ) ) ;
#2992 =( GEOMETRIC_REPRESENTATION_CONTEXT ( 3 ) GLOBAL_UNCERTAINTY_ASSIGNED_CONTEXT ( ( #3855 ) ) GLOBAL_UNIT_ASSIGNED_CONTEXT ( ( #2346, #2868, #5033 ) ) REPRESENTATION_CONTEXT ( 'NONE', 'WORKASPACE' ) );
#2993 = ORIENTED_EDGE ( 'NONE', *, *, #820, .T. ) ;
#2994 = DIRECTION ( 'NONE',  ( -0.000000000000000000, -0.000000000000000000, -1.000000000000000000 ) ) ;
#2995 = PRESENTATION_LAYER_ASSIGNMENT (  '', '', ( #1938 ) ) ;
#2996 = COLOUR_RGB ( '',0.7960784313725489669, 0.8235294117647058432, 0.9372549019607843146 ) ;
#2997 = ORIENTED_EDGE ( 'NONE', *, *, #4839, .T. ) ;
#2998 = UNCERTAINTY_MEASURE_WITH_UNIT (LENGTH_MEASURE( 1.000000000000000082E-05 ), #1000, 'distance_accuracy_value', 'NONE');
#2999 = ORIENTED_EDGE ( 'NONE', *, *, #800, .T. ) ;
#3000 = DIRECTION ( 'NONE',  ( 0.000000000000000000, -1.000000000000000000, -2.220446049250000002E-16 ) ) ;
#3001 = CARTESIAN_POINT ( 'NONE',  ( -4.500000000000000888, 2.919999999999999929, -3.600000000000000533 ) ) ;
#3002 =( NAMED_UNIT ( * ) SI_UNIT ( $, .STERADIAN. ) SOLID_ANGLE_UNIT ( ) );
#3003 = CIRCLE ( 'NONE', #4066, 0.8999999999999998002 ) ;
#3004 = ORIENTED_EDGE ( 'NONE', *, *, #6447, .T. ) ;
#3005 = ADVANCED_FACE ( 'NONE', ( #5073 ), #1920, .F. ) ;
#3006 = EDGE_LOOP ( 'NONE', ( #875, #3037, #5406, #1986, #3481, #3532, #3008, #4635, #1139, #5029, #2997, #6368, #2280, #1880 ) ) ;
#3007 = DIRECTION ( 'NONE',  ( -1.000000000000000000, -8.673617379837765822E-16, 0.000000000000000000 ) ) ;
#3008 = ORIENTED_EDGE ( 'NONE', *, *, #5166, .T. ) ;
#3009 =( NAMED_UNIT ( * ) SI_UNIT ( $, .STERADIAN. ) SOLID_ANGLE_UNIT ( ) );
#3010 = PRESENTATION_STYLE_ASSIGNMENT (( #3429 ) ) ;
#3011 = EDGE_CURVE ( 'NONE', #5676, #5543, #3608, .T. ) ;
#3012 = DIRECTION ( 'NONE',  ( 0.000000000000000000, 0.000000000000000000, 1.000000000000000000 ) ) ;
#3013 = CARTESIAN_POINT ( 'NONE',  ( 6.500000000000000888, -0.5000000000000000000, -0.5000000000000000000 ) ) ;
#3014 = STYLED_ITEM ( 'NONE', ( #5161 ), #5655 ) ;
#3015 = FILL_AREA_STYLE_COLOUR ( '', #1325 ) ;
#3016 = CARTESIAN_POINT ( 'NONE',  ( 6.990754216993001258, -1.497702510021000188, 0.5000000000000000000 ) ) ;
#3017 = SURFACE_STYLE_USAGE ( .BOTH. , #1592 ) ;
#3018 = SURFACE_STYLE_USAGE ( .BOTH. , #4454 ) ;
#3019 =( NAMED_UNIT ( * ) PLANE_ANGLE_UNIT ( ) SI_UNIT ( $, .RADIAN. ) );
#3020 = ORIENTED_EDGE ( 'NONE', *, *, #6443, .F. ) ;
#3021 = STYLED_ITEM ( 'NONE', ( #4144 ), #842 ) ;
#3022 = FILL_AREA_STYLE_COLOUR ( '', #3341 ) ;
#3023 = MECHANICAL_DESIGN_GEOMETRIC_PRESENTATION_REPRESENTATION (  '', ( #1780 ), #2606 ) ;
#3024 = ADVANCED_FACE ( 'NONE', ( #3142 ), #1651, .T. ) ;
#3025 = STYLED_ITEM ( 'NONE', ( #2420 ), #539 ) ;
#3026 = CYLINDRICAL_SURFACE ( 'NONE', #2638, 0.9000000000000002442 ) ;
#3027 = VERTEX_POINT ( 'NONE', #3629 ) ;
#3028 = MECHANICAL_DESIGN_GEOMETRIC_PRESENTATION_REPRESENTATION (  '', ( #5256 ), #410 ) ;
#3029 = COLOUR_RGB ( '',0.2509803921568627416, 0.2509803921568627416, 0.2509803921568627416 ) ;
#3030 = ORIENTED_EDGE ( 'NONE', *, *, #5850, .T. ) ;
#3031 = CARTESIAN_POINT ( 'NONE',  ( 6.780251405660999708, -1.632567503341999959, -0.5000000000000000000 ) ) ;
#3032 = PRESENTATION_STYLE_ASSIGNMENT (( #3454 ) ) ;
#3033 = CARTESIAN_POINT ( 'NONE',  ( 6.375000000002000178, -1.145024611515000013, 3.000000000000000000 ) ) ;
#3034 = COLOUR_RGB ( '',0.7960784313725489669, 0.8235294117647058432, 0.9372549019607843146 ) ;
#3035 = FILL_AREA_STYLE ('',( #4037 ) ) ;
#3036 = ORIENTED_EDGE ( 'NONE', *, *, #1162, .F. ) ;
#3037 = ORIENTED_EDGE ( 'NONE', *, *, #887, .T. ) ;
#3038 = DIRECTION ( 'NONE',  ( 0.5394599732739951969, -0.8420112453139925179, 0.000000000000000000 ) ) ;
#3039 = EDGE_CURVE ( 'NONE', #1548, #2600, #1642, .T. ) ;
#3040 = SURFACE_STYLE_USAGE ( .BOTH. , #4142 ) ;
#3041 = FILL_AREA_STYLE ('',( #2058 ) ) ;
#3042 = DIRECTION ( 'NONE',  ( -0.000000000000000000, 0.000000000000000000, -1.000000000000000000 ) ) ;
#3043 = DIRECTION ( 'NONE',  ( -1.000000000000000000, 0.000000000000000000, 0.000000000000000000 ) ) ;
#3044 = PLANE ( 'NONE',  #3715 ) ;
#3045 =( NAMED_UNIT ( * ) SI_UNIT ( $, .STERADIAN. ) SOLID_ANGLE_UNIT ( ) );
#3046 = AXIS2_PLACEMENT_3D ( 'NONE', #472, #2465, #4495 ) ;
#3047 = DIRECTION ( 'NONE',  ( -0.5394599732742371145, 0.8420112453138374198, 0.000000000000000000 ) ) ;
#3048 = SURFACE_STYLE_FILL_AREA ( #1589 ) ;
#3049 = EDGE_CURVE ( 'NONE', #5454, #4949, #4078, .T. ) ;
#3050 =( GEOMETRIC_REPRESENTATION_CONTEXT ( 3 ) GLOBAL_UNCERTAINTY_ASSIGNED_CONTEXT ( ( #5441 ) ) GLOBAL_UNIT_ASSIGNED_CONTEXT ( ( #5393, #5452, #909 ) ) REPRESENTATION_CONTEXT ( 'NONE', 'WORKASPACE' ) );
#3051 = CONTEXT_DEPENDENT_SHAPE_REPRESENTATION ( #4510, #6031 ) ;
#3052 = PRESENTATION_LAYER_ASSIGNMENT (  '', '', ( #4439 ) ) ;
#3053 = DIRECTION ( 'NONE',  ( -0.000000000000000000, -0.000000000000000000, -1.000000000000000000 ) ) ;
#3054 =( GEOMETRIC_REPRESENTATION_CONTEXT ( 3 ) GLOBAL_UNCERTAINTY_ASSIGNED_CONTEXT ( ( #6020 ) ) GLOBAL_UNIT_ASSIGNED_CONTEXT ( ( #5553, #2518, #6069 ) ) REPRESENTATION_CONTEXT ( 'NONE', 'WORKASPACE' ) );
#3055 =( GEOMETRIC_REPRESENTATION_CONTEXT ( 3 ) GLOBAL_UNCERTAINTY_ASSIGNED_CONTEXT ( ( #5624 ) ) GLOBAL_UNIT_ASSIGNED_CONTEXT ( ( #1705, #2713, #4745 ) ) REPRESENTATION_CONTEXT ( 'NONE', 'WORKASPACE' ) );
#3056 = CARTESIAN_POINT ( 'NONE',  ( 6.123233995736766036E-17, 7.360000000000000320, -0.4999999999999983902 ) ) ;
#3057 =( GEOMETRIC_REPRESENTATION_CONTEXT ( 3 ) GLOBAL_UNCERTAINTY_ASSIGNED_CONTEXT ( ( #4940 ) ) GLOBAL_UNIT_ASSIGNED_CONTEXT ( ( #2423, #496, #5019 ) ) REPRESENTATION_CONTEXT ( 'NONE', 'WORKASPACE' ) );
#3058 = VERTEX_POINT ( 'NONE', #5653 ) ;
#3059 =( NAMED_UNIT ( * ) SI_UNIT ( $, .STERADIAN. ) SOLID_ANGLE_UNIT ( ) );
#3060 = DIRECTION ( 'NONE',  ( -0.000000000000000000, 1.000000000000000000, 0.000000000000000000 ) ) ;
#3061 = STYLED_ITEM ( 'NONE', ( #953 ), #550 ) ;
#3062 = VERTEX_POINT ( 'NONE', #5172 ) ;
#3063 = UNCERTAINTY_MEASURE_WITH_UNIT (LENGTH_MEASURE( 1.000000000000000082E-05 ), #6285, 'distance_accuracy_value', 'NONE');
#3064 = ORIENTED_EDGE ( 'NONE', *, *, #4315, .F. ) ;
#3065 = FILL_AREA_STYLE_COLOUR ( '', #3829 ) ;
#3066 = DIRECTION ( 'NONE',  ( -1.000000000000000000, -0.000000000000000000, 0.000000000000000000 ) ) ;
#3067 = CARTESIAN_POINT ( 'NONE',  ( -6.780251405660887798, -1.632567503341825432, 2.000000000000000000 ) ) ;
#3068 = FACE_OUTER_BOUND ( 'NONE', #2213, .T. ) ;
#3069 = ORIENTED_EDGE ( 'NONE', *, *, #5639, .F. ) ;
#3070 = EDGE_CURVE ( 'NONE', #5805, #3881, #1155, .T. ) ;
#3071 = VERTEX_POINT ( 'NONE', #1707 ) ;
#3073 =( NAMED_UNIT ( * ) PLANE_ANGLE_UNIT ( ) SI_UNIT ( $, .RADIAN. ) );
#3072 = VECTOR ( 'NONE', #2715, 1000.000000000000000 ) ;
#3074 =( LENGTH_UNIT ( ) NAMED_UNIT ( * ) SI_UNIT ( .MILLI., .METRE. ) );
#3075 = VECTOR ( 'NONE', #4988, 1000.000000000000227 ) ;
#3076 = EDGE_CURVE ( 'NONE', #408, #1167, #684, .T. ) ;
#3077 = FILL_AREA_STYLE_COLOUR ( '', #2946 ) ;
#3078 = CARTESIAN_POINT ( 'NONE',  ( -4.500000000000000888, 3.419999999999999929, 5.400000000000000355 ) ) ;
#3079 = DIRECTION ( 'NONE',  ( 0.000000000000000000, 0.000000000000000000, -1.000000000000000000 ) ) ;
#3080 = AXIS2_PLACEMENT_3D ( 'NONE', #4384, #1957, #6356 ) ;
#3081 = ITEM_DEFINED_TRANSFORMATION ( 'NONE', 'NONE', #501,  #3487 ) ;
#3082 = CARTESIAN_POINT ( 'NONE',  ( -4.500000000000000888, 3.419999999999999929, -4.500000000000000888 ) ) ;
#3083 = COLOUR_RGB ( '',0.2509803921568627416, 0.2509803921568627416, 0.2509803921568627416 ) ;
#3084 = VECTOR ( 'NONE', #3889, 1000.000000000000000 ) ;
#3085 = EDGE_CURVE ( 'NONE', #1721, #701, #5621, .T. ) ;
#3086 = LINE ( 'NONE', #3056, #1101 ) ;
#3087 = VERTEX_POINT ( 'NONE', #2658 ) ;
#3088 =( GEOMETRIC_REPRESENTATION_CONTEXT ( 3 ) GLOBAL_UNCERTAINTY_ASSIGNED_CONTEXT ( ( #3691 ) ) GLOBAL_UNIT_ASSIGNED_CONTEXT ( ( #4145, #4615, #1219 ) ) REPRESENTATION_CONTEXT ( 'NONE', 'WORKASPACE' ) );
#3089 = COLOUR_RGB ( '',1.000000000000000000, 1.000000000000000000, 1.000000000000000000 ) ;
#3090 = CARTESIAN_POINT ( 'NONE',  ( 6.000000000000000000, 1.250000000003999912, 2.000000000000000000 ) ) ;
#3091 =( NAMED_UNIT ( * ) SI_UNIT ( $, .STERADIAN. ) SOLID_ANGLE_UNIT ( ) );
#3092 = ORIENTED_EDGE ( 'NONE', *, *, #168, .F. ) ;
#3093 = EDGE_CURVE ( 'NONE', #6082, #3488, #5324, .T. ) ;
#3094 =( GEOMETRIC_REPRESENTATION_CONTEXT ( 3 ) GLOBAL_UNCERTAINTY_ASSIGNED_CONTEXT ( ( #1621 ) ) GLOBAL_UNIT_ASSIGNED_CONTEXT ( ( #644, #4609, #155 ) ) REPRESENTATION_CONTEXT ( 'NONE', 'WORKASPACE' ) );
#3095 = ORIENTED_EDGE ( 'NONE', *, *, #1448, .F. ) ;
#3096 = SURFACE_STYLE_FILL_AREA ( #1006 ) ;
#3097 = FACE_OUTER_BOUND ( 'NONE', #3757, .T. ) ;
#3098 = PRESENTATION_LAYER_ASSIGNMENT (  '', '', ( #3618 ) ) ;
#3099 = SHAPE_REPRESENTATION_RELATIONSHIP ( 'NONE' , 'NONE' ,  #5607, #5121 ) ;
#3100 = AXIS2_PLACEMENT_3D ( 'NONE', #6250, #6315, #1829 ) ;
#3101 = FILL_AREA_STYLE_COLOUR ( '', #3943 ) ;
#3102 = EDGE_LOOP ( 'NONE', ( #4541, #3422 ) ) ;
#3103 = EDGE_LOOP ( 'NONE', ( #613, #2971, #548, #5039 ) ) ;
#3104 = DIRECTION ( 'NONE',  ( 0.000000000000000000, -1.000000000000000000, -2.220446049250000002E-16 ) ) ;
#3105 = PLANE ( 'NONE',  #566 ) ;
#3106 = COLOUR_RGB ( '',0.7960784313725489669, 0.8235294117647058432, 0.9372549019607843146 ) ;
#3107 = FILL_AREA_STYLE_COLOUR ( '', #1471 ) ;
#3108 = EDGE_CURVE ( 'NONE', #2247, #5123, #4715, .T. ) ;
#3109 = PRESENTATION_STYLE_ASSIGNMENT (( #4178 ) ) ;
#3110 = AXIS2_PLACEMENT_3D ( 'NONE', #3013, #2417, #4452 ) ;
#3111 = UNCERTAINTY_MEASURE_WITH_UNIT (LENGTH_MEASURE( 1.000000000000000082E-05 ), #5947, 'distance_accuracy_value', 'NONE');
#3112 = CARTESIAN_POINT ( 'NONE',  ( -6.674999999997999645, -1.699999999999999956, 2.000000000000000000 ) ) ;
#3113 = CARTESIAN_POINT ( 'NONE',  ( 6.431676668869999780, -1.145024611515000013, 2.000000000000000000 ) ) ;
#3114 = FILL_AREA_STYLE_COLOUR ( '', #1722 ) ;
#3115 =( LENGTH_UNIT ( ) NAMED_UNIT ( * ) SI_UNIT ( .MILLI., .METRE. ) );
#3116 = PRODUCT_CONTEXT ( 'NONE', #6372, 'mechanical' ) ;
#3117 = PRESENTATION_LAYER_ASSIGNMENT (  '', '', ( #4727 ) ) ;
#3118 = FILL_AREA_STYLE ('',( #2697 ) ) ;
#3119 = ORIENTED_EDGE ( 'NONE', *, *, #3646, .F. ) ;
#3120 = CARTESIAN_POINT ( 'NONE',  ( -6.022835988174000121, -3.394345434564999930, 2.000000000000000000 ) ) ;
#3121 = SHAPE_REPRESENTATION ( 'Body003', ( #3487 ), #1766 ) ;
#3122 = ADVANCED_FACE ( 'NONE', ( #4749 ), #162, .T. ) ;
#3123 = ORIENTED_EDGE ( 'NONE', *, *, #4086, .F. ) ;
#3124 =( GEOMETRIC_REPRESENTATION_CONTEXT ( 3 ) GLOBAL_UNCERTAINTY_ASSIGNED_CONTEXT ( ( #3643 ) ) GLOBAL_UNIT_ASSIGNED_CONTEXT ( ( #946, #2516, #32 ) ) REPRESENTATION_CONTEXT ( 'NONE', 'WORKASPACE' ) );
#3125 = UNCERTAINTY_MEASURE_WITH_UNIT (LENGTH_MEASURE( 1.000000000000000082E-05 ), #1347, 'distance_accuracy_value', 'NONE');
#3126 = AXIS2_PLACEMENT_3D ( 'NONE', #2078, #3066, #1070 ) ;
#3127 = VERTEX_POINT ( 'NONE', #1324 ) ;
#3128 = CYLINDRICAL_SURFACE ( 'NONE', #2571, 0.1249999999979999749 ) ;
#3129 = DIRECTION ( 'NONE',  ( 0.000000000000000000, -1.000000000000000000, -2.220446049250000002E-16 ) ) ;
#3130 = CARTESIAN_POINT ( 'NONE',  ( 6.000000000000000000, 1.250000000004000134, 2.000000000000000000 ) ) ;
#3131 = DIRECTION ( 'NONE',  ( -0.4226182617399908414, -0.9063077870369803390, 0.000000000000000000 ) ) ;
#3132 = EDGE_CURVE ( 'NONE', #4730, #1872, #5364, .T. ) ;
#3133 =( NAMED_UNIT ( * ) PLANE_ANGLE_UNIT ( ) SI_UNIT ( $, .RADIAN. ) );
#3135 = CARTESIAN_POINT ( 'NONE',  ( 6.431676668869999780, -1.145024611515000013, 0.5000000000000000000 ) ) ;
#3134 = AXIS2_PLACEMENT_3D ( 'NONE', #3774, #3744, #5763 ) ;
#3136 = VERTEX_POINT ( 'NONE', #5266 ) ;
#3137 = ORIENTED_EDGE ( 'NONE', *, *, #43, .T. ) ;
#3138 = ORIENTED_EDGE ( 'NONE', *, *, #1508, .T. ) ;
#3139 = SURFACE_STYLE_FILL_AREA ( #95 ) ;
#3140 = DIRECTION ( 'NONE',  ( 0.000000000000000000, -1.000000000000000000, -2.220446049250000002E-16 ) ) ;
#3141 = DIRECTION ( 'NONE',  ( 0.000000000000000000, 0.000000000000000000, 1.000000000000000000 ) ) ;
#3142 = FACE_OUTER_BOUND ( 'NONE', #1172, .T. ) ;
#3143 = ADVANCED_FACE ( 'NONE', ( #5863, #4847, #2223, #260, #1357 ), #3232, .T. ) ;
#3144 =( LENGTH_UNIT ( ) NAMED_UNIT ( * ) SI_UNIT ( .MILLI., .METRE. ) );
#3145 = FILL_AREA_STYLE ('',( #3114 ) ) ;
#3146 = CYLINDRICAL_SURFACE ( 'NONE', #1387, 0.5000000000000000000 ) ;
#3147 = SHAPE_DEFINITION_REPRESENTATION ( #4532, #5607 ) ;
#3148 = APPLICATION_CONTEXT ( 'automotive_design' ) ;
#3149 = DIRECTION ( 'NONE',  ( 0.000000000000000000, -1.000000000000000000, -2.220446049250000002E-16 ) ) ;
#3150 = VECTOR ( 'NONE', #1559, 1000.000000000000000 ) ;
#3151 = LINE ( 'NONE', #198, #5064 ) ;
#3152 = AXIS2_PLACEMENT_3D ( 'NONE', #1278, #6365, #6204 ) ;
#3153 = EDGE_CURVE ( 'NONE', #2817, #1579, #1830, .T. ) ;
#3154 = VERTEX_POINT ( 'NONE', #3330 ) ;
#3155 = CARTESIAN_POINT ( 'NONE',  ( 6.539696467728136398, -2.877484955009597112, 3.000000000000000444 ) ) ;
#3156 = MECHANICAL_DESIGN_GEOMETRIC_PRESENTATION_REPRESENTATION (  '', ( #2317 ), #436 ) ;
#3157 = FILL_AREA_STYLE ('',( #1273 ) ) ;
#3158 = VERTEX_POINT ( 'NONE', #6283 ) ;
#3159 =( GEOMETRIC_REPRESENTATION_CONTEXT ( 3 ) GLOBAL_UNCERTAINTY_ASSIGNED_CONTEXT ( ( #2190 ) ) GLOBAL_UNIT_ASSIGNED_CONTEXT ( ( #516, #3073, #3625 ) ) REPRESENTATION_CONTEXT ( 'NONE', 'WORKASPACE' ) );
#3160 =( GEOMETRIC_REPRESENTATION_CONTEXT ( 3 ) GLOBAL_UNCERTAINTY_ASSIGNED_CONTEXT ( ( #1754 ) ) GLOBAL_UNIT_ASSIGNED_CONTEXT ( ( #1884, #2343, #2471 ) ) REPRESENTATION_CONTEXT ( 'NONE', 'WORKASPACE' ) );
#3161 = AXIS2_PLACEMENT_3D ( 'NONE', #3434, #1022, #3977 ) ;
#3162 = CARTESIAN_POINT ( 'NONE',  ( 4.500000000000000888, 3.919999999999999929, 4.500000000000000888 ) ) ;
#3163 = CARTESIAN_POINT ( 'NONE',  ( -5.750000000000000000, 3.420000000000000373, -5.000000000000000888 ) ) ;
#3164 = CARTESIAN_POINT ( 'NONE',  ( 6.167977754569999860, -3.083087912069999881, 0.3750000000000000000 ) ) ;
#3165 = ORIENTED_EDGE ( 'NONE', *, *, #4848, .T. ) ;
#3166 = VECTOR ( 'NONE', #654, 1000.000000000000114 ) ;
#3167 = ADVANCED_FACE ( 'NONE', ( #3863 ), #5391, .T. ) ;
#3168 = ORIENTED_EDGE ( 'NONE', *, *, #1772, .T. ) ;
#3169 = PRESENTATION_STYLE_ASSIGNMENT (( #5746 ) ) ;
#3170 = SURFACE_STYLE_FILL_AREA ( #2087 ) ;
#3171 = LINE ( 'NONE', #5265, #2856 ) ;
#3172 = FILL_AREA_STYLE_COLOUR ( '', #2454 ) ;
#3173 = ADVANCED_FACE ( 'NONE', ( #6410 ), #2509, .F. ) ;
#3174 = STYLED_ITEM ( 'NONE', ( #935 ), #6265 ) ;
#3175 = UNCERTAINTY_MEASURE_WITH_UNIT (LENGTH_MEASURE( 1.000000000000000082E-05 ), #1230, 'distance_accuracy_value', 'NONE');
#3176 = DIRECTION ( 'NONE',  ( -0.000000000000000000, -0.000000000000000000, -1.000000000000000000 ) ) ;
#3177 = FACE_OUTER_BOUND ( 'NONE', #2805, .T. ) ;
#3178 = SURFACE_SIDE_STYLE ('',( #1656 ) ) ;
#3179 = PLANE ( 'NONE',  #3660 ) ;
#3180 = DIRECTION ( 'NONE',  ( -1.000000000000000000, 0.000000000000000000, 0.000000000000000000 ) ) ;
#3181 = UNCERTAINTY_MEASURE_WITH_UNIT (LENGTH_MEASURE( 1.000000000000000082E-05 ), #1084, 'distance_accuracy_value', 'NONE');
#3182 = CYLINDRICAL_SURFACE ( 'NONE', #3269, 0.1249999999979999749 ) ;
#3183 = APPLICATION_PROTOCOL_DEFINITION ( 'draft international standard', 'automotive_design', 1998, #6047 ) ;
#3184 = DIRECTION ( 'NONE',  ( 0.000000000000000000, 1.000000000000000000, 0.000000000000000000 ) ) ;
#3185 = CIRCLE ( 'NONE', #5606, 3.350000000000000089 ) ;
#3186 = CYLINDRICAL_SURFACE ( 'NONE', #3134, 0.1249999999979999749 ) ;
#3187 = ORIENTED_EDGE ( 'NONE', *, *, #5376, .F. ) ;
#3188 = UNCERTAINTY_MEASURE_WITH_UNIT (LENGTH_MEASURE( 1.000000000000000082E-05 ), #3115, 'distance_accuracy_value', 'NONE');
#3189 = PLANE ( 'NONE',  #874 ) ;
#3190 = SURFACE_STYLE_FILL_AREA ( #3644 ) ;
#3191 = VERTEX_POINT ( 'NONE', #5929 ) ;
#3192 = COLOUR_RGB ( '',0.7960784313725489669, 0.8235294117647058432, 0.9372549019607843146 ) ;
#3193 =( NAMED_UNIT ( * ) PLANE_ANGLE_UNIT ( ) SI_UNIT ( $, .RADIAN. ) );
#3194 = DIRECTION ( 'NONE',  ( 0.000000000000000000, -1.000000000000000000, -2.220446049250000002E-16 ) ) ;
#3195 = MECHANICAL_DESIGN_GEOMETRIC_PRESENTATION_REPRESENTATION (  '', ( #6428 ), #474 ) ;
#3196 = CARTESIAN_POINT ( 'NONE',  ( 4.500000000000000888, 3.419999999999999929, -4.500000000000000888 ) ) ;
#3197 = PRESENTATION_LAYER_ASSIGNMENT (  '', '', ( #5107 ) ) ;
#3198 = VERTEX_POINT ( 'NONE', #2968 ) ;
#3199 = ORIENTED_EDGE ( 'NONE', *, *, #4644, .T. ) ;
#3200 = ORIENTED_EDGE ( 'NONE', *, *, #1645, .T. ) ;
#3201 = LINE ( 'NONE', #6177, #3084 ) ;
#3202 = VECTOR ( 'NONE', #2212, 1000.000000000000000 ) ;
#3203 = DIRECTION ( 'NONE',  ( -0.4226182617379650730, -0.9063077870379250278, 0.000000000000000000 ) ) ;
#3204 = PRODUCT ( 'Body001', 'Body001', '', ( #1564 ) ) ;
#3205 = PRESENTATION_STYLE_ASSIGNMENT (( #2714 ) ) ;
#3206 =( NAMED_UNIT ( * ) SI_UNIT ( $, .STERADIAN. ) SOLID_ANGLE_UNIT ( ) );
#3207 = ADVANCED_FACE ( 'NONE', ( #1009 ), #936, .F. ) ;
#3208 = CARTESIAN_POINT ( 'NONE',  ( 6.184245783005000163, -0.7022974899789999892, -0.5000000000000000000 ) ) ;
#3209 =( GEOMETRIC_REPRESENTATION_CONTEXT ( 3 ) GLOBAL_UNCERTAINTY_ASSIGNED_CONTEXT ( ( #1445 ) ) GLOBAL_UNIT_ASSIGNED_CONTEXT ( ( #2787, #2515, #3009 ) ) REPRESENTATION_CONTEXT ( 'NONE', 'WORKASPACE' ) );
#3210 = LINE ( 'NONE', #1569, #3656 ) ;
#3211 =( NAMED_UNIT ( * ) SI_UNIT ( $, .STERADIAN. ) SOLID_ANGLE_UNIT ( ) );
#3212 = EDGE_CURVE ( 'NONE', #5052, #4599, #479, .T. ) ;
#3213 =( NAMED_UNIT ( * ) PLANE_ANGLE_UNIT ( ) SI_UNIT ( $, .RADIAN. ) );
#3214 =( GEOMETRIC_REPRESENTATION_CONTEXT ( 3 ) GLOBAL_UNCERTAINTY_ASSIGNED_CONTEXT ( ( #1157 ) ) GLOBAL_UNIT_ASSIGNED_CONTEXT ( ( #6418, #4423, #3946 ) ) REPRESENTATION_CONTEXT ( 'NONE', 'WORKASPACE' ) );
#3215 = PRESENTATION_STYLE_ASSIGNMENT (( #697 ) ) ;
#3216 = EDGE_LOOP ( 'NONE', ( #4162, #3036 ) ) ;
#3217 =( NAMED_UNIT ( * ) SI_UNIT ( $, .STERADIAN. ) SOLID_ANGLE_UNIT ( ) );
#3218 =( GEOMETRIC_REPRESENTATION_CONTEXT ( 3 ) GLOBAL_UNCERTAINTY_ASSIGNED_CONTEXT ( ( #2382 ) ) GLOBAL_UNIT_ASSIGNED_CONTEXT ( ( #4489, #3914, #1498 ) ) REPRESENTATION_CONTEXT ( 'NONE', 'WORKASPACE' ) );
#3219 = VERTEX_POINT ( 'NONE', #4410 ) ;
#3220 = EDGE_CURVE ( 'NONE', #1235, #6423, #6464, .T. ) ;
#3221 = DIRECTION ( 'NONE',  ( 0.000000000000000000, 0.000000000000000000, 1.000000000000000000 ) ) ;
#3222 = SURFACE_STYLE_USAGE ( .BOTH. , #6271 ) ;
#3223 =( NAMED_UNIT ( * ) SI_UNIT ( $, .STERADIAN. ) SOLID_ANGLE_UNIT ( ) );
#3224 = CARTESIAN_POINT ( 'NONE',  ( 0.000000000000000000, 3.419999999999999929, -8.700000000000000360E-16 ) ) ;
#3225 =( LENGTH_UNIT ( ) NAMED_UNIT ( * ) SI_UNIT ( .MILLI., .METRE. ) );
#3226 = STYLED_ITEM ( 'NONE', ( #259 ), #916 ) ;
#3227 = ORIENTED_EDGE ( 'NONE', *, *, #703, .T. ) ;
#3228 = ORIENTED_EDGE ( 'NONE', *, *, #1984, .T. ) ;
#3229 = DIRECTION ( 'NONE',  ( -0.000000000000000000, -0.000000000000000000, 1.000000000000000000 ) ) ;
#3230 =( GEOMETRIC_REPRESENTATION_CONTEXT ( 3 ) GLOBAL_UNCERTAINTY_ASSIGNED_CONTEXT ( ( #1440 ) ) GLOBAL_UNIT_ASSIGNED_CONTEXT ( ( #4729, #4185, #6230 ) ) REPRESENTATION_CONTEXT ( 'NONE', 'WORKASPACE' ) );
#3231 = VECTOR ( 'NONE', #4230, 1000.000000000000000 ) ;
#3232 = PLANE ( 'NONE',  #4159 ) ;
#3233 = UNCERTAINTY_MEASURE_WITH_UNIT (LENGTH_MEASURE( 1.000000000000000082E-05 ), #5540, 'distance_accuracy_value', 'NONE');
#3234 = EDGE_CURVE ( 'NONE', #3881, #1759, #1518, .T. ) ;
#3235 = DIRECTION ( 'NONE',  ( -0.000000000000000000, 1.000000000000000000, 0.000000000000000000 ) ) ;
#3236 = FACE_OUTER_BOUND ( 'NONE', #6311, .T. ) ;
#3237 = DIRECTION ( 'NONE',  ( 0.000000000000000000, 0.000000000000000000, -1.000000000000000000 ) ) ;
#3238 = LINE ( 'NONE', #3276, #4924 ) ;
#3239 = CARTESIAN_POINT ( 'NONE',  ( 6.375000000002000178, 0.8750000000019998447, 0.5000000000000000000 ) ) ;
#3240 = CARTESIAN_POINT ( 'NONE',  ( -6.000000000000000000, -2.659999999999999836E-15, -6.000000000000000000 ) ) ;
#3241 = UNCERTAINTY_MEASURE_WITH_UNIT (LENGTH_MEASURE( 1.000000000000000082E-05 ), #1163, 'distance_accuracy_value', 'NONE');
#3242 = DIRECTION ( 'NONE',  ( 0.000000000000000000, 1.000000000000000000, 2.220446049250000002E-16 ) ) ;
#3243 = MECHANICAL_DESIGN_GEOMETRIC_PRESENTATION_REPRESENTATION (  '', ( #5263 ), #4094 ) ;
#3244 = FILL_AREA_STYLE_COLOUR ( '', #4795 ) ;
#3245 = FACE_BOUND ( 'NONE', #4100, .T. ) ;
#3246 = ORIENTED_EDGE ( 'NONE', *, *, #1820, .T. ) ;
#3247 = EDGE_CURVE ( 'NONE', #4992, #1902, #1209, .T. ) ;
#3248 = FILL_AREA_STYLE_COLOUR ( '', #2718 ) ;
#3249 = ORIENTED_EDGE ( 'NONE', *, *, #724, .T. ) ;
#3250 = PRESENTATION_LAYER_ASSIGNMENT (  '', '', ( #2825 ) ) ;
#3251 = UNCERTAINTY_MEASURE_WITH_UNIT (LENGTH_MEASURE( 1.000000000000000082E-05 ), #4133, 'distance_accuracy_value', 'NONE');
#3252 = CARTESIAN_POINT ( 'NONE',  ( 0.000000000000000000, 3.919999999999999929, -5.750000000000000000 ) ) ;
#3253 = STYLED_ITEM ( 'NONE', ( #5592 ), #604 ) ;
#3254 =( NAMED_UNIT ( * ) PLANE_ANGLE_UNIT ( ) SI_UNIT ( $, .RADIAN. ) );
#3255 = SURFACE_STYLE_FILL_AREA ( #3157 ) ;
#3256 = ORIENTED_EDGE ( 'NONE', *, *, #4257, .T. ) ;
#3257 = DIRECTION ( 'NONE',  ( 0.000000000000000000, 0.000000000000000000, -1.000000000000000000 ) ) ;
#3258 = CARTESIAN_POINT ( 'NONE',  ( -5.750000000000000000, 3.919999999999999929, 9.500000000000000294E-17 ) ) ;
#3259 = DIRECTION ( 'NONE',  ( -0.000000000000000000, -0.000000000000000000, -1.000000000000000000 ) ) ;
#3260 = SURFACE_STYLE_FILL_AREA ( #1245 ) ;
#3261 = EDGE_LOOP ( 'NONE', ( #4434, #3773, #1915, #3498, #5392, #330 ) ) ;
#3262 = AXIS2_PLACEMENT_3D ( 'NONE', #2795, #2416, #3375 ) ;
#3263 = VERTEX_POINT ( 'NONE', #2113 ) ;
#3264 = ORIENTED_EDGE ( 'NONE', *, *, #4482, .T. ) ;
#3265 = DIRECTION ( 'NONE',  ( -1.000000000000000000, 0.000000000000000000, 0.000000000000000000 ) ) ;
#3266 = SURFACE_SIDE_STYLE ('',( #3727 ) ) ;
#3267 = VECTOR ( 'NONE', #2720, 1000.000000000000114 ) ;
#3268 = CARTESIAN_POINT ( 'NONE',  ( -4.500000000000000888, 3.419999999999999929, -3.600000000000000533 ) ) ;
#3269 = AXIS2_PLACEMENT_3D ( 'NONE', #1686, #4689, #2596 ) ;
#3270 = EDGE_CURVE ( 'NONE', #569, #1097, #674, .T. ) ;
#3271 = EDGE_CURVE ( 'NONE', #3284, #1902, #5191, .T. ) ;
#3272 = FACE_OUTER_BOUND ( 'NONE', #5022, .T. ) ;
#3273 = PLANE ( 'NONE',  #5332 ) ;
#3274 =( NAMED_UNIT ( * ) PLANE_ANGLE_UNIT ( ) SI_UNIT ( $, .RADIAN. ) );
#3275 = FILL_AREA_STYLE ('',( #3767 ) ) ;
#3276 = CARTESIAN_POINT ( 'NONE',  ( 5.000000000000000000, 3.419999999999999929, -5.750000000000000000 ) ) ;
#3277 = DIRECTION ( 'NONE',  ( 0.000000000000000000, 0.000000000000000000, -1.000000000000000000 ) ) ;
#3278 = DIRECTION ( 'NONE',  ( -0.4226182617383951734, 0.9063077870377244105, 0.000000000000000000 ) ) ;
#3279 = CARTESIAN_POINT ( 'NONE',  ( -6.000000000000000000, 0.000000000000000000, -6.000000000000000000 ) ) ;
#3280 = ORIENTED_EDGE ( 'NONE', *, *, #5589, .F. ) ;
#3281 = FILL_AREA_STYLE_COLOUR ( '', #6044 ) ;
#3282 = FILL_AREA_STYLE ('',( #1309 ) ) ;
#3283 = ADVANCED_FACE ( 'NONE', ( #4135 ), #4709, .T. ) ;
#3284 = VERTEX_POINT ( 'NONE', #1110 ) ;
#3285 = STYLED_ITEM ( 'NONE', ( #1659 ), #6037 ) ;
#3286 =( LENGTH_UNIT ( ) NAMED_UNIT ( * ) SI_UNIT ( .MILLI., .METRE. ) );
#3287 = AXIS2_PLACEMENT_3D ( 'NONE', #111, #5082, #6 ) ;
#3288 =( NAMED_UNIT ( * ) PLANE_ANGLE_UNIT ( ) SI_UNIT ( $, .RADIAN. ) );
#3289 = DIRECTION ( 'NONE',  ( 0.000000000000000000, -2.220446049250000002E-16, 1.000000000000000000 ) ) ;
#3290 = MECHANICAL_DESIGN_GEOMETRIC_PRESENTATION_REPRESENTATION (  '', ( #1534 ), #4794 ) ;
#3291 = EDGE_CURVE ( 'NONE', #435, #3354, #4071, .T. ) ;
#3292 = CARTESIAN_POINT ( 'NONE',  ( 6.394748594337227310, -0.5674324966581004714, 3.000000000000000000 ) ) ;
#3293 = ORIENTED_EDGE ( 'NONE', *, *, #5414, .F. ) ;
#3294 = AXIS2_PLACEMENT_3D ( 'NONE', #1115, #3659, #5100 ) ;
#3295 = EDGE_LOOP ( 'NONE', ( #3228, #2340, #2603, #698 ) ) ;
#3296 = CARTESIAN_POINT ( 'NONE',  ( 6.124999999997999822, 0.8750000000020000668, 2.000000000000000000 ) ) ;
#3297 = SURFACE_STYLE_USAGE ( .BOTH. , #5807 ) ;
#3298 =( GEOMETRIC_REPRESENTATION_CONTEXT ( 3 ) GLOBAL_UNCERTAINTY_ASSIGNED_CONTEXT ( ( #3450 ) ) GLOBAL_UNIT_ASSIGNED_CONTEXT ( ( #1189, #4915, #6348 ) ) REPRESENTATION_CONTEXT ( 'NONE', 'WORKASPACE' ) );
#3299 = AXIS2_PLACEMENT_3D ( 'NONE', #1141, #208, #670 ) ;
#3300 = CARTESIAN_POINT ( 'NONE',  ( 0.000000000000000000, 0.000000000000000000, 0.000000000000000000 ) ) ;
#3301 =( NAMED_UNIT ( * ) PLANE_ANGLE_UNIT ( ) SI_UNIT ( $, .RADIAN. ) );
#3302 = SURFACE_STYLE_USAGE ( .BOTH. , #810 ) ;
#3303 = VECTOR ( 'NONE', #6173, 1000.000000000000227 ) ;
#3304 = CARTESIAN_POINT ( 'NONE',  ( -6.780251405660999708, -1.632567503341999959, 3.000000000000000000 ) ) ;
#3305 = PRESENTATION_STYLE_ASSIGNMENT (( #1330 ) ) ;
#3306 = FILL_AREA_STYLE_COLOUR ( '', #5459 ) ;
#3307 = ADVANCED_FACE ( 'NONE', ( #6089 ), #1178, .F. ) ;
#3308 = CARTESIAN_POINT ( 'NONE',  ( 1.836970198721029934E-16, 4.599999999999999645, 1.500000000000000000 ) ) ;
#3309 = CARTESIAN_POINT ( 'NONE',  ( -6.674999999997999645, -1.699999999999999956, -3.000000000000000000 ) ) ;
#3310 = UNCERTAINTY_MEASURE_WITH_UNIT (LENGTH_MEASURE( 1.000000000000000082E-05 ), #179, 'distance_accuracy_value', 'NONE');
#3311 = PLANE ( 'NONE',  #1280 ) ;
#3312 = MECHANICAL_DESIGN_GEOMETRIC_PRESENTATION_REPRESENTATION (  '', ( #1753 ), #2054 ) ;
#3313 = SURFACE_STYLE_USAGE ( .BOTH. , #6359 ) ;
#3314 = AXIS2_PLACEMENT_3D ( 'NONE', #1194, #3180, #5204 ) ;
#3315 = VERTEX_POINT ( 'NONE', #4099 ) ;
#3316 = DIRECTION ( 'NONE',  ( 0.000000000000000000, 0.9496656485285897009, 0.3132653124825234281 ) ) ;
#3317 = DIRECTION ( 'NONE',  ( 1.000000000000000000, 0.000000000000000000, 0.000000000000000000 ) ) ;
#3318 = ORIENTED_EDGE ( 'NONE', *, *, #4908, .T. ) ;
#3319 = DIRECTION ( 'NONE',  ( -0.000000000000000000, -1.000000000000000000, -0.000000000000000000 ) ) ;
#3320 = EDGE_CURVE ( 'NONE', #2468, #5805, #4199, .T. ) ;
#3321 = CARTESIAN_POINT ( 'NONE',  ( 4.999999999999999112, 3.919999999999999929, 5.750000000000000000 ) ) ;
#3322 = CARTESIAN_POINT ( 'NONE',  ( -4.999999999999999112, 3.919999999999999929, -5.750000000000000000 ) ) ;
#3323 = FACE_OUTER_BOUND ( 'NONE', #3588, .T. ) ;
#3324 = EDGE_LOOP ( 'NONE', ( #6209, #892, #2870, #125 ) ) ;
#3325 = ORIENTED_EDGE ( 'NONE', *, *, #611, .T. ) ;
#3326 = SURFACE_SIDE_STYLE ('',( #6277 ) ) ;
#3327 = EDGE_CURVE ( 'NONE', #3219, #400, #834, .T. ) ;
#3328 = CARTESIAN_POINT ( 'NONE',  ( -6.124999999997999822, 0.8750000000019999558, -3.000000000000000000 ) ) ;
#3329 = CARTESIAN_POINT ( 'NONE',  ( 6.375000000002000178, -0.5000000000000000000, -0.5000000000000000000 ) ) ;
#3330 = CARTESIAN_POINT ( 'NONE',  ( 6.124999999997999822, 0.8750000000020000668, 2.000000000000000000 ) ) ;
#3331 = VECTOR ( 'NONE', #6248, 1000.000000000000114 ) ;
#3332 = PRESENTATION_LAYER_ASSIGNMENT (  '', '', ( #2910 ) ) ;
#3333 = DIRECTION ( 'NONE',  ( 0.000000000000000000, -1.000000000000000000, 0.000000000000000000 ) ) ;
#3334 = SURFACE_STYLE_USAGE ( .BOTH. , #4499 ) ;
#3335 = PRESENTATION_LAYER_ASSIGNMENT (  '', '', ( #1780 ) ) ;
#3336 = DIRECTION ( 'NONE',  ( -1.000000000000000000, 0.000000000000000000, 0.000000000000000000 ) ) ;
#3337 = SURFACE_STYLE_FILL_AREA ( #5487 ) ;
#3338 = MECHANICAL_DESIGN_GEOMETRIC_PRESENTATION_REPRESENTATION (  '', ( #3025 ), #4772 ) ;
#3339 = CARTESIAN_POINT ( 'NONE',  ( -6.799999999995999467, -1.699999999999999956, 3.000000000000000000 ) ) ;
#3340 = CARTESIAN_POINT ( 'NONE',  ( 0.000000000000000000, 3.419999999999999929, -3.350000000000000089 ) ) ;
#3341 = COLOUR_RGB ( '',0.7960784313725489669, 0.8235294117647058432, 0.9372549019607843146 ) ;
#3342 = EDGE_CURVE ( 'NONE', #1598, #871, #2050, .T. ) ;
#3343 = FILL_AREA_STYLE_COLOUR ( '', #5698 ) ;
#3344 = PRESENTATION_STYLE_ASSIGNMENT (( #2796 ) ) ;
#3345 = PLANE ( 'NONE',  #774 ) ;
#3346 = EDGE_CURVE ( 'NONE', #3027, #6116, #5930, .T. ) ;
#3347 = ORIENTED_EDGE ( 'NONE', *, *, #5551, .T. ) ;
#3348 = COLOUR_RGB ( '',1.000000000000000000, 1.000000000000000000, 1.000000000000000000 ) ;
#3349 = DIRECTION ( 'NONE',  ( 0.000000000000000000, 0.000000000000000000, -1.000000000000000000 ) ) ;
#3350 =( GEOMETRIC_REPRESENTATION_CONTEXT ( 3 ) GLOBAL_UNCERTAINTY_ASSIGNED_CONTEXT ( ( #4320 ) ) GLOBAL_UNIT_ASSIGNED_CONTEXT ( ( #3074, #1556, #1617 ) ) REPRESENTATION_CONTEXT ( 'NONE', 'WORKASPACE' ) );
#3351 = APPLICATION_CONTEXT ( 'automotive_design' ) ;
#3352 = ORIENTED_EDGE ( 'NONE', *, *, #5934, .F. ) ;
#3353 = PRODUCT_RELATED_PRODUCT_CATEGORY ( 'part', '', ( #4216 ) ) ;
#3354 = VERTEX_POINT ( 'NONE', #3292 ) ;
#3355 = SURFACE_STYLE_USAGE ( .BOTH. , #3326 ) ;
#3356 =( NAMED_UNIT ( * ) PLANE_ANGLE_UNIT ( ) SI_UNIT ( $, .RADIAN. ) );
#3357 = AXIS2_PLACEMENT_3D ( 'NONE', #3112, #2193, #166 ) ;
#3358 =( NAMED_UNIT ( * ) PLANE_ANGLE_UNIT ( ) SI_UNIT ( $, .RADIAN. ) );
#3359 = CARTESIAN_POINT ( 'NONE',  ( 5.375000000000000000, 3.419999999999999929, 5.375000000000000000 ) ) ;
#3360 = STYLED_ITEM ( 'NONE', ( #5505 ), #3442 ) ;
#3361 =( NAMED_UNIT ( * ) SI_UNIT ( $, .STERADIAN. ) SOLID_ANGLE_UNIT ( ) );
#3362 = ADVANCED_FACE ( 'NONE', ( #3323 ), #4235, .F. ) ;
#3363 = AXIS2_PLACEMENT_3D ( 'NONE', #5167, #6063, #5546 ) ;
#3364 = EDGE_LOOP ( 'NONE', ( #668, #1105, #3318, #2925, #3530, #391 ) ) ;
#3365 = MECHANICAL_DESIGN_GEOMETRIC_PRESENTATION_REPRESENTATION (  '', ( #21 ), #3054 ) ;
#3366 = SURFACE_STYLE_USAGE ( .BOTH. , #3901 ) ;
#3367 = ORIENTED_EDGE ( 'NONE', *, *, #464, .F. ) ;
#3368 = FILL_AREA_STYLE ('',( #849 ) ) ;
#3369 = CARTESIAN_POINT ( 'NONE',  ( 6.539696467728136398, -2.877484955009597112, 0.5000000000000003331 ) ) ;
#3370 = UNCERTAINTY_MEASURE_WITH_UNIT (LENGTH_MEASURE( 1.000000000000000082E-05 ), #3508, 'distance_accuracy_value', 'NONE');
#3371 = ADVANCED_FACE ( 'NONE', ( #1726 ), #2335, .T. ) ;
#3372 = CARTESIAN_POINT ( 'NONE',  ( 6.375000000002000178, 0.8750000000019998447, 2.000000000000000000 ) ) ;
#3373 = AXIS2_PLACEMENT_3D ( 'NONE', #358, #2840, #4918 ) ;
#3374 = STYLED_ITEM ( 'NONE', ( #1152 ), #49 ) ;
#3375 = DIRECTION ( 'NONE',  ( -1.000000000000000000, 0.000000000000000000, 0.000000000000000000 ) ) ;
#3376 = FILL_AREA_STYLE_COLOUR ( '', #603 ) ;
#3377 = FILL_AREA_STYLE ('',( #2988 ) ) ;
#3378 = ORIENTED_EDGE ( 'NONE', *, *, #2808, .T. ) ;
#3379 = VERTEX_POINT ( 'NONE', #315 ) ;
#3380 = DIRECTION ( 'NONE',  ( 0.000000000000000000, -1.000000000000000000, -2.220446049250000002E-16 ) ) ;
#3381 = EDGE_CURVE ( 'NONE', #4275, #3854, #4809, .T. ) ;
#3382 = VECTOR ( 'NONE', #1271, 1000.000000000000000 ) ;
#3383 = ORIENTED_EDGE ( 'NONE', *, *, #5769, .F. ) ;
#3384 = UNCERTAINTY_MEASURE_WITH_UNIT (LENGTH_MEASURE( 1.000000000000000082E-05 ), #4888, 'distance_accuracy_value', 'NONE');
#3385 = EDGE_LOOP ( 'NONE', ( #1004, #2245, #1468, #381 ) ) ;
#3386 = FILL_AREA_STYLE_COLOUR ( '', #1339 ) ;
#3387 = CARTESIAN_POINT ( 'NONE',  ( 6.431676668869999780, -1.145024611515000013, -0.5000000000000000000 ) ) ;
#3388 = SURFACE_SIDE_STYLE ('',( #6378 ) ) ;
#3389 = FILL_AREA_STYLE ('',( #1947 ) ) ;
#3390 = ORIENTED_EDGE ( 'NONE', *, *, #250, .T. ) ;
#3391 = DIRECTION ( 'NONE',  ( 0.000000000000000000, 0.000000000000000000, 1.000000000000000000 ) ) ;
#3392 = MECHANICAL_DESIGN_GEOMETRIC_PRESENTATION_REPRESENTATION (  '', ( #1930 ), #2455 ) ;
#3393 = EDGE_CURVE ( 'NONE', #4139, #4531, #4484, .T. ) ;
#3394 = ORIENTED_EDGE ( 'NONE', *, *, #5673, .T. ) ;
#3395 = CARTESIAN_POINT ( 'NONE',  ( 4.500000000000000888, 3.919999999999999929, -4.500000000000000888 ) ) ;
#3396 = CARTESIAN_POINT ( 'NONE',  ( 6.000000000000000000, 0.8750000000019999558, 0.5000000000000000000 ) ) ;
#3397 = FILL_AREA_STYLE_COLOUR ( '', #635 ) ;
#3398 = PRESENTATION_STYLE_ASSIGNMENT (( #5428 ) ) ;
#3399 = PRESENTATION_LAYER_ASSIGNMENT (  '', '', ( #1546 ) ) ;
#3400 = PRESENTATION_LAYER_ASSIGNMENT (  '', '', ( #4805 ) ) ;
#3401 = DIRECTION ( 'NONE',  ( -0.000000000000000000, 0.000000000000000000, 1.000000000000000000 ) ) ;
#3402 = CARTESIAN_POINT ( 'NONE',  ( 6.022835988173979693, -3.394345434565043007, 2.750000000000130118 ) ) ;
#3403 = ADVANCED_FACE ( 'NONE', ( #2398 ), #1972, .T. ) ;
#3404 = AXIS2_PLACEMENT_3D ( 'NONE', #3135, #2612, #60 ) ;
#3405 = CARTESIAN_POINT ( 'NONE',  ( 6.000000000000000000, 0.8750000000019999558, 2.000000000000000000 ) ) ;
#3406 = AXIS2_PLACEMENT_3D ( 'NONE', #192, #4115, #4720 ) ;
#3407 = CARTESIAN_POINT ( 'NONE',  ( 0.000000000000000000, 0.000000000000000000, 0.000000000000000000 ) ) ;
#3408 = CARTESIAN_POINT ( 'NONE',  ( -6.394748594336999936, -0.5674324966579999963, 2.000000000000000000 ) ) ;
#3409 = EDGE_LOOP ( 'NONE', ( #202, #4466, #1638, #93 ) ) ;
#3410 =( NAMED_UNIT ( * ) SI_UNIT ( $, .STERADIAN. ) SOLID_ANGLE_UNIT ( ) );
#3411 = LINE ( 'NONE', #5439, #3446 ) ;
#3412 = VECTOR ( 'NONE', #69, 1000.000000000000000 ) ;
#3413 = SURFACE_SIDE_STYLE ('',( #4031 ) ) ;
#3414 = VERTEX_POINT ( 'NONE', #3920 ) ;
#3415 = VECTOR ( 'NONE', #2519, 1000.000000000000227 ) ;
#3416 = ADVANCED_FACE ( 'NONE', ( #5884 ), #1509, .T. ) ;
#3417 = VERTEX_POINT ( 'NONE', #4904 ) ;
#3418 = CARTESIAN_POINT ( 'NONE',  ( -6.000000000000000000, 0.8750000000019999558, 3.000000000000000000 ) ) ;
#3419 = FILL_AREA_STYLE_COLOUR ( '', #2783 ) ;
#3420 = ORIENTED_EDGE ( 'NONE', *, *, #6366, .T. ) ;
#3421 = COLOUR_RGB ( '',0.7921568627450980005, 0.8196078431372548767, 0.9333333333333333481 ) ;
#3422 = ORIENTED_EDGE ( 'NONE', *, *, #3686, .F. ) ;
#3423 = CARTESIAN_POINT ( 'NONE',  ( -6.124999999997999822, -0.5000000000000000000, -3.000000000000000000 ) ) ;
#3424 = DIRECTION ( 'NONE',  ( 0.4226182617399908414, 0.9063077870369803390, -0.000000000000000000 ) ) ;
#3425 = PLANE ( 'NONE',  #1725 ) ;
#3426 = PRODUCT_DEFINITION_FORMATION_WITH_SPECIFIED_SOURCE ( 'ANY', '', #67, .NOT_KNOWN. ) ;
#3427 = UNCERTAINTY_MEASURE_WITH_UNIT (LENGTH_MEASURE( 1.000000000000000082E-05 ), #4687, 'distance_accuracy_value', 'NONE');
#3428 = SURFACE_STYLE_USAGE ( .BOTH. , #558 ) ;
#3429 = SURFACE_STYLE_USAGE ( .BOTH. , #1020 ) ;
#3430 = SURFACE_STYLE_FILL_AREA ( #1460 ) ;
#3431 = PRESENTATION_LAYER_ASSIGNMENT (  '', '', ( #1775 ) ) ;
#3432 = EDGE_CURVE ( 'NONE', #1731, #5358, #2526, .T. ) ;
#3433 = COLOUR_RGB ( '',0.2509803921568627416, 0.2509803921568627416, 0.2509803921568627416 ) ;
#3434 = CARTESIAN_POINT ( 'NONE',  ( 4.500000000000000888, 3.419999999999999929, 4.500000000000000888 ) ) ;
#3435 = CYLINDRICAL_SURFACE ( 'NONE', #4292, 0.8999999999999998002 ) ;
#3436 = DIRECTION ( 'NONE',  ( -1.000000000000000000, 0.000000000000000000, 0.000000000000000000 ) ) ;
#3437 = CARTESIAN_POINT ( 'NONE',  ( -7.014865420137913254, -1.858481848153472393, 3.000000000000000444 ) ) ;
#3438 = DIRECTION ( 'NONE',  ( 1.000000000000000000, 0.000000000000000000, 0.000000000000000000 ) ) ;
#3439 =( GEOMETRIC_REPRESENTATION_CONTEXT ( 3 ) GLOBAL_UNCERTAINTY_ASSIGNED_CONTEXT ( ( #2862 ) ) GLOBAL_UNIT_ASSIGNED_CONTEXT ( ( #4528, #1543, #3059 ) ) REPRESENTATION_CONTEXT ( 'NONE', 'WORKASPACE' ) );
#3440 = ORIENTED_EDGE ( 'NONE', *, *, #3291, .T. ) ;
#3441 = ORIENTED_EDGE ( 'NONE', *, *, #4908, .F. ) ;
#3442 = ADVANCED_FACE ( 'NONE', ( #2895 ), #6453, .F. ) ;
#3443 = ORIENTED_EDGE ( 'NONE', *, *, #2001, .T. ) ;
#3444 = CARTESIAN_POINT ( 'NONE',  ( -6.674999999997999645, -1.699999999999999956, 3.000000000000000000 ) ) ;
#3445 =( NAMED_UNIT ( * ) PLANE_ANGLE_UNIT ( ) SI_UNIT ( $, .RADIAN. ) );
#3447 =( LENGTH_UNIT ( ) NAMED_UNIT ( * ) SI_UNIT ( .MILLI., .METRE. ) );
#3446 = VECTOR ( 'NONE', #2994, 1000.000000000000000 ) ;
#3448 = ORIENTED_EDGE ( 'NONE', *, *, #1113, .T. ) ;
#3449 = EDGE_CURVE ( 'NONE', #432, #3622, #273, .T. ) ;
#3450 = UNCERTAINTY_MEASURE_WITH_UNIT (LENGTH_MEASURE( 1.000000000000000082E-05 ), #1189, 'distance_accuracy_value', 'NONE');
#3451 = VERTEX_POINT ( 'NONE', #4693 ) ;
#3452 = DIRECTION ( 'NONE',  ( 0.000000000000000000, -1.000000000000000000, -2.220446049250000002E-16 ) ) ;
#3453 = CARTESIAN_POINT ( 'NONE',  ( 6.375000000002000178, -0.5000000000000000000, -0.5000000000000000000 ) ) ;
#3454 = SURFACE_STYLE_USAGE ( .BOTH. , #1945 ) ;
#3455 =( LENGTH_UNIT ( ) NAMED_UNIT ( * ) SI_UNIT ( .MILLI., .METRE. ) );
#3456 =( GEOMETRIC_REPRESENTATION_CONTEXT ( 3 ) GLOBAL_UNCERTAINTY_ASSIGNED_CONTEXT ( ( #2732 ) ) GLOBAL_UNIT_ASSIGNED_CONTEXT ( ( #5309, #2814, #486 ) ) REPRESENTATION_CONTEXT ( 'NONE', 'WORKASPACE' ) );
#3457 = CIRCLE ( 'NONE', #2632, 0.9000000000000002442 ) ;
#3458 = ORIENTED_EDGE ( 'NONE', *, *, #3896, .F. ) ;
#3459 = VERTEX_POINT ( 'NONE', #2531 ) ;
#3460 = FILL_AREA_STYLE_COLOUR ( '', #1615 ) ;
#3461 = CARTESIAN_POINT ( 'NONE',  ( -4.500000000000000888, 3.419999999999999929, -4.500000000000000888 ) ) ;
#3462 = ORIENTED_EDGE ( 'NONE', *, *, #3153, .T. ) ;
#3463 = VECTOR ( 'NONE', #2792, 1000.000000000000000 ) ;
#3464 = DIRECTION ( 'NONE',  ( -1.000000000000000000, 7.228014483198138809E-15, 0.000000000000000000 ) ) ;
#3465 = CARTESIAN_POINT ( 'NONE',  ( 6.022835988173979693, -3.394345434565043007, -0.2500000000001297296 ) ) ;
#3466 = EDGE_CURVE ( 'NONE', #408, #4671, #3151, .T. ) ;
#3467 = CARTESIAN_POINT ( 'NONE',  ( 0.000000000000000000, 3.419999999999999929, 0.000000000000000000 ) ) ;
#3468 = AXIS2_PLACEMENT_3D ( 'NONE', #3534, #2546, #4612 ) ;
#3469 = STYLED_ITEM ( 'NONE', ( #2639 ), #2517 ) ;
#3470 = STYLED_ITEM ( 'NONE', ( #4639 ), #347 ) ;
#3471 =( GEOMETRIC_REPRESENTATION_CONTEXT ( 3 ) GLOBAL_UNCERTAINTY_ASSIGNED_CONTEXT ( ( #1739 ) ) GLOBAL_UNIT_ASSIGNED_CONTEXT ( ( #5844, #1925, #1395 ) ) REPRESENTATION_CONTEXT ( 'NONE', 'WORKASPACE' ) );
#3472 = SURFACE_SIDE_STYLE ('',( #6445 ) ) ;
#3473 = FACE_OUTER_BOUND ( 'NONE', #2512, .T. ) ;
#3474 = STYLED_ITEM ( 'NONE', ( #5926 ), #1531 ) ;
#3475 = CARTESIAN_POINT ( 'NONE',  ( 6.780251405660767894, -1.632567503342147841, 2.000000000000000000 ) ) ;
#3476 = PLANE ( 'NONE',  #2754 ) ;
#3477 = AXIS2_PLACEMENT_3D ( 'NONE', #5519, #1952, #5004 ) ;
#3478 = DIRECTION ( 'NONE',  ( 0.000000000000000000, 0.000000000000000000, 1.000000000000000000 ) ) ;
#3479 = CIRCLE ( 'NONE', #4213, 0.8999999999999998002 ) ;
#3480 =( GEOMETRIC_REPRESENTATION_CONTEXT ( 3 ) GLOBAL_UNCERTAINTY_ASSIGNED_CONTEXT ( ( #5246 ) ) GLOBAL_UNIT_ASSIGNED_CONTEXT ( ( #4342, #5231, #712 ) ) REPRESENTATION_CONTEXT ( 'NONE', 'WORKASPACE' ) );
#3481 = ORIENTED_EDGE ( 'NONE', *, *, #24, .T. ) ;
#3482 = APPLICATION_CONTEXT ( 'automotive_design' ) ;
#3483 = DIRECTION ( 'NONE',  ( 0.000000000000000000, 0.000000000000000000, -1.000000000000000000 ) ) ;
#3484 = EDGE_CURVE ( 'NONE', #3414, #5832, #4112, .T. ) ;
#3485 = SURFACE_SIDE_STYLE ('',( #502 ) ) ;
#3486 = ORIENTED_EDGE ( 'NONE', *, *, #808, .T. ) ;
#3487 = AXIS2_PLACEMENT_3D ( 'NONE', #5808, #3141, #5170 ) ;
#3488 = VERTEX_POINT ( 'NONE', #2265 ) ;
#3489 = CARTESIAN_POINT ( 'NONE',  ( -6.990754216992518089, -1.497702510021309275, -3.000000000000000000 ) ) ;
#3490 =( NAMED_UNIT ( * ) PLANE_ANGLE_UNIT ( ) SI_UNIT ( $, .RADIAN. ) );
#3491 = EDGE_CURVE ( 'NONE', #1800, #532, #4255, .T. ) ;
#3492 =( NAMED_UNIT ( * ) SI_UNIT ( $, .STERADIAN. ) SOLID_ANGLE_UNIT ( ) );
#3493 = SURFACE_STYLE_USAGE ( .BOTH. , #388 ) ;
#3494 = VERTEX_POINT ( 'NONE', #4183 ) ;
#3495 = AXIS2_PLACEMENT_3D ( 'NONE', #1891, #5456, #2411 ) ;
#3496 = ORIENTED_EDGE ( 'NONE', *, *, #4075, .F. ) ;
#3497 = SURFACE_STYLE_FILL_AREA ( #5007 ) ;
#3498 = ORIENTED_EDGE ( 'NONE', *, *, #6457, .F. ) ;
#3499 = CARTESIAN_POINT ( 'NONE',  ( 4.500000000000000888, 3.419999999999999929, -4.500000000000000888 ) ) ;
#3500 = MECHANICAL_DESIGN_GEOMETRIC_PRESENTATION_REPRESENTATION (  '', ( #2239 ), #6019 ) ;
#3501 =( LENGTH_UNIT ( ) NAMED_UNIT ( * ) SI_UNIT ( .MILLI., .METRE. ) );
#3502 = CARTESIAN_POINT ( 'NONE',  ( 6.375000000002000178, 0.8750000000019999558, -0.5000000000000000000 ) ) ;
#3503 = CARTESIAN_POINT ( 'NONE',  ( 6.124999999997999822, -0.5000000000000000000, -0.5000000000000000000 ) ) ;
#3504 = VECTOR ( 'NONE', #159, 1000.000000000000000 ) ;
#3505 = EDGE_CURVE ( 'NONE', #2406, #435, #722, .T. ) ;
#3506 = CARTESIAN_POINT ( 'NONE',  ( 4.500000000000000888, 2.919999999999999929, -4.500000000000000888 ) ) ;
#3507 =( NAMED_UNIT ( * ) PLANE_ANGLE_UNIT ( ) SI_UNIT ( $, .RADIAN. ) );
#3508 =( LENGTH_UNIT ( ) NAMED_UNIT ( * ) SI_UNIT ( .MILLI., .METRE. ) );
#3509 = FILL_AREA_STYLE ('',( #139 ) ) ;
#3510 = CARTESIAN_POINT ( 'NONE',  ( 6.000000000000000000, 1.250000000003999912, -0.5000000000000000000 ) ) ;
#3511 = DIRECTION ( 'NONE',  ( 0.000000000000000000, 0.000000000000000000, 1.000000000000000000 ) ) ;
#3512 = VECTOR ( 'NONE', #2187, 1000.000000000000000 ) ;
#3513 = DIRECTION ( 'NONE',  ( 0.000000000000000000, 0.000000000000000000, -1.000000000000000000 ) ) ;
#3514 = CARTESIAN_POINT ( 'NONE',  ( 1.905000000000000027, 7.360000000000000320, -1.905000000000000027 ) ) ;
#3515 = ORIENTED_EDGE ( 'NONE', *, *, #1059, .T. ) ;
#3516 = FILL_AREA_STYLE ('',( #3022 ) ) ;
#3517 = FILL_AREA_STYLE_COLOUR ( '', #5160 ) ;
#3518 =( GEOMETRIC_REPRESENTATION_CONTEXT ( 3 ) GLOBAL_UNCERTAINTY_ASSIGNED_CONTEXT ( ( #4654 ) ) GLOBAL_UNIT_ASSIGNED_CONTEXT ( ( #2844, #2292, #785 ) ) REPRESENTATION_CONTEXT ( 'NONE', 'WORKASPACE' ) );
#3519 = DIRECTION ( 'NONE',  ( 0.000000000000000000, 1.000000000000000000, 2.299999999999999903E-16 ) ) ;
#3520 = EDGE_LOOP ( 'NONE', ( #1311, #2614, #1388, #4886 ) ) ;
#3521 = EDGE_CURVE ( 'NONE', #1799, #6414, #6294, .T. ) ;
#3522 = VECTOR ( 'NONE', #5793, 1000.000000000000000 ) ;
#3523 = ORIENTED_EDGE ( 'NONE', *, *, #2101, .F. ) ;
#3524 = CARTESIAN_POINT ( 'NONE',  ( -6.539696467728136398, -2.877484955009597112, -1.999999999999999556 ) ) ;
#3525 = FILL_AREA_STYLE_COLOUR ( '', #3433 ) ;
#3526 = CARTESIAN_POINT ( 'NONE',  ( -7.049999999999998934, -1.699999999999999956, -3.000000000000000000 ) ) ;
#3527 = CARTESIAN_POINT ( 'NONE',  ( 1.400000000000000069E-16, 3.919999999999998153, 5.750000000000000000 ) ) ;
#3528 = CARTESIAN_POINT ( 'NONE',  ( 6.000000000000000000, 0.8750000000019999558, 2.000000000000000000 ) ) ;
#3529 = VECTOR ( 'NONE', #6384, 1000.000000000000000 ) ;
#3530 = ORIENTED_EDGE ( 'NONE', *, *, #200, .F. ) ;
#3531 = ADVANCED_FACE ( 'NONE', ( #6225, #5536, #6161, #4217, #3245, #1716 ), #6016, .T. ) ;
#3532 = ORIENTED_EDGE ( 'NONE', *, *, #2503, .F. ) ;
#3533 = DIRECTION ( 'NONE',  ( -1.000000000000000000, 0.000000000000000000, 0.000000000000000000 ) ) ;
#3534 = CARTESIAN_POINT ( 'NONE',  ( -6.674999999997999645, -1.699999999999999956, -3.000000000000000000 ) ) ;
#3535 =( LENGTH_UNIT ( ) NAMED_UNIT ( * ) SI_UNIT ( .MILLI., .METRE. ) );
#3536 = PLANE ( 'NONE',  #2368 ) ;
#3537 = PRESENTATION_STYLE_ASSIGNMENT (( #5105 ) ) ;
#3538 = PRESENTATION_STYLE_ASSIGNMENT (( #3428 ) ) ;
#3539 =( NAMED_UNIT ( * ) SI_UNIT ( $, .STERADIAN. ) SOLID_ANGLE_UNIT ( ) );
#3540 = SURFACE_STYLE_FILL_AREA ( #3566 ) ;
#3541 =( NAMED_UNIT ( * ) PLANE_ANGLE_UNIT ( ) SI_UNIT ( $, .RADIAN. ) );
#3542 = DIRECTION ( 'NONE',  ( 0.000000000000000000, 0.000000000000000000, 1.000000000000000000 ) ) ;
#3543 = SURFACE_SIDE_STYLE ('',( #1563 ) ) ;
#3544 = SURFACE_STYLE_USAGE ( .BOTH. , #6041 ) ;
#3545 = SURFACE_STYLE_FILL_AREA ( #1565 ) ;
#3546 = CARTESIAN_POINT ( 'NONE',  ( -6.000000000000000000, 0.000000000000000000, 6.000000000000000000 ) ) ;
#3547 = ORIENTED_EDGE ( 'NONE', *, *, #5589, .T. ) ;
#3548 = DIRECTION ( 'NONE',  ( -0.4226182617399908414, 0.9063077870369803390, 0.000000000000000000 ) ) ;
#3549 = COLOUR_RGB ( '',0.7960784313725489669, 0.8235294117647058432, 0.9372549019607843146 ) ;
#3550 = ADVANCED_FACE ( 'NONE', ( #696 ), #3026, .F. ) ;
#3551 = VERTEX_POINT ( 'NONE', #6263 ) ;
#3552 = ORIENTED_EDGE ( 'NONE', *, *, #2331, .T. ) ;
#3553 = SURFACE_STYLE_USAGE ( .BOTH. , #4605 ) ;
#3554 = DIRECTION ( 'NONE',  ( -0.000000000000000000, 1.000000000000000000, 2.220446049250000002E-16 ) ) ;
#3555 = DIRECTION ( 'NONE',  ( 1.332196476881727481E-16, -1.000000000000000000, -1.332196476881727481E-16 ) ) ;
#3556 = AXIS2_PLACEMENT_3D ( 'NONE', #4754, #752, #5725 ) ;
#3557 = PRODUCT_DEFINITION ( 'UNKNOWN', '', #1147, #5559 ) ;
#3558 = ORIENTED_EDGE ( 'NONE', *, *, #3606, .T. ) ;
#3559 = CIRCLE ( 'NONE', #421, 0.1249999999979999749 ) ;
#3560 = VERTEX_POINT ( 'NONE', #3279 ) ;
#3561 = FACE_OUTER_BOUND ( 'NONE', #2152, .T. ) ;
#3562 = DIRECTION ( 'NONE',  ( 0.000000000000000000, 0.000000000000000000, -1.000000000000000000 ) ) ;
#3563 = FILL_AREA_STYLE_COLOUR ( '', #5704 ) ;
#3564 = PRESENTATION_STYLE_ASSIGNMENT (( #3688 ) ) ;
#3565 = DIRECTION ( 'NONE',  ( -1.000000000000000000, 7.228014483198138809E-15, 0.000000000000000000 ) ) ;
#3566 = FILL_AREA_STYLE ('',( #2028 ) ) ;
#3567 =( GEOMETRIC_REPRESENTATION_CONTEXT ( 3 ) GLOBAL_UNCERTAINTY_ASSIGNED_CONTEXT ( ( #2998 ) ) GLOBAL_UNIT_ASSIGNED_CONTEXT ( ( #1000, #3213, #3671 ) ) REPRESENTATION_CONTEXT ( 'NONE', 'WORKASPACE' ) );
#3568 = FACE_OUTER_BOUND ( 'NONE', #2296, .T. ) ;
#3569 = SURFACE_STYLE_USAGE ( .BOTH. , #5627 ) ;
#3570 = VECTOR ( 'NONE', #1523, 1000.000000000000000 ) ;
#3571 = EDGE_CURVE ( 'NONE', #1112, #2933, #5311, .T. ) ;
#3572 = VECTOR ( 'NONE', #2282, 1000.000000000000000 ) ;
#3573 = DIRECTION ( 'NONE',  ( 0.000000000000000000, 1.000000000000000000, 0.000000000000000000 ) ) ;
#3574 = VERTEX_POINT ( 'NONE', #1428 ) ;
#3575 = UNCERTAINTY_MEASURE_WITH_UNIT (LENGTH_MEASURE( 1.000000000000000082E-05 ), #5689, 'distance_accuracy_value', 'NONE');
#3576 = CIRCLE ( 'NONE', #6403, 0.3750000000019996227 ) ;
#3577 = SURFACE_SIDE_STYLE ('',( #601 ) ) ;
#3578 = FILL_AREA_STYLE ('',( #5637 ) ) ;
#3579 = ORIENTED_EDGE ( 'NONE', *, *, #1758, .T. ) ;
#3580 = STYLED_ITEM ( 'NONE', ( #2935 ), #4207 ) ;
#3581 = VERTEX_POINT ( 'NONE', #3340 ) ;
#3582 = ADVANCED_FACE ( 'NONE', ( #4317 ), #818, .T. ) ;
#3583 = CARTESIAN_POINT ( 'NONE',  ( -6.000000000000000000, 1.000000000000000000, 2.000000000000000000 ) ) ;
#3584 = CARTESIAN_POINT ( 'NONE',  ( -4.500000000000000888, 3.419999999999999929, 4.500000000000000888 ) ) ;
#3585 = LINE ( 'NONE', #643, #5997 ) ;
#3586 =( LENGTH_UNIT ( ) NAMED_UNIT ( * ) SI_UNIT ( .MILLI., .METRE. ) );
#3587 = VERTEX_POINT ( 'NONE', #1866 ) ;
#3588 = EDGE_LOOP ( 'NONE', ( #6026, #6144, #5833, #5028 ) ) ;
#3589 = FACE_OUTER_BOUND ( 'NONE', #3409, .T. ) ;
#3590 = PRESENTATION_STYLE_ASSIGNMENT (( #4579 ) ) ;
#3591 = DIRECTION ( 'NONE',  ( 0.000000000000000000, 0.000000000000000000, 1.000000000000000000 ) ) ;
#3592 = FACE_OUTER_BOUND ( 'NONE', #614, .T. ) ;
#3593 = FACE_BOUND ( 'NONE', #1570, .T. ) ;
#3594 = DIRECTION ( 'NONE',  ( 0.000000000000000000, 0.000000000000000000, -1.000000000000000000 ) ) ;
#3595 =( GEOMETRIC_REPRESENTATION_CONTEXT ( 3 ) GLOBAL_UNCERTAINTY_ASSIGNED_CONTEXT ( ( #3241 ) ) GLOBAL_UNIT_ASSIGNED_CONTEXT ( ( #1163, #2663, #4556 ) ) REPRESENTATION_CONTEXT ( 'NONE', 'WORKASPACE' ) );
#3596 = ADVANCED_BREP_SHAPE_REPRESENTATION ( '', ( #2517, #3487 ), #3918 ) ;
#3597 = DIRECTION ( 'NONE',  ( 0.5394599732742366704, -0.8420112453138377528, 0.000000000000000000 ) ) ;
#3598 = PRESENTATION_LAYER_ASSIGNMENT (  '', '', ( #3818 ) ) ;
#3599 = SURFACE_SIDE_STYLE ('',( #4656 ) ) ;
#3600 =( NAMED_UNIT ( * ) SI_UNIT ( $, .STERADIAN. ) SOLID_ANGLE_UNIT ( ) );
#3601 = DIRECTION ( 'NONE',  ( 0.3971312619642178854, -0.8516507396404150443, 0.3420201433258597268 ) ) ;
#3602 = FACE_OUTER_BOUND ( 'NONE', #1819, .T. ) ;
#3603 = CIRCLE ( 'NONE', #778, 0.9000000000000002442 ) ;
#3604 = PRODUCT_CONTEXT ( 'NONE', #3351, 'mechanical' ) ;
#3605 = COLOUR_RGB ( '',0.7960784313725489669, 0.8235294117647058432, 0.9372549019607843146 ) ;
#3606 = EDGE_CURVE ( 'NONE', #1046, #1001, #129, .T. ) ;
#3607 = ORIENTED_EDGE ( 'NONE', *, *, #5652, .F. ) ;
#3608 = CIRCLE ( 'NONE', #2570, 0.3750000000020004554 ) ;
#3609 = VECTOR ( 'NONE', #3000, 1000.000000000000000 ) ;
#3610 = LINE ( 'NONE', #4188, #4427 ) ;
#3611 = DIRECTION ( 'NONE',  ( -1.000000000000000000, 0.000000000000000000, 0.000000000000000000 ) ) ;
#3612 = ORIENTED_EDGE ( 'NONE', *, *, #6310, .T. ) ;
#3613 = COLOUR_RGB ( '',1.000000000000000000, 1.000000000000000000, 1.000000000000000000 ) ;
#3614 = ORIENTED_EDGE ( 'NONE', *, *, #2295, .T. ) ;
#3615 = DIRECTION ( 'NONE',  ( 0.5394599732739951969, -0.8420112453139925179, 0.000000000000000000 ) ) ;
#3616 = SURFACE_STYLE_USAGE ( .BOTH. , #1574 ) ;
#3617 = LINE ( 'NONE', #5645, #2312 ) ;
#3618 = STYLED_ITEM ( 'NONE', ( #4804 ), #3371 ) ;
#3619 = VECTOR ( 'NONE', #3235, 1000.000000000000000 ) ;
#3620 = EDGE_LOOP ( 'NONE', ( #2150, #1378, #2746, #5949 ) ) ;
#3621 = EDGE_CURVE ( 'NONE', #5543, #2247, #883, .T. ) ;
#3622 = VERTEX_POINT ( 'NONE', #3372 ) ;
#3623 = ORIENTED_EDGE ( 'NONE', *, *, #2595, .T. ) ;
#3624 =( NAMED_UNIT ( * ) PLANE_ANGLE_UNIT ( ) SI_UNIT ( $, .RADIAN. ) );
#3625 =( NAMED_UNIT ( * ) SI_UNIT ( $, .STERADIAN. ) SOLID_ANGLE_UNIT ( ) );
#3626 = CARTESIAN_POINT ( 'NONE',  ( 0.000000000000000000, 0.000000000000000000, 6.000000000000000000 ) ) ;
#3627 = MECHANICAL_DESIGN_GEOMETRIC_PRESENTATION_REPRESENTATION (  '', ( #5837 ), #81 ) ;
#3628 = SURFACE_STYLE_USAGE ( .BOTH. , #5651 ) ;
#3629 = CARTESIAN_POINT ( 'NONE',  ( -4.500000000000000888, 3.419999999999999929, 5.400000000000000355 ) ) ;
#3630 = EDGE_CURVE ( 'NONE', #3459, #4992, #3872, .T. ) ;
#3631 = UNCERTAINTY_MEASURE_WITH_UNIT (LENGTH_MEASURE( 1.000000000000000082E-05 ), #2123, 'distance_accuracy_value', 'NONE');
#3632 = DIRECTION ( 'NONE',  ( -1.000000000000000000, -6.938893903870227646E-15, 0.000000000000000000 ) ) ;
#3633 = SURFACE_STYLE_USAGE ( .BOTH. , #1295 ) ;
#3634 = CARTESIAN_POINT ( 'NONE',  ( -6.394748594337245962, -0.5674324966580887031, -3.000000000000000000 ) ) ;
#3635 =( LENGTH_UNIT ( ) NAMED_UNIT ( * ) SI_UNIT ( .MILLI., .METRE. ) );
#3636 = CARTESIAN_POINT ( 'NONE',  ( 5.750000000000000000, 3.919999999999999929, -5.750000000000000000 ) ) ;
#3637 =( NAMED_UNIT ( * ) SI_UNIT ( $, .STERADIAN. ) SOLID_ANGLE_UNIT ( ) );
#3638 = PRODUCT_CONTEXT ( 'NONE', #4986, 'mechanical' ) ;
#3639 = DIRECTION ( 'NONE',  ( 0.000000000000000000, 1.000000000000000000, 0.000000000000000000 ) ) ;
#3640 = DIRECTION ( 'NONE',  ( -0.000000000000000000, -1.000000000000000000, -2.220446049250000002E-16 ) ) ;
#3641 = DIRECTION ( 'NONE',  ( 0.000000000000000000, -1.000000000000000000, 0.000000000000000000 ) ) ;
#3642 = ORIENTED_EDGE ( 'NONE', *, *, #3778, .T. ) ;
#3643 = UNCERTAINTY_MEASURE_WITH_UNIT (LENGTH_MEASURE( 1.000000000000000082E-05 ), #946, 'distance_accuracy_value', 'NONE');
#3644 = FILL_AREA_STYLE ('',( #1633 ) ) ;
#3645 = PRESENTATION_LAYER_ASSIGNMENT (  '', '', ( #4205 ) ) ;
#3646 = EDGE_CURVE ( 'NONE', #5164, #379, #1394, .T. ) ;
#3647 = EDGE_LOOP ( 'NONE', ( #2655, #1825, #25, #5386, #931, #2651, #6369, #4777, #3866, #6107, #6402, #5924, #5598, #4318, #1411, #4044 ) ) ;
#3648 = MECHANICAL_DESIGN_GEOMETRIC_PRESENTATION_REPRESENTATION (  '', ( #4192 ), #1039 ) ;
#3649 = CARTESIAN_POINT ( 'NONE',  ( -6.674999999997999645, -1.699999999999999956, -2.000000000000000000 ) ) ;
#3650 = PRESENTATION_STYLE_ASSIGNMENT (( #3222 ) ) ;
#3651 =( NAMED_UNIT ( * ) SI_UNIT ( $, .STERADIAN. ) SOLID_ANGLE_UNIT ( ) );
#3652 = PRESENTATION_LAYER_ASSIGNMENT (  '', '', ( #3025 ) ) ;
#3653 = CARTESIAN_POINT ( 'NONE',  ( -1.905000000000000027, 5.559999999999999609, -4.440892098500999885E-16 ) ) ;
#3654 = EDGE_CURVE ( 'NONE', #532, #1097, #3942, .T. ) ;
#3655 = CARTESIAN_POINT ( 'NONE',  ( 6.249412934933003427, -3.499999999999992450, 2.749999999999976019 ) ) ;
#3656 = VECTOR ( 'NONE', #2070, 1000.000000000000000 ) ;
#3657 = ORIENTED_EDGE ( 'NONE', *, *, #132, .T. ) ;
#3658 = ORIENTED_EDGE ( 'NONE', *, *, #5050, .T. ) ;
#3659 = DIRECTION ( 'NONE',  ( -0.000000000000000000, -0.000000000000000000, 1.000000000000000000 ) ) ;
#3660 = AXIS2_PLACEMENT_3D ( 'NONE', #5814, #4889, #5031 ) ;
#3661 =( LENGTH_UNIT ( ) NAMED_UNIT ( * ) SI_UNIT ( .MILLI., .METRE. ) );
#3662 =( NAMED_UNIT ( * ) SI_UNIT ( $, .STERADIAN. ) SOLID_ANGLE_UNIT ( ) );
#3663 = CARTESIAN_POINT ( 'NONE',  ( -6.788288473374726628, -1.752827282717871693, -3.000000000000000000 ) ) ;
#3664 = FACE_BOUND ( 'NONE', #4858, .T. ) ;
#3665 = PRESENTATION_STYLE_ASSIGNMENT (( #1684 ) ) ;
#3666 = SURFACE_SIDE_STYLE ('',( #4817 ) ) ;
#3667 = CARTESIAN_POINT ( 'NONE',  ( -6.780251405660887798, -1.632567503341825432, -3.000000000000000000 ) ) ;
#3668 = APPLICATION_PROTOCOL_DEFINITION ( 'draft international standard', 'automotive_design', 1998, #5836 ) ;
#3669 = FILL_AREA_STYLE ('',( #4119 ) ) ;
#3670 =( GEOMETRIC_REPRESENTATION_CONTEXT ( 3 ) GLOBAL_UNCERTAINTY_ASSIGNED_CONTEXT ( ( #1307 ) ) GLOBAL_UNIT_ASSIGNED_CONTEXT ( ( #2728, #693, #3637 ) ) REPRESENTATION_CONTEXT ( 'NONE', 'WORKASPACE' ) );
#3671 =( NAMED_UNIT ( * ) SI_UNIT ( $, .STERADIAN. ) SOLID_ANGLE_UNIT ( ) );
#3672 = CARTESIAN_POINT ( 'NONE',  ( 5.750000000000000000, 3.419999999999999929, -5.750000000000000000 ) ) ;
#3673 = ORIENTED_EDGE ( 'NONE', *, *, #5737, .T. ) ;
#3674 = LINE ( 'NONE', #5703, #3775 ) ;
#3675 =( NAMED_UNIT ( * ) PLANE_ANGLE_UNIT ( ) SI_UNIT ( $, .RADIAN. ) );
#3676 = ORIENTED_EDGE ( 'NONE', *, *, #3571, .T. ) ;
#3677 = MECHANICAL_DESIGN_GEOMETRIC_PRESENTATION_REPRESENTATION (  '', ( #4015 ), #4663 ) ;
#3678 = PRESENTATION_LAYER_ASSIGNMENT (  '', '', ( #21 ) ) ;
#3679 = SURFACE_STYLE_USAGE ( .BOTH. , #151 ) ;
#3680 =( LENGTH_UNIT ( ) NAMED_UNIT ( * ) SI_UNIT ( .MILLI., .METRE. ) );
#3681 = DIRECTION ( 'NONE',  ( 0.5394599732742366704, 0.8420112453138377528, 0.000000000000000000 ) ) ;
#3682 = ORIENTED_EDGE ( 'NONE', *, *, #5437, .T. ) ;
#3683 = ORIENTED_EDGE ( 'NONE', *, *, #4856, .F. ) ;
#3684 = ORIENTED_EDGE ( 'NONE', *, *, #5652, .T. ) ;
#3685 = LINE ( 'NONE', #4104, #5732 ) ;
#3686 = EDGE_CURVE ( 'NONE', #4997, #3198, #1605, .T. ) ;
#3687 = FILL_AREA_STYLE ('',( #2315 ) ) ;
#3688 = SURFACE_STYLE_USAGE ( .BOTH. , #70 ) ;
#3689 = DIRECTION ( 'NONE',  ( -1.000000000000000000, -8.673617379837765822E-16, 0.000000000000000000 ) ) ;
#3690 = COLOUR_RGB ( '',0.2509803921568627416, 0.2509803921568627416, 0.2509803921568627416 ) ;
#3691 = UNCERTAINTY_MEASURE_WITH_UNIT (LENGTH_MEASURE( 1.000000000000000082E-05 ), #4145, 'distance_accuracy_value', 'NONE');
#3692 = DIRECTION ( 'NONE',  ( -1.000000000000000000, 0.000000000000000000, 0.000000000000000000 ) ) ;
#3693 = FILL_AREA_STYLE_COLOUR ( '', #2977 ) ;
#3694 = DIRECTION ( 'NONE',  ( 0.000000000000000000, -1.000000000000000000, -2.220446049250000002E-16 ) ) ;
#3695 = CARTESIAN_POINT ( 'NONE',  ( -6.375000000002000178, -0.5000000000000000000, 3.000000000000000000 ) ) ;
#3696 = SURFACE_STYLE_FILL_AREA ( #1333 ) ;
#3697 = UNCERTAINTY_MEASURE_WITH_UNIT (LENGTH_MEASURE( 1.000000000000000082E-05 ), #5300, 'distance_accuracy_value', 'NONE');
#3698 = FILL_AREA_STYLE_COLOUR ( '', #2828 ) ;
#3699 = SURFACE_STYLE_USAGE ( .BOTH. , #1715 ) ;
#3700 = FILL_AREA_STYLE ('',( #5209 ) ) ;
#3701 = ADVANCED_FACE ( 'NONE', ( #6417 ), #4357, .T. ) ;
#3702 = CARTESIAN_POINT ( 'NONE',  ( 6.375000000002000178, -0.5000000000000000000, 3.000000000000000000 ) ) ;
#3703 = ORIENTED_EDGE ( 'NONE', *, *, #6252, .F. ) ;
#3704 = UNCERTAINTY_MEASURE_WITH_UNIT (LENGTH_MEASURE( 1.000000000000000082E-05 ), #3455, 'distance_accuracy_value', 'NONE');
#3705 =( GEOMETRIC_REPRESENTATION_CONTEXT ( 3 ) GLOBAL_UNCERTAINTY_ASSIGNED_CONTEXT ( ( #6189 ) ) GLOBAL_UNIT_ASSIGNED_CONTEXT ( ( #363, #455, #2445 ) ) REPRESENTATION_CONTEXT ( 'NONE', 'WORKASPACE' ) );
#3706 =( NAMED_UNIT ( * ) PLANE_ANGLE_UNIT ( ) SI_UNIT ( $, .RADIAN. ) );
#3707 = CIRCLE ( 'NONE', #884, 0.3750000000020004554 ) ;
#3708 = ORIENTED_EDGE ( 'NONE', *, *, #3291, .F. ) ;
#3709 = COLOUR_RGB ( '',1.000000000000000000, 0.000000000000000000, 0.000000000000000000 ) ;
#3710 = UNCERTAINTY_MEASURE_WITH_UNIT (LENGTH_MEASURE( 1.000000000000000082E-05 ), #951, 'distance_accuracy_value', 'NONE');
#3711 = SURFACE_STYLE_USAGE ( .BOTH. , #2770 ) ;
#3712 = DIRECTION ( 'NONE',  ( -0.000000000000000000, 1.000000000000000000, 0.000000000000000000 ) ) ;
#3713 = DIRECTION ( 'NONE',  ( -0.4226182617379650730, -0.9063077870379250278, 0.000000000000000000 ) ) ;
#3714 =( LENGTH_UNIT ( ) NAMED_UNIT ( * ) SI_UNIT ( .MILLI., .METRE. ) );
#3715 = AXIS2_PLACEMENT_3D ( 'NONE', #5550, #5427, #2061 ) ;
#3716 = CARTESIAN_POINT ( 'NONE',  ( -6.375000000002000178, -1.145024611515000013, -2.000000000000000000 ) ) ;
#3717 = PRESENTATION_LAYER_ASSIGNMENT (  '', '', ( #1930 ) ) ;
#3718 = VERTEX_POINT ( 'NONE', #1843 ) ;
#3719 = ADVANCED_FACE ( 'NONE', ( #5907 ), #4954, .T. ) ;
#3720 = ORIENTED_EDGE ( 'NONE', *, *, #1794, .T. ) ;
#3721 = ORIENTED_EDGE ( 'NONE', *, *, #975, .T. ) ;
#3722 = DIRECTION ( 'NONE',  ( 1.000000000000000000, 0.000000000000000000, 0.000000000000000000 ) ) ;
#3723 =( GEOMETRIC_REPRESENTATION_CONTEXT ( 3 ) GLOBAL_UNCERTAINTY_ASSIGNED_CONTEXT ( ( #969 ) ) GLOBAL_UNIT_ASSIGNED_CONTEXT ( ( #1451, #2405, #3966 ) ) REPRESENTATION_CONTEXT ( 'NONE', 'WORKASPACE' ) );
#3724 = CARTESIAN_POINT ( 'NONE',  ( -5.000000000000000888, 3.919999999999999929, 5.750000000000000000 ) ) ;
#3725 = STYLED_ITEM ( 'NONE', ( #1658 ), #964 ) ;
#3726 = PRODUCT ( 'Body002', 'Body002', '', ( #662 ) ) ;
#3727 = SURFACE_STYLE_FILL_AREA ( #3687 ) ;
#3728 =( LENGTH_UNIT ( ) NAMED_UNIT ( * ) SI_UNIT ( .MILLI., .METRE. ) );
#3729 = FILL_AREA_STYLE_COLOUR ( '', #2494 ) ;
#3730 = FILL_AREA_STYLE ('',( #6251 ) ) ;
#3731 = EDGE_CURVE ( 'NONE', #5052, #2171, #6398, .T. ) ;
#3732 = COLOUR_RGB ( '',0.7960784313725489669, 0.8235294117647058432, 0.9372549019607843146 ) ;
#3733 = CARTESIAN_POINT ( 'NONE',  ( -6.394748594336999936, -0.5674324966579999963, 3.000000000000000000 ) ) ;
#3734 = LINE ( 'NONE', #5754, #383 ) ;
#3735 = CARTESIAN_POINT ( 'NONE',  ( -6.249412934932999875, -3.500000000000000000, 2.000000000000000000 ) ) ;
#3736 = AXIS2_PLACEMENT_3D ( 'NONE', #3499, #454, #5455 ) ;
#3737 = PRESENTATION_STYLE_ASSIGNMENT (( #191 ) ) ;
#3738 = FACE_OUTER_BOUND ( 'NONE', #284, .T. ) ;
#3739 =( LENGTH_UNIT ( ) NAMED_UNIT ( * ) SI_UNIT ( .MILLI., .METRE. ) );
#3740 =( NAMED_UNIT ( * ) PLANE_ANGLE_UNIT ( ) SI_UNIT ( $, .RADIAN. ) );
#3741 = SURFACE_SIDE_STYLE ('',( #1838 ) ) ;
#3742 = SURFACE_STYLE_USAGE ( .BOTH. , #1198 ) ;
#3743 = ORIENTED_EDGE ( 'NONE', *, *, #1211, .T. ) ;
#3744 = DIRECTION ( 'NONE',  ( 0.000000000000000000, 0.000000000000000000, -1.000000000000000000 ) ) ;
#3745 = ORIENTED_EDGE ( 'NONE', *, *, #368, .T. ) ;
#3746 = DIRECTION ( 'NONE',  ( 0.000000000000000000, -0.000000000000000000, 1.000000000000000000 ) ) ;
#3747 =( GEOMETRIC_REPRESENTATION_CONTEXT ( 3 ) GLOBAL_UNCERTAINTY_ASSIGNED_CONTEXT ( ( #5308 ) ) GLOBAL_UNIT_ASSIGNED_CONTEXT ( ( #1818, #3812, #5347 ) ) REPRESENTATION_CONTEXT ( 'NONE', 'WORKASPACE' ) );
#3748 = ORIENTED_EDGE ( 'NONE', *, *, #4110, .F. ) ;
#3749 = DIRECTION ( 'NONE',  ( 0.000000000000000000, 0.000000000000000000, -1.000000000000000000 ) ) ;
#3750 = DIRECTION ( 'NONE',  ( 1.000000000000000000, 0.000000000000000000, -0.000000000000000000 ) ) ;
#3751 = CARTESIAN_POINT ( 'NONE',  ( 6.249412934932999875, -3.500000000000000000, 2.000000000000000000 ) ) ;
#3752 = EDGE_CURVE ( 'NONE', #3587, #5471, #5430, .T. ) ;
#3753 = ADVANCED_FACE ( 'NONE', ( #3845 ), #885, .F. ) ;
#3754 = MECHANICAL_DESIGN_GEOMETRIC_PRESENTATION_REPRESENTATION (  '', ( #2910 ), #197 ) ;
#3755 = EDGE_LOOP ( 'NONE', ( #977, #5899, #1246, #5447, #3844, #1134, #254, #5914 ) ) ;
#3756 = ORIENTED_EDGE ( 'NONE', *, *, #526, .T. ) ;
#3757 = EDGE_LOOP ( 'NONE', ( #2830, #3199, #3658, #2643 ) ) ;
#3758 = CARTESIAN_POINT ( 'NONE',  ( -6.022835988174000121, -3.394345434564999930, 2.000000000000000000 ) ) ;
#3759 = PRESENTATION_STYLE_ASSIGNMENT (( #2251 ) ) ;
#3760 = ADVANCED_FACE ( 'NONE', ( #4588 ), #524, .F. ) ;
#3761 = PRESENTATION_LAYER_ASSIGNMENT (  '', '', ( #515 ) ) ;
#3762 = AXIS2_PLACEMENT_3D ( 'NONE', #5918, #2892, #894 ) ;
#3763 = MECHANICAL_DESIGN_GEOMETRIC_PRESENTATION_REPRESENTATION (  '', ( #1687 ), #523 ) ;
#3764 =( NAMED_UNIT ( * ) SI_UNIT ( $, .STERADIAN. ) SOLID_ANGLE_UNIT ( ) );
#3765 = FILL_AREA_STYLE_COLOUR ( '', #1012 ) ;
#3766 = PRESENTATION_STYLE_ASSIGNMENT (( #1160 ) ) ;
#3767 = FILL_AREA_STYLE_COLOUR ( '', #109 ) ;
#3768 = LINE ( 'NONE', #4249, #77 ) ;
#3769 = DIRECTION ( 'NONE',  ( 0.000000000000000000, -0.000000000000000000, 1.000000000000000000 ) ) ;
#3770 = SURFACE_STYLE_USAGE ( .BOTH. , #5342 ) ;
#3771 = SURFACE_SIDE_STYLE ('',( #756 ) ) ;
#3772 = FILL_AREA_STYLE ('',( #4822 ) ) ;
#3773 = ORIENTED_EDGE ( 'NONE', *, *, #1783, .F. ) ;
#3774 = CARTESIAN_POINT ( 'NONE',  ( -6.000000000000000000, 0.8750000000019999558, -3.000000000000000000 ) ) ;
#3775 = VECTOR ( 'NONE', #2099, 1000.000000000000000 ) ;
#3776 = UNCERTAINTY_MEASURE_WITH_UNIT (LENGTH_MEASURE( 1.000000000000000082E-05 ), #5017, 'distance_accuracy_value', 'NONE');
#3777 = PRESENTATION_STYLE_ASSIGNMENT (( #6065 ) ) ;
#3778 = EDGE_CURVE ( 'NONE', #3560, #4917, #34, .T. ) ;
#3779 = CARTESIAN_POINT ( 'NONE',  ( 0.000000000000000000, 3.419999999999999929, 3.349999999999999201 ) ) ;
#3780 = COLOUR_RGB ( '',1.000000000000000000, 0.000000000000000000, 0.000000000000000000 ) ;
#3781 = PRESENTATION_LAYER_ASSIGNMENT (  '', '', ( #845 ) ) ;
#3782 = SURFACE_SIDE_STYLE ('',( #4425 ) ) ;
#3783 = ORIENTED_EDGE ( 'NONE', *, *, #1185, .F. ) ;
#3784 = CARTESIAN_POINT ( 'NONE',  ( -6.394748594337245962, -0.5674324966580887031, 3.000000000000000000 ) ) ;
#3785 = PRESENTATION_LAYER_ASSIGNMENT (  '', '', ( #126 ) ) ;
#3786 = PRESENTATION_LAYER_ASSIGNMENT (  '', '', ( #2833 ) ) ;
#3787 = DIRECTION ( 'NONE',  ( -0.000000000000000000, 1.000000000000000000, 2.220446049250000002E-16 ) ) ;
#3788 = ORIENTED_EDGE ( 'NONE', *, *, #3752, .T. ) ;
#3789 = AXIS2_PLACEMENT_3D ( 'NONE', #2848, #366, #4388 ) ;
#3790 = ADVANCED_FACE ( 'NONE', ( #1494 ), #2064, .T. ) ;
#3791 = ORIENTED_EDGE ( 'NONE', *, *, #2074, .T. ) ;
#3792 = FACE_OUTER_BOUND ( 'NONE', #582, .T. ) ;
#3793 = SURFACE_STYLE_FILL_AREA ( #1803 ) ;
#3794 = PRESENTATION_LAYER_ASSIGNMENT (  '', '', ( #5289 ) ) ;
#3795 = CARTESIAN_POINT ( 'NONE',  ( 6.674999999997999645, -1.699999999999999956, 0.5000000000000000000 ) ) ;
#3796 = SHAPE_REPRESENTATION ( '1571627-1', ( #709, #300, #3968, #1143, #816, #2705, #501, #5035 ), #6363 ) ;
#3797 = DIRECTION ( 'NONE',  ( 0.000000000000000000, 1.000000000000000000, 2.299999999999999903E-16 ) ) ;
#3798 = FILL_AREA_STYLE_COLOUR ( '', #4880 ) ;
#3799 = CARTESIAN_POINT ( 'NONE',  ( 6.375000000002000178, -1.145024611515000013, -0.5000000000000000000 ) ) ;
#3800 = FACE_OUTER_BOUND ( 'NONE', #5478, .T. ) ;
#3801 = FACE_OUTER_BOUND ( 'NONE', #5510, .T. ) ;
#3802 = PRESENTATION_STYLE_ASSIGNMENT (( #5840 ) ) ;
#3803 = FILL_AREA_STYLE ('',( #302 ) ) ;
#3804 = LINE ( 'NONE', #2764, #3931 ) ;
#3805 =( NAMED_UNIT ( * ) PLANE_ANGLE_UNIT ( ) SI_UNIT ( $, .RADIAN. ) );
#3806 = EDGE_LOOP ( 'NONE', ( #1265, #898, #1644, #3916 ) ) ;
#3807 = MECHANICAL_DESIGN_GEOMETRIC_PRESENTATION_REPRESENTATION (  '', ( #4355 ), #667 ) ;
#3808 = ADVANCED_FACE ( 'NONE', ( #5045 ), #591, .T. ) ;
#3809 = CARTESIAN_POINT ( 'NONE',  ( -6.167977754569999860, -3.083087912069999881, -2.125000000000000000 ) ) ;
#3810 =( NAMED_UNIT ( * ) PLANE_ANGLE_UNIT ( ) SI_UNIT ( $, .RADIAN. ) );
#3811 = MECHANICAL_DESIGN_GEOMETRIC_PRESENTATION_REPRESENTATION (  '', ( #149 ), #5403 ) ;
#3812 =( NAMED_UNIT ( * ) PLANE_ANGLE_UNIT ( ) SI_UNIT ( $, .RADIAN. ) );
#3813 = SURFACE_STYLE_FILL_AREA ( #1343 ) ;
#3814 = ORIENTED_EDGE ( 'NONE', *, *, #3011, .F. ) ;
#3815 = ADVANCED_FACE ( 'NONE', ( #2689 ), #5138, .T. ) ;
#3816 = AXIS2_PLACEMENT_3D ( 'NONE', #3396, #395, #4950 ) ;
#3817 = CARTESIAN_POINT ( 'NONE',  ( 0.000000000000000000, 4.599999999999999645, -8.700000000000000360E-16 ) ) ;
#3818 = STYLED_ITEM ( 'NONE', ( #2690 ), #4825 ) ;
#3819 = CARTESIAN_POINT ( 'NONE',  ( -6.780251405660887798, -1.632567503341825432, -2.000000000000000000 ) ) ;
#3820 = DIRECTION ( 'NONE',  ( 0.000000000000000000, 1.000000000000000000, 2.299999999999999903E-16 ) ) ;
#3821 = AXIS2_PLACEMENT_3D ( 'NONE', #1618, #5136, #2059 ) ;
#3822 = DIRECTION ( 'NONE',  ( 0.000000000000000000, 0.000000000000000000, -1.000000000000000000 ) ) ;
#3823 = APPLICATION_CONTEXT ( 'automotive_design' ) ;
#3824 = ORIENTED_EDGE ( 'NONE', *, *, #5699, .F. ) ;
#3825 = PRESENTATION_LAYER_ASSIGNMENT (  '', '', ( #4156 ) ) ;
#3826 = ORIENTED_EDGE ( 'NONE', *, *, #2338, .F. ) ;
#3827 = FILL_AREA_STYLE ('',( #1319 ) ) ;
#3828 = SURFACE_SIDE_STYLE ('',( #6280 ) ) ;
#3829 = COLOUR_RGB ( '',0.7960784313725489669, 0.8235294117647058432, 0.9372549019607843146 ) ;
#3830 = DIRECTION ( 'NONE',  ( 0.000000000000000000, -2.299999999999999903E-16, 1.000000000000000000 ) ) ;
#3831 = EDGE_CURVE ( 'NONE', #6004, #4838, #553, .T. ) ;
#3832 = CARTESIAN_POINT ( 'NONE',  ( -6.000000000000000000, 1.000000000000000000, -3.000000000000000000 ) ) ;
#3833 = COLOUR_RGB ( '',0.7960784313725489669, 0.8235294117647058432, 0.9372549019607843146 ) ;
#3834 = FILL_AREA_STYLE ('',( #847 ) ) ;
#3835 = FILL_AREA_STYLE ('',( #3869 ) ) ;
#3836 = SURFACE_STYLE_USAGE ( .BOTH. , #2380 ) ;
#3837 = EDGE_CURVE ( 'NONE', #5471, #4201, #4146, .T. ) ;
#3838 = UNCERTAINTY_MEASURE_WITH_UNIT (LENGTH_MEASURE( 1.000000000000000082E-05 ), #2112, 'distance_accuracy_value', 'NONE');
#3839 = DIRECTION ( 'NONE',  ( -0.000000000000000000, -0.000000000000000000, -1.000000000000000000 ) ) ;
#3840 = VECTOR ( 'NONE', #1260, 1000.000000000000114 ) ;
#3841 =( LENGTH_UNIT ( ) NAMED_UNIT ( * ) SI_UNIT ( .MILLI., .METRE. ) );
#3842 = PRESENTATION_LAYER_ASSIGNMENT (  '', '', ( #177 ) ) ;
#3843 = DIRECTION ( 'NONE',  ( 0.000000000000000000, -1.000000000000000000, -2.220446049250000002E-16 ) ) ;
#3844 = ORIENTED_EDGE ( 'NONE', *, *, #923, .T. ) ;
#3845 = FACE_OUTER_BOUND ( 'NONE', #2564, .T. ) ;
#3846 = DIRECTION ( 'NONE',  ( 0.000000000000000000, 1.000000000000000000, 0.000000000000000000 ) ) ;
#3847 = FACE_OUTER_BOUND ( 'NONE', #5470, .T. ) ;
#3848 = AXIS2_PLACEMENT_3D ( 'NONE', #5486, #1557, #3464 ) ;
#3849 = ORIENTED_EDGE ( 'NONE', *, *, #3606, .F. ) ;
#3850 = DIRECTION ( 'NONE',  ( -0.000000000000000000, -0.000000000000000000, -1.000000000000000000 ) ) ;
#3851 =( LENGTH_UNIT ( ) NAMED_UNIT ( * ) SI_UNIT ( .MILLI., .METRE. ) );
#3852 = EDGE_CURVE ( 'NONE', #3354, #5133, #1511, .T. ) ;
#3853 = SURFACE_SIDE_STYLE ('',( #3260 ) ) ;
#3854 = VERTEX_POINT ( 'NONE', #6100 ) ;
#3855 = UNCERTAINTY_MEASURE_WITH_UNIT (LENGTH_MEASURE( 1.000000000000000082E-05 ), #2346, 'distance_accuracy_value', 'NONE');
#3856 = ORIENTED_EDGE ( 'NONE', *, *, #2568, .T. ) ;
#3857 = DIRECTION ( 'NONE',  ( -1.000000000000000000, -6.938893903870227646E-15, 0.000000000000000000 ) ) ;
#3858 = PRESENTATION_STYLE_ASSIGNMENT (( #4375 ) ) ;
#3859 = DIRECTION ( 'NONE',  ( 0.000000000000000000, 0.000000000000000000, 1.000000000000000000 ) ) ;
#3860 = EDGE_CURVE ( 'NONE', #1908, #4730, #625, .T. ) ;
#3861 = SURFACE_SIDE_STYLE ('',( #386 ) ) ;
#3862 = PLANE ( 'NONE',  #1122 ) ;
#3863 = FACE_OUTER_BOUND ( 'NONE', #316, .T. ) ;
#3864 = STYLED_ITEM ( 'NONE', ( #4976 ), #220 ) ;
#3865 = AXIS2_PLACEMENT_3D ( 'NONE', #3359, #1736, #1253 ) ;
#3866 = ORIENTED_EDGE ( 'NONE', *, *, #1645, .F. ) ;
#3867 = CARTESIAN_POINT ( 'NONE',  ( 1.905000000000000027, 7.360000000000000320, 1.905000000000000027 ) ) ;
#3868 = SURFACE_SIDE_STYLE ('',( #2441 ) ) ;
#3869 = FILL_AREA_STYLE_COLOUR ( '', #1239 ) ;
#3870 = STYLED_ITEM ( 'NONE', ( #2030 ), #518 ) ;
#3871 = CARTESIAN_POINT ( 'NONE',  ( 6.184245783005205332, -0.7022974899790277448, 3.000000000000000000 ) ) ;
#3872 = LINE ( 'NONE', #3906, #5069 ) ;
#3873 = COLOUR_RGB ( '',0.2509803921568627416, 0.2509803921568627416, 0.2509803921568627416 ) ;
#3874 = EDGE_CURVE ( 'NONE', #2102, #4442, #5625, .T. ) ;
#3875 = FILL_AREA_STYLE ('',( #3343 ) ) ;
#3876 = CYLINDRICAL_SURFACE ( 'NONE', #6050, 0.3750000000019996227 ) ;
#3877 = COLOUR_RGB ( '',1.000000000000000000, 0.000000000000000000, 0.000000000000000000 ) ;
#3878 = DIRECTION ( 'NONE',  ( -0.000000000000000000, -1.000000000000000000, -0.000000000000000000 ) ) ;
#3879 = PRESENTATION_STYLE_ASSIGNMENT (( #4803 ) ) ;
#3880 =( LENGTH_UNIT ( ) NAMED_UNIT ( * ) SI_UNIT ( .MILLI., .METRE. ) );
#3881 = VERTEX_POINT ( 'NONE', #4752 ) ;
#3882 = MECHANICAL_DESIGN_GEOMETRIC_PRESENTATION_REPRESENTATION (  '', ( #6387 ), #319 ) ;
#3883 = CARTESIAN_POINT ( 'NONE',  ( 6.313119520967000575, -2.771830389575000275, 0.5000000000000021094 ) ) ;
#3884 = DIRECTION ( 'NONE',  ( 0.9063077870387888924, 0.4226182617361123883, -1.014813233436291312E-12 ) ) ;
#3885 = FILL_AREA_STYLE ('',( #5027 ) ) ;
#3886 = ORIENTED_EDGE ( 'NONE', *, *, #4653, .T. ) ;
#3887 =( GEOMETRIC_REPRESENTATION_CONTEXT ( 3 ) GLOBAL_UNCERTAINTY_ASSIGNED_CONTEXT ( ( #504 ) ) GLOBAL_UNIT_ASSIGNED_CONTEXT ( ( #5730, #5275, #5761 ) ) REPRESENTATION_CONTEXT ( 'NONE', 'WORKASPACE' ) );
#3888 = EDGE_LOOP ( 'NONE', ( #413, #2399, #1268, #3547 ) ) ;
#3889 = DIRECTION ( 'NONE',  ( 1.000000000000000000, 0.000000000000000000, 0.000000000000000000 ) ) ;
#3890 = COLOUR_RGB ( '',0.7960784313725489669, 0.8235294117647058432, 0.9372549019607843146 ) ;
#3891 = CARTESIAN_POINT ( 'NONE',  ( -1.905000000000000027, 7.360000000000000320, 1.905000000000000027 ) ) ;
#3892 = MECHANICAL_DESIGN_GEOMETRIC_PRESENTATION_REPRESENTATION (  '', ( #2833 ), #1604 ) ;
#3893 = SURFACE_SIDE_STYLE ('',( #1856 ) ) ;
#3894 = VECTOR ( 'NONE', #949, 1000.000000000000000 ) ;
#3895 = VECTOR ( 'NONE', #1979, 1000.000000000000000 ) ;
#3896 = EDGE_CURVE ( 'NONE', #2475, #2672, #5656, .T. ) ;
#3897 = CIRCLE ( 'NONE', #334, 0.9000000000000002442 ) ;
#3898 = VERTEX_POINT ( 'NONE', #1740 ) ;
#3899 = PRESENTATION_STYLE_ASSIGNMENT (( #4346 ) ) ;
#3900 = COLOUR_RGB ( '',0.7960784313725489669, 0.8235294117647058432, 0.9372549019607843146 ) ;
#3901 = SURFACE_SIDE_STYLE ('',( #3497 ) ) ;
#3902 = VERTEX_POINT ( 'NONE', #1123 ) ;
#3903 =( GEOMETRIC_REPRESENTATION_CONTEXT ( 3 ) GLOBAL_UNCERTAINTY_ASSIGNED_CONTEXT ( ( #3188 ) ) GLOBAL_UNIT_ASSIGNED_CONTEXT ( ( #3115, #5206, #5660 ) ) REPRESENTATION_CONTEXT ( 'NONE', 'WORKASPACE' ) );
#3904 = DIRECTION ( 'NONE',  ( 0.000000000000000000, 4.399999999999999514E-16, 1.000000000000000000 ) ) ;
#3905 = CARTESIAN_POINT ( 'NONE',  ( 7.014865420137726737, -1.858481848153872296, -0.5000000000000000000 ) ) ;
#3906 = CARTESIAN_POINT ( 'NONE',  ( 6.249412934933003427, -3.499999999999992450, 2.250000000000023981 ) ) ;
#3907 = PRESENTATION_LAYER_ASSIGNMENT (  '', '', ( #3580 ) ) ;
#3908 = CLOSED_SHELL ( 'NONE', ( #3442, #5157, #4784, #4282, #945, #5288, #624, #1416, #784, #3167, #4825, #2633, #3207, #1903, #1304, #983, #842, #4207 ) ) ;
#3909 =( NAMED_UNIT ( * ) PLANE_ANGLE_UNIT ( ) SI_UNIT ( $, .RADIAN. ) );
#3910 =( NAMED_UNIT ( * ) PLANE_ANGLE_UNIT ( ) SI_UNIT ( $, .RADIAN. ) );
#3911 =( REPRESENTATION_RELATIONSHIP ('NONE','NONE', #3796, #5370 ) REPRESENTATION_RELATIONSHIP_WITH_TRANSFORMATION ( #2128 )SHAPE_REPRESENTATION_RELATIONSHIP( ) );
#3912 = LINE ( 'NONE', #5372, #3075 ) ;
#3913 = PLANE ( 'NONE',  #3152 ) ;
#3914 =( NAMED_UNIT ( * ) PLANE_ANGLE_UNIT ( ) SI_UNIT ( $, .RADIAN. ) );
#3915 = EDGE_CURVE ( 'NONE', #3902, #4632, #3576, .T. ) ;
#3916 = ORIENTED_EDGE ( 'NONE', *, *, #4951, .F. ) ;
#3917 = UNCERTAINTY_MEASURE_WITH_UNIT (LENGTH_MEASURE( 1.000000000000000082E-05 ), #4792, 'distance_accuracy_value', 'NONE');
#3918 =( GEOMETRIC_REPRESENTATION_CONTEXT ( 3 ) GLOBAL_UNCERTAINTY_ASSIGNED_CONTEXT ( ( #4787 ) ) GLOBAL_UNIT_ASSIGNED_CONTEXT ( ( #3965, #352, #2344 ) ) REPRESENTATION_CONTEXT ( 'NONE', 'WORKASPACE' ) );
#3919 = LINE ( 'NONE', #6339, #1371 ) ;
#3920 = CARTESIAN_POINT ( 'NONE',  ( 4.102566777143633281E-16, 3.419999999999999929, -3.350000000000000977 ) ) ;
#3921 = ORIENTED_EDGE ( 'NONE', *, *, #1138, .T. ) ;
#3922 = VECTOR ( 'NONE', #1258, 999.9999999999998863 ) ;
#3923 = UNCERTAINTY_MEASURE_WITH_UNIT (LENGTH_MEASURE( 1.000000000000000082E-05 ), #3661, 'distance_accuracy_value', 'NONE');
#3924 = ORIENTED_EDGE ( 'NONE', *, *, #5839, .F. ) ;
#3925 = PRESENTATION_STYLE_ASSIGNMENT (( #902 ) ) ;
#3926 = DIRECTION ( 'NONE',  ( 1.000000000000000000, 0.000000000000000000, -0.000000000000000000 ) ) ;
#3927 = AXIS2_PLACEMENT_3D ( 'NONE', #1863, #1837, #5396 ) ;
#3928 = SURFACE_SIDE_STYLE ('',( #4912 ) ) ;
#3929 =( NAMED_UNIT ( * ) PLANE_ANGLE_UNIT ( ) SI_UNIT ( $, .RADIAN. ) );
#3930 = EDGE_CURVE ( 'NONE', #2171, #3581, #659, .T. ) ;
#3931 = VECTOR ( 'NONE', #364, 1000.000000000000000 ) ;
#3932 = DIRECTION ( 'NONE',  ( -1.000000000000000000, 0.000000000000000000, 0.000000000000000000 ) ) ;
#3933 = VECTOR ( 'NONE', #5539, 999.9999999999998863 ) ;
#3934 = ORIENTED_EDGE ( 'NONE', *, *, #2178, .F. ) ;
#3935 = CARTESIAN_POINT ( 'NONE',  ( 4.500000000000000888, 3.419999999999999929, -3.600000000000000533 ) ) ;
#3936 =( GEOMETRIC_REPRESENTATION_CONTEXT ( 3 ) GLOBAL_UNCERTAINTY_ASSIGNED_CONTEXT ( ( #1942 ) ) GLOBAL_UNIT_ASSIGNED_CONTEXT ( ( #4585, #5903, #3941 ) ) REPRESENTATION_CONTEXT ( 'NONE', 'WORKASPACE' ) );
#3937 = VERTEX_POINT ( 'NONE', #2376 ) ;
#3938 = FILL_AREA_STYLE_COLOUR ( '', #1352 ) ;
#3939 = FACE_OUTER_BOUND ( 'NONE', #5485, .T. ) ;
#3940 = ADVANCED_FACE ( 'NONE', ( #5303 ), #5898, .T. ) ;
#3941 =( NAMED_UNIT ( * ) SI_UNIT ( $, .STERADIAN. ) SOLID_ANGLE_UNIT ( ) );
#3942 = LINE ( 'NONE', #2415, #3894 ) ;
#3943 = COLOUR_RGB ( '',0.7960784313725489669, 0.8235294117647058432, 0.9372549019607843146 ) ;
#3944 =( GEOMETRIC_REPRESENTATION_CONTEXT ( 3 ) GLOBAL_UNCERTAINTY_ASSIGNED_CONTEXT ( ( #638 ) ) GLOBAL_UNIT_ASSIGNED_CONTEXT ( ( #3286, #6071, #1496 ) ) REPRESENTATION_CONTEXT ( 'NONE', 'WORKASPACE' ) );
#3945 = SURFACE_SIDE_STYLE ('',( #103 ) ) ;
#3946 =( NAMED_UNIT ( * ) SI_UNIT ( $, .STERADIAN. ) SOLID_ANGLE_UNIT ( ) );
#3947 = FILL_AREA_STYLE_COLOUR ( '', #5825 ) ;
#3948 =( GEOMETRIC_REPRESENTATION_CONTEXT ( 3 ) GLOBAL_UNCERTAINTY_ASSIGNED_CONTEXT ( ( #2339 ) ) GLOBAL_UNIT_ASSIGNED_CONTEXT ( ( #2276, #4299, #4775 ) ) REPRESENTATION_CONTEXT ( 'NONE', 'WORKASPACE' ) );
#3949 = FILL_AREA_STYLE ('',( #1497 ) ) ;
#3950 = MECHANICAL_DESIGN_GEOMETRIC_PRESENTATION_REPRESENTATION (  '', ( #3226 ), #1940 ) ;
#3951 = CARTESIAN_POINT ( 'NONE',  ( 0.000000000000000000, 0.000000000000000000, 0.000000000000000000 ) ) ;
#3952 = PRESENTATION_STYLE_ASSIGNMENT (( #5562 ) ) ;
#3953 = ORIENTED_EDGE ( 'NONE', *, *, #2267, .F. ) ;
#3954 = ORIENTED_EDGE ( 'NONE', *, *, #808, .F. ) ;
#3955 = ORIENTED_EDGE ( 'NONE', *, *, #827, .T. ) ;
#3956 = CARTESIAN_POINT ( 'NONE',  ( -6.780251405660999708, -1.632567503341999959, 2.000000000000000000 ) ) ;
#3957 = CARTESIAN_POINT ( 'NONE',  ( 6.788288473375000187, -1.752827282718000035, 3.000000000000000000 ) ) ;
#3958 = CIRCLE ( 'NONE', #1132, 0.1249999999979999749 ) ;
#3959 = EDGE_LOOP ( 'NONE', ( #6001, #4123 ) ) ;
#3960 = EDGE_CURVE ( 'NONE', #5163, #5648, #1813, .T. ) ;
#3961 = VERTEX_POINT ( 'NONE', #6253 ) ;
#3962 = EDGE_CURVE ( 'NONE', #5569, #1628, #2349, .T. ) ;
#3963 = SURFACE_SIDE_STYLE ('',( #4973 ) ) ;
#3964 = CYLINDRICAL_SURFACE ( 'NONE', #859, 0.9000000000000002442 ) ;
#3965 =( LENGTH_UNIT ( ) NAMED_UNIT ( * ) SI_UNIT ( .MILLI., .METRE. ) );
#3966 =( NAMED_UNIT ( * ) SI_UNIT ( $, .STERADIAN. ) SOLID_ANGLE_UNIT ( ) );
#3967 = VERTEX_POINT ( 'NONE', #3867 ) ;
#3968 = AXIS2_PLACEMENT_3D ( 'NONE', #4989, #3478, #5433 ) ;
#3969 = ORIENTED_EDGE ( 'NONE', *, *, #2488, .T. ) ;
#3970 = FACE_OUTER_BOUND ( 'NONE', #1148, .T. ) ;
#3971 = VERTEX_POINT ( 'NONE', #779 ) ;
#3972 = CARTESIAN_POINT ( 'NONE',  ( -6.167977754569999860, -3.083087912069999881, -2.875000000000000000 ) ) ;
#3973 = DIRECTION ( 'NONE',  ( -0.000000000000000000, -0.000000000000000000, -1.000000000000000000 ) ) ;
#3974 = SURFACE_STYLE_USAGE ( .BOTH. , #1055 ) ;
#3975 =( GEOMETRIC_REPRESENTATION_CONTEXT ( 3 ) GLOBAL_UNCERTAINTY_ASSIGNED_CONTEXT ( ( #2202 ) ) GLOBAL_UNIT_ASSIGNED_CONTEXT ( ( #1583, #4108, #587 ) ) REPRESENTATION_CONTEXT ( 'NONE', 'WORKASPACE' ) );
#3976 = AXIS2_PLACEMENT_3D ( 'NONE', #1175, #5741, #3750 ) ;
#3977 = DIRECTION ( 'NONE',  ( 0.000000000000000000, 0.000000000000000000, -1.000000000000000000 ) ) ;
#3978 = LINE ( 'NONE', #5973, #2034 ) ;
#3979 = LINE ( 'NONE', #3475, #2336 ) ;
#3980 = LINE ( 'NONE', #5078, #5557 ) ;
#3981 =( NAMED_UNIT ( * ) SI_UNIT ( $, .STERADIAN. ) SOLID_ANGLE_UNIT ( ) );
#3982 = AXIS2_PLACEMENT_3D ( 'NONE', #6472, #2626, #1058 ) ;
#3983 = CARTESIAN_POINT ( 'NONE',  ( -5.827942386484000410E-17, 5.559999999999999609, -1.905000000000000027 ) ) ;
#3984 = EDGE_CURVE ( 'NONE', #3718, #701, #4283, .T. ) ;
#3985 = DIRECTION ( 'NONE',  ( -0.000000000000000000, 1.000000000000000000, 2.220446049250000002E-16 ) ) ;
#3986 = ORIENTED_EDGE ( 'NONE', *, *, #3039, .F. ) ;
#3987 = AXIS2_PLACEMENT_3D ( 'NONE', #5993, #974, #6460 ) ;
#3988 = UNCERTAINTY_MEASURE_WITH_UNIT (LENGTH_MEASURE( 1.000000000000000082E-05 ), #4054, 'distance_accuracy_value', 'NONE');
#3989 = LINE ( 'NONE', #2461, #6166 ) ;
#3990 = CARTESIAN_POINT ( 'NONE',  ( 6.375000000002000178, -1.145024611515000013, 0.5000000000000000000 ) ) ;
#3992 = FILL_AREA_STYLE_COLOUR ( '', #1502 ) ;
#3991 =( GEOMETRIC_REPRESENTATION_CONTEXT ( 3 ) GLOBAL_UNCERTAINTY_ASSIGNED_CONTEXT ( ( #2324 ) ) GLOBAL_UNIT_ASSIGNED_CONTEXT ( ( #3680, #2704, #4269 ) ) REPRESENTATION_CONTEXT ( 'NONE', 'WORKASPACE' ) );
#3993 = ORIENTED_EDGE ( 'NONE', *, *, #4561, .T. ) ;
#3994 = UNCERTAINTY_MEASURE_WITH_UNIT (LENGTH_MEASURE( 1.000000000000000082E-05 ), #4821, 'distance_accuracy_value', 'NONE');
#3995 = EDGE_LOOP ( 'NONE', ( #6407, #3756, #2439, #1612, #4545, #3791, #2082, #2824, #5677, #3256, #5466, #483, #2141, #1475, #2401, #708 ) ) ;
#3996 = CYLINDRICAL_SURFACE ( 'NONE', #1738, 0.3750000000020004554 ) ;
#3997 = FILL_AREA_STYLE_COLOUR ( '', #5585 ) ;
#3998 = PLANE ( 'NONE',  #3987 ) ;
#3999 = FILL_AREA_STYLE_COLOUR ( '', #5662 ) ;
#4000 = FILL_AREA_STYLE_COLOUR ( '', #4460 ) ;
#4001 = VECTOR ( 'NONE', #2706, 999.9999999999998863 ) ;
#4002 = DIRECTION ( 'NONE',  ( -0.000000000000000000, 1.000000000000000000, 0.000000000000000000 ) ) ;
#4003 = ORIENTED_EDGE ( 'NONE', *, *, #243, .T. ) ;
#4004 = EDGE_CURVE ( 'NONE', #1281, #5676, #1776, .T. ) ;
#4005 = VERTEX_POINT ( 'NONE', #4311 ) ;
#4006 = DIRECTION ( 'NONE',  ( -0.000000000000000000, -0.000000000000000000, 1.000000000000000000 ) ) ;
#4007 = VECTOR ( 'NONE', #4224, 1000.000000000000114 ) ;
#4008 = DIRECTION ( 'NONE',  ( -1.000000000000000000, 0.000000000000000000, 0.000000000000000000 ) ) ;
#4009 = LINE ( 'NONE', #1457, #555 ) ;
#4010 = AXIS2_PLACEMENT_3D ( 'NONE', #2008, #1907, #5411 ) ;
#4011 =( NAMED_UNIT ( * ) PLANE_ANGLE_UNIT ( ) SI_UNIT ( $, .RADIAN. ) );
#4012 = FILL_AREA_STYLE_COLOUR ( '', #5617 ) ;
#4013 = MECHANICAL_DESIGN_GEOMETRIC_PRESENTATION_REPRESENTATION (  '', ( #126 ), #3055 ) ;
#4014 = STYLED_ITEM ( 'NONE', ( #2990 ), #2636 ) ;
#4015 = STYLED_ITEM ( 'NONE', ( #1481 ), #277 ) ;
#4016 = PRESENTATION_LAYER_ASSIGNMENT (  '', '', ( #4665 ) ) ;
#4017 = DIRECTION ( 'NONE',  ( 0.000000000000000000, 0.000000000000000000, -1.000000000000000000 ) ) ;
#4018 = SURFACE_STYLE_USAGE ( .BOTH. , #1994 ) ;
#4019 = SURFACE_SIDE_STYLE ('',( #1995 ) ) ;
#4020 = CARTESIAN_POINT ( 'NONE',  ( 4.500000000000000888, 2.919999999999999929, 3.600000000000000533 ) ) ;
#4021 =( NAMED_UNIT ( * ) PLANE_ANGLE_UNIT ( ) SI_UNIT ( $, .RADIAN. ) );
#4022 = CIRCLE ( 'NONE', #5482, 0.1249999999979999749 ) ;
#4023 = SURFACE_SIDE_STYLE ('',( #2913 ) ) ;
#4024 = PRESENTATION_LAYER_ASSIGNMENT (  '', '', ( #3374 ) ) ;
#4025 = ADVANCED_FACE ( 'NONE', ( #3272 ), #2871, .T. ) ;
#4026 = CARTESIAN_POINT ( 'NONE',  ( 7.014865420137913254, -1.858481848153471949, 0.5000000000000000000 ) ) ;
#4027 = ORIENTED_EDGE ( 'NONE', *, *, #6379, .T. ) ;
#4028 = DIRECTION ( 'NONE',  ( 0.8420112453139925179, -0.5394599732739951969, 0.000000000000000000 ) ) ;
#4029 = DIRECTION ( 'NONE',  ( -0.000000000000000000, 1.000000000000000000, 0.000000000000000000 ) ) ;
#4030 = EDGE_CURVE ( 'NONE', #5571, #3718, #4443, .T. ) ;
#4031 = SURFACE_STYLE_FILL_AREA ( #4431 ) ;
#4032 = EDGE_LOOP ( 'NONE', ( #6245, #4072, #5953, #1149 ) ) ;
#4033 = ORIENTED_EDGE ( 'NONE', *, *, #4968, .F. ) ;
#4034 = DIRECTION ( 'NONE',  ( 0.000000000000000000, 1.000000000000000000, 0.000000000000000000 ) ) ;
#4035 = DIRECTION ( 'NONE',  ( 0.3971312619642178854, -0.8516507396404150443, -0.3420201433258597268 ) ) ;
#4036 = DIRECTION ( 'NONE',  ( 0.000000000000000000, -0.000000000000000000, 1.000000000000000000 ) ) ;
#4037 = FILL_AREA_STYLE_COLOUR ( '', #6154 ) ;
#4038 = PRESENTATION_LAYER_ASSIGNMENT (  '', '', ( #3285 ) ) ;
#4039 = ORIENTED_EDGE ( 'NONE', *, *, #5182, .T. ) ;
#4040 = VECTOR ( 'NONE', #299, 1000.000000000000000 ) ;
#4041 = ORIENTED_EDGE ( 'NONE', *, *, #4436, .T. ) ;
#4042 = FILL_AREA_STYLE ('',( #5068 ) ) ;
#4043 = EDGE_CURVE ( 'NONE', #4458, #1731, #4022, .T. ) ;
#4044 = ORIENTED_EDGE ( 'NONE', *, *, #2901, .F. ) ;
#4045 = CARTESIAN_POINT ( 'NONE',  ( -6.124999999997999822, -0.5000000000000000000, -3.000000000000000000 ) ) ;
#4046 = MECHANICAL_DESIGN_GEOMETRIC_PRESENTATION_REPRESENTATION (  '', ( #2444 ), #4464 ) ;
#4047 =( NAMED_UNIT ( * ) SI_UNIT ( $, .STERADIAN. ) SOLID_ANGLE_UNIT ( ) );
#4048 = DIRECTION ( 'NONE',  ( 0.000000000000000000, 0.000000000000000000, 1.000000000000000000 ) ) ;
#4049 = APPLICATION_CONTEXT ( 'automotive_design' ) ;
#4050 = MECHANICAL_DESIGN_GEOMETRIC_PRESENTATION_REPRESENTATION (  '', ( #4156 ), #1328 ) ;
#4051 = PRESENTATION_LAYER_ASSIGNMENT (  '', '', ( #2449 ) ) ;
#4052 = DIRECTION ( 'NONE',  ( -0.000000000000000000, -0.000000000000000000, 1.000000000000000000 ) ) ;
#4053 = EDGE_CURVE ( 'NONE', #3574, #186, #552, .T. ) ;
#4054 =( LENGTH_UNIT ( ) NAMED_UNIT ( * ) SI_UNIT ( .MILLI., .METRE. ) );
#4055 = DIRECTION ( 'NONE',  ( -0.5394599732742371145, 0.8420112453138374198, 0.000000000000000000 ) ) ;
#4056 = FILL_AREA_STYLE ('',( #564 ) ) ;
#4057 = CONTEXT_DEPENDENT_SHAPE_REPRESENTATION ( #4391, #1232 ) ;
#4058 = MECHANICAL_DESIGN_GEOMETRIC_PRESENTATION_REPRESENTATION (  '', ( #4698 ), #3088 ) ;
#4059 = LINE ( 'NONE', #3514, #4256 ) ;
#4060 = ORIENTED_EDGE ( 'NONE', *, *, #6080, .F. ) ;
#4061 = AXIS2_PLACEMENT_3D ( 'NONE', #2557, #1835, #3336 ) ;
#4062 = DIRECTION ( 'NONE',  ( 0.000000000000000000, -0.000000000000000000, 1.000000000000000000 ) ) ;
#4063 = LINE ( 'NONE', #2670, #2731 ) ;
#4064 = STYLED_ITEM ( 'NONE', ( #4980 ), #1270 ) ;
#4065 = ORIENTED_EDGE ( 'NONE', *, *, #2846, .F. ) ;
#4066 = AXIS2_PLACEMENT_3D ( 'NONE', #3395, #6005, #2907 ) ;
#4067 = ORIENTED_EDGE ( 'NONE', *, *, #4533, .F. ) ;
#4068 = SURFACE_STYLE_USAGE ( .BOTH. , #2046 ) ;
#4069 = FILL_AREA_STYLE ('',( #609 ) ) ;
#4070 = UNCERTAINTY_MEASURE_WITH_UNIT (LENGTH_MEASURE( 1.000000000000000082E-05 ), #5272, 'distance_accuracy_value', 'NONE');
#4071 = LINE ( 'NONE', #581, #1340 ) ;
#4072 = ORIENTED_EDGE ( 'NONE', *, *, #3484, .T. ) ;
#4073 = ORIENTED_EDGE ( 'NONE', *, *, #6404, .T. ) ;
#4074 = DIRECTION ( 'NONE',  ( 0.000000000000000000, 0.000000000000000000, -1.000000000000000000 ) ) ;
#4075 = EDGE_CURVE ( 'NONE', #2313, #3058, #2056, .T. ) ;
#4076 = SURFACE_SIDE_STYLE ('',( #5070 ) ) ;
#4077 =( NAMED_UNIT ( * ) PLANE_ANGLE_UNIT ( ) SI_UNIT ( $, .RADIAN. ) );
#4078 = LINE ( 'NONE', #620, #3512 ) ;
#4079 =( GEOMETRIC_REPRESENTATION_CONTEXT ( 3 ) GLOBAL_UNCERTAINTY_ASSIGNED_CONTEXT ( ( #5241 ) ) GLOBAL_UNIT_ASSIGNED_CONTEXT ( ( #2579, #6056, #5129 ) ) REPRESENTATION_CONTEXT ( 'NONE', 'WORKASPACE' ) );
#4080 = LINE ( 'NONE', #6070, #1999 ) ;
#4081 = FILL_AREA_STYLE_COLOUR ( '', #1117 ) ;
#4082 = SURFACE_STYLE_FILL_AREA ( #986 ) ;
#4083 = DIRECTION ( 'NONE',  ( 1.000000000000000000, 0.000000000000000000, -0.000000000000000000 ) ) ;
#4084 =( LENGTH_UNIT ( ) NAMED_UNIT ( * ) SI_UNIT ( .MILLI., .METRE. ) );
#4085 = PRESENTATION_STYLE_ASSIGNMENT (( #80 ) ) ;
#4086 = EDGE_CURVE ( 'NONE', #1466, #5227, #1408, .T. ) ;
#4087 = CARTESIAN_POINT ( 'NONE',  ( 6.022835988174000121, -3.394345434564999930, -0.5000000000000000000 ) ) ;
#4088 = ORIENTED_EDGE ( 'NONE', *, *, #2250, .F. ) ;
#4089 = MECHANICAL_DESIGN_GEOMETRIC_PRESENTATION_REPRESENTATION (  '', ( #515 ), #3230 ) ;
#4090 = LINE ( 'NONE', #6079, #1683 ) ;
#4091 = SURFACE_STYLE_USAGE ( .BOTH. , #4601 ) ;
#4092 = MECHANICAL_DESIGN_GEOMETRIC_PRESENTATION_REPRESENTATION (  '', ( #1474 ), #512 ) ;
#4093 = EDGE_LOOP ( 'NONE', ( #634, #6236, #1080, #3004 ) ) ;
#4094 =( GEOMETRIC_REPRESENTATION_CONTEXT ( 3 ) GLOBAL_UNCERTAINTY_ASSIGNED_CONTEXT ( ( #2845 ) ) GLOBAL_UNIT_ASSIGNED_CONTEXT ( ( #2646, #705, #3651 ) ) REPRESENTATION_CONTEXT ( 'NONE', 'WORKASPACE' ) );
#4095 = VERTEX_POINT ( 'NONE', #4542 ) ;
#4096 =( NAMED_UNIT ( * ) SI_UNIT ( $, .STERADIAN. ) SOLID_ANGLE_UNIT ( ) );
#4097 = DIRECTION ( 'NONE',  ( 0.000000000000000000, -1.000000000000000000, -2.220446049250000002E-16 ) ) ;
#4098 = CARTESIAN_POINT ( 'NONE',  ( 4.500000000000000888, 4.419999999999999929, 4.500000000000000888 ) ) ;
#4099 = CARTESIAN_POINT ( 'NONE',  ( -6.313119520966998799, -2.771830389575000719, 3.000000000000003997 ) ) ;
#4100 = EDGE_LOOP ( 'NONE', ( #957, #3558 ) ) ;
#4101 = EDGE_CURVE ( 'NONE', #3451, #6116, #5932, .T. ) ;
#4102 = AXIS2_PLACEMENT_3D ( 'NONE', #4298, #2307, #3713 ) ;
#4103 = VERTEX_POINT ( 'NONE', #3935 ) ;
#4104 = CARTESIAN_POINT ( 'NONE',  ( -6.375000000002000178, -1.145024611515000013, 2.000000000000000000 ) ) ;
#4105 = STYLED_ITEM ( 'NONE', ( #3538 ), #784 ) ;
#4106 = DIRECTION ( 'NONE',  ( -0.000000000000000000, -0.000000000000000000, -1.000000000000000000 ) ) ;
#4107 = SURFACE_STYLE_FILL_AREA ( #4983 ) ;
#4108 =( NAMED_UNIT ( * ) PLANE_ANGLE_UNIT ( ) SI_UNIT ( $, .RADIAN. ) );
#4109 = SURFACE_SIDE_STYLE ('',( #1620 ) ) ;
#4110 = EDGE_CURVE ( 'NONE', #5099, #2475, #4343, .T. ) ;
#4111 = DIRECTION ( 'NONE',  ( -0.5394599732742371145, -0.8420112453138374198, 0.000000000000000000 ) ) ;
#4112 = CIRCLE ( 'NONE', #5876, 3.350000000000000089 ) ;
#4113 = CARTESIAN_POINT ( 'NONE',  ( -6.500000000000000888, -0.5000000000000000000, -3.000000000000000000 ) ) ;
#4114 = SURFACE_STYLE_USAGE ( .BOTH. , #2594 ) ;
#4115 = DIRECTION ( 'NONE',  ( 0.000000000000000000, 0.000000000000000000, -1.000000000000000000 ) ) ;
#4116 =( NAMED_UNIT ( * ) PLANE_ANGLE_UNIT ( ) SI_UNIT ( $, .RADIAN. ) );
#4117 = SHAPE_DEFINITION_REPRESENTATION ( #5218, #5370 ) ;
#4118 = AXIS2_PLACEMENT_3D ( 'NONE', #244, #4797, #1900 ) ;
#4119 = FILL_AREA_STYLE_COLOUR ( '', #3083 ) ;
#4120 = VECTOR ( 'NONE', #2384, 1000.000000000000000 ) ;
#4121 = CIRCLE ( 'NONE', #2647, 0.3750000000019996227 ) ;
#4122 = CARTESIAN_POINT ( 'NONE',  ( 5.750000000000000000, 3.919999999999999929, -5.750000000000000000 ) ) ;
#4123 = ORIENTED_EDGE ( 'NONE', *, *, #1243, .T. ) ;
#4124 = LINE ( 'NONE', #5054, #5465 ) ;
#4125 = EDGE_CURVE ( 'NONE', #2854, #1281, #4558, .T. ) ;
#4126 = MECHANICAL_DESIGN_GEOMETRIC_PRESENTATION_REPRESENTATION (  '', ( #3061 ), #1079 ) ;
#4127 = ORIENTED_EDGE ( 'NONE', *, *, #4086, .T. ) ;
#4128 = UNCERTAINTY_MEASURE_WITH_UNIT (LENGTH_MEASURE( 1.000000000000000082E-05 ), #1607, 'distance_accuracy_value', 'NONE');
#4129 = ORIENTED_EDGE ( 'NONE', *, *, #3085, .F. ) ;
#4130 = FILL_AREA_STYLE_COLOUR ( '', #1111 ) ;
#4131 = PRESENTATION_STYLE_ASSIGNMENT (( #4068 ) ) ;
#4132 = SURFACE_SIDE_STYLE ('',( #1696 ) ) ;
#4133 =( LENGTH_UNIT ( ) NAMED_UNIT ( * ) SI_UNIT ( .MILLI., .METRE. ) );
#4134 = SHAPE_REPRESENTATION_RELATIONSHIP ( 'NONE' , 'NONE' ,  #3121, #6174 ) ;
#4135 = FACE_OUTER_BOUND ( 'NONE', #3006, .T. ) ;
#4136 = PRESENTATION_LAYER_ASSIGNMENT (  '', '', ( #2961 ) ) ;
#4137 = ORIENTED_EDGE ( 'NONE', *, *, #6443, .T. ) ;
#4138 = ORIENTED_EDGE ( 'NONE', *, *, #6336, .F. ) ;
#4139 = VERTEX_POINT ( 'NONE', #979 ) ;
#4140 = FACE_OUTER_BOUND ( 'NONE', #4840, .T. ) ;
#4141 = EDGE_CURVE ( 'NONE', #2672, #5164, #241, .T. ) ;
#4142 = SURFACE_SIDE_STYLE ('',( #4176 ) ) ;
#4143 = CARTESIAN_POINT ( 'NONE',  ( 6.000000000000000000, -2.659999999999999836E-15, -6.000000000000000000 ) ) ;
#4144 = PRESENTATION_STYLE_ASSIGNMENT (( #2588 ) ) ;
#4145 =( LENGTH_UNIT ( ) NAMED_UNIT ( * ) SI_UNIT ( .MILLI., .METRE. ) );
#4146 = LINE ( 'NONE', #3733, #4668 ) ;
#4147 =( GEOMETRIC_REPRESENTATION_CONTEXT ( 3 ) GLOBAL_UNCERTAINTY_ASSIGNED_CONTEXT ( ( #3988 ) ) GLOBAL_UNIT_ASSIGNED_CONTEXT ( ( #4054, #3507, #399 ) ) REPRESENTATION_CONTEXT ( 'NONE', 'WORKASPACE' ) );
#4148 = LINE ( 'NONE', #5688, #6095 ) ;
#4149 = FILL_AREA_STYLE_COLOUR ( '', #1537 ) ;
#4150 =( NAMED_UNIT ( * ) SI_UNIT ( $, .STERADIAN. ) SOLID_ANGLE_UNIT ( ) );
#4151 = EDGE_CURVE ( 'NONE', #5423, #5099, #4578, .T. ) ;
#4152 = DIRECTION ( 'NONE',  ( 0.000000000000000000, 0.000000000000000000, 1.000000000000000000 ) ) ;
#4153 =( NAMED_UNIT ( * ) PLANE_ANGLE_UNIT ( ) SI_UNIT ( $, .RADIAN. ) );
#4154 = STYLED_ITEM ( 'NONE', ( #850 ), #6229 ) ;
#4155 = DIRECTION ( 'NONE',  ( -0.000000000000000000, 1.000000000000000000, 0.000000000000000000 ) ) ;
#4156 = STYLED_ITEM ( 'NONE', ( #1393 ), #2891 ) ;
#4157 = ORIENTED_EDGE ( 'NONE', *, *, #1199, .T. ) ;
#4158 = EDGE_CURVE ( 'NONE', #2854, #1731, #6002, .T. ) ;
#4159 = AXIS2_PLACEMENT_3D ( 'NONE', #6316, #3797, #4309 ) ;
#4160 = CARTESIAN_POINT ( 'NONE',  ( 6.249412934933001651, -3.499999999999997335, 0.2499999999999924227 ) ) ;
#4161 = CARTESIAN_POINT ( 'NONE',  ( 6.000000000000000000, 0.8750000000019999558, 3.000000000000000000 ) ) ;
#4162 = ORIENTED_EDGE ( 'NONE', *, *, #5437, .F. ) ;
#4163 =( GEOMETRIC_REPRESENTATION_CONTEXT ( 3 ) GLOBAL_UNCERTAINTY_ASSIGNED_CONTEXT ( ( #4875 ) ) GLOBAL_UNIT_ASSIGNED_CONTEXT ( ( #3586, #6148, #2679 ) ) REPRESENTATION_CONTEXT ( 'NONE', 'WORKASPACE' ) );
#4164 = PRODUCT_DEFINITION_SHAPE ( 'NONE', 'NONE',  #6476 ) ;
#4165 = CARTESIAN_POINT ( 'NONE',  ( -5.000000000000000888, 3.419999999999999929, -5.750000000000000000 ) ) ;
#4166 = CARTESIAN_POINT ( 'NONE',  ( 6.788288473375000187, -1.752827282718000035, 2.000000000000000000 ) ) ;
#4167 = DIRECTION ( 'NONE',  ( -1.000000000000000000, 0.000000000000000000, -0.000000000000000000 ) ) ;
#4168 = AXIS2_PLACEMENT_3D ( 'NONE', #2353, #6289, #4755 ) ;
#4169 = SURFACE_SIDE_STYLE ('',( #2147 ) ) ;
#4170 = ORIENTED_EDGE ( 'NONE', *, *, #404, .T. ) ;
#4171 = VERTEX_POINT ( 'NONE', #5964 ) ;
#4172 = ORIENTED_EDGE ( 'NONE', *, *, #1984, .F. ) ;
#4173 = PLANE ( 'NONE',  #1430 ) ;
#4174 =( REPRESENTATION_RELATIONSHIP ('NONE','NONE', #3796, #4962 ) REPRESENTATION_RELATIONSHIP_WITH_TRANSFORMATION ( #2559 )SHAPE_REPRESENTATION_RELATIONSHIP( ) );
#4175 =( NAMED_UNIT ( * ) PLANE_ANGLE_UNIT ( ) SI_UNIT ( $, .RADIAN. ) );
#4176 = SURFACE_STYLE_FILL_AREA ( #2155 ) ;
#4177 = CARTESIAN_POINT ( 'NONE',  ( -6.375000000002000178, -0.5000000000000000000, 2.000000000000000000 ) ) ;
#4178 = SURFACE_STYLE_USAGE ( .BOTH. , #1121 ) ;
#4179 = UNCERTAINTY_MEASURE_WITH_UNIT (LENGTH_MEASURE( 1.000000000000000082E-05 ), #1015, 'distance_accuracy_value', 'NONE');
#4180 = DIRECTION ( 'NONE',  ( 0.5394599732742366704, -0.8420112453138377528, 0.000000000000000000 ) ) ;
#4181 =( NAMED_UNIT ( * ) PLANE_ANGLE_UNIT ( ) SI_UNIT ( $, .RADIAN. ) );
#4182 =( NAMED_UNIT ( * ) SI_UNIT ( $, .STERADIAN. ) SOLID_ANGLE_UNIT ( ) );
#4183 = CARTESIAN_POINT ( 'NONE',  ( -6.249412934933136654, -3.499999999999710454, -2.750000000000070610 ) ) ;
#4184 = MECHANICAL_DESIGN_GEOMETRIC_PRESENTATION_REPRESENTATION (  '', ( #2598 ), #3218 ) ;
#4185 =( NAMED_UNIT ( * ) PLANE_ANGLE_UNIT ( ) SI_UNIT ( $, .RADIAN. ) );
#4186 = EDGE_LOOP ( 'NONE', ( #5706, #4073, #6090, #124 ) ) ;
#4187 = UNCERTAINTY_MEASURE_WITH_UNIT (LENGTH_MEASURE( 1.000000000000000082E-05 ), #3714, 'distance_accuracy_value', 'NONE');
#4188 = CARTESIAN_POINT ( 'NONE',  ( -6.124999999997999822, -1.145024611515000013, 3.000000000000000000 ) ) ;
#4189 =( NAMED_UNIT ( * ) PLANE_ANGLE_UNIT ( ) SI_UNIT ( $, .RADIAN. ) );
#4190 = ORIENTED_EDGE ( 'NONE', *, *, #1043, .T. ) ;
#4191 = EDGE_CURVE ( 'NONE', #1235, #2177, #1581, .T. ) ;
#4192 = STYLED_ITEM ( 'NONE', ( #1733 ), #178 ) ;
#4193 = CIRCLE ( 'NONE', #3762, 0.1249999999979999749 ) ;
#4194 = CARTESIAN_POINT ( 'NONE',  ( 6.788288473375000187, -1.752827282718000035, -0.5000000000000000000 ) ) ;
#4195 = CARTESIAN_POINT ( 'NONE',  ( -6.539696467728999707, -2.877484955009999901, 2.000000000000000000 ) ) ;
#4196 = DIRECTION ( 'NONE',  ( 0.5394599732742366704, -0.8420112453138377528, 0.000000000000000000 ) ) ;
#4197 = VECTOR ( 'NONE', #4270, 1000.000000000000000 ) ;
#4198 = DIRECTION ( 'NONE',  ( 0.000000000000000000, 0.000000000000000000, 1.000000000000000000 ) ) ;
#4199 = LINE ( 'NONE', #5803, #2263 ) ;
#4200 = VECTOR ( 'NONE', #4600, 1000.000000000000000 ) ;
#4201 = VERTEX_POINT ( 'NONE', #4505 ) ;
#4202 = ORIENTED_EDGE ( 'NONE', *, *, #88, .T. ) ;
#4203 = ORIENTED_EDGE ( 'NONE', *, *, #4043, .T. ) ;
#4204 = DIRECTION ( 'NONE',  ( -0.000000000000000000, 0.000000000000000000, -1.000000000000000000 ) ) ;
#4205 = STYLED_ITEM ( 'NONE', ( #360 ), #5302 ) ;
#4206 = DIRECTION ( 'NONE',  ( 0.1445439584519752629, -0.3099755192199468712, -0.9396926207858387059 ) ) ;
#4207 = ADVANCED_FACE ( 'NONE', ( #3561 ), #5545, .F. ) ;
#4208 = SURFACE_STYLE_FILL_AREA ( #6319 ) ;
#4209 = FILL_AREA_STYLE ('',( #267 ) ) ;
#4210 =( NAMED_UNIT ( * ) SI_UNIT ( $, .STERADIAN. ) SOLID_ANGLE_UNIT ( ) );
#4211 = DIRECTION ( 'NONE',  ( 0.000000000000000000, 1.000000000000000000, -4.399999999999999514E-16 ) ) ;
#4212 = PLANE ( 'NONE',  #533 ) ;
#4213 = AXIS2_PLACEMENT_3D ( 'NONE', #2118, #3104, #5681 ) ;
#4214 = CARTESIAN_POINT ( 'NONE',  ( -5.750000000000000000, 3.919999999999999929, 5.750000000000000000 ) ) ;
#4215 = AXIS2_PLACEMENT_3D ( 'NONE', #272, #3242, #1362 ) ;
#4216 = PRODUCT ( 'Body003 (Mirror #2)', 'Body003 (Mirror #2)', '', ( #3638 ) ) ;
#4217 = FACE_BOUND ( 'NONE', #2708, .T. ) ;
#4218 =( GEOMETRIC_REPRESENTATION_CONTEXT ( 3 ) GLOBAL_UNCERTAINTY_ASSIGNED_CONTEXT ( ( #5509 ) ) GLOBAL_UNIT_ASSIGNED_CONTEXT ( ( #2428, #1939, #5952 ) ) REPRESENTATION_CONTEXT ( 'NONE', 'WORKASPACE' ) );
#4219 = DIRECTION ( 'NONE',  ( 0.000000000000000000, 0.000000000000000000, -1.000000000000000000 ) ) ;
#4220 = ORIENTED_EDGE ( 'NONE', *, *, #341, .T. ) ;
#4221 = AXIS2_PLACEMENT_3D ( 'NONE', #2916, #4864, #2390 ) ;
#4222 = ADVANCED_FACE ( 'NONE', ( #4140 ), #4173, .T. ) ;
#4223 = VECTOR ( 'NONE', #4664, 1000.000000000000000 ) ;
#4224 = DIRECTION ( 'NONE',  ( 0.7071067811865474617, -8.177564888977996389E-16, 0.7071067811865474617 ) ) ;
#4225 = EDGE_LOOP ( 'NONE', ( #4202, #5088, #3092, #6208 ) ) ;
#4226 =( GEOMETRIC_REPRESENTATION_CONTEXT ( 3 ) GLOBAL_UNCERTAINTY_ASSIGNED_CONTEXT ( ( #164 ) ) GLOBAL_UNIT_ASSIGNED_CONTEXT ( ( #1214, #2806, #6211 ) ) REPRESENTATION_CONTEXT ( 'NONE', 'WORKASPACE' ) );
#4227 = CIRCLE ( 'NONE', #4551, 0.1249999999979999749 ) ;
#4228 = FILL_AREA_STYLE ('',( #3947 ) ) ;
#4229 = MECHANICAL_DESIGN_GEOMETRIC_PRESENTATION_REPRESENTATION (  '', ( #1305 ), #3903 ) ;
#4230 = DIRECTION ( 'NONE',  ( -0.000000000000000000, -0.000000000000000000, 1.000000000000000000 ) ) ;
#4231 = LINE ( 'NONE', #802, #2924 ) ;
#4232 = LINE ( 'NONE', #1432, #4197 ) ;
#4233 = EDGE_CURVE ( 'NONE', #3551, #6382, #615, .T. ) ;
#4234 = VECTOR ( 'NONE', #6413, 1000.000000000000114 ) ;
#4235 = PLANE ( 'NONE',  #2884 ) ;
#4236 = CLOSED_SHELL ( 'NONE', ( #3753, #5122, #2142, #277, #2773, #3531, #3760, #49, #5707, #3550, #1270, #899, #5259, #1356, #3362, #3371, #853, #4767, #6037, #868 ) ) ;
#4237 = ORIENTED_EDGE ( 'NONE', *, *, #3070, .T. ) ;
#4238 = EDGE_LOOP ( 'NONE', ( #6343, #3856, #5261, #5125 ) ) ;
#4239 = LINE ( 'NONE', #5747, #6396 ) ;
#4240 = SURFACE_STYLE_USAGE ( .BOTH. , #3828 ) ;
#4241 = SURFACE_SIDE_STYLE ('',( #4812 ) ) ;
#4242 =( NAMED_UNIT ( * ) PLANE_ANGLE_UNIT ( ) SI_UNIT ( $, .RADIAN. ) );
#4243 = MECHANICAL_DESIGN_GEOMETRIC_PRESENTATION_REPRESENTATION (  '', ( #3174 ), #42 ) ;
#4244 = UNCERTAINTY_MEASURE_WITH_UNIT (LENGTH_MEASURE( 1.000000000000000082E-05 ), #2329, 'distance_accuracy_value', 'NONE');
#4245 = CARTESIAN_POINT ( 'NONE',  ( -6.375000000002000178, -1.145024611515000013, -3.000000000000000000 ) ) ;
#4246 = DIRECTION ( 'NONE',  ( -0.000000000000000000, 0.000000000000000000, -1.000000000000000000 ) ) ;
#4247 = LINE ( 'NONE', #4719, #3922 ) ;
#4248 = SURFACE_STYLE_USAGE ( .BOTH. , #6288 ) ;
#4249 = CARTESIAN_POINT ( 'NONE',  ( 4.500000000000000888, 3.419999999999999929, 5.400000000000000355 ) ) ;
#4250 =( NAMED_UNIT ( * ) PLANE_ANGLE_UNIT ( ) SI_UNIT ( $, .RADIAN. ) );
#4251 = UNCERTAINTY_MEASURE_WITH_UNIT (LENGTH_MEASURE( 1.000000000000000082E-05 ), #2496, 'distance_accuracy_value', 'NONE');
#4252 = DIRECTION ( 'NONE',  ( 0.000000000000000000, 0.000000000000000000, -1.000000000000000000 ) ) ;
#4253 = DIRECTION ( 'NONE',  ( 0.000000000000000000, -1.000000000000000000, -2.220446049250000002E-16 ) ) ;
#4254 = VECTOR ( 'NONE', #5401, 1000.000000000000114 ) ;
#4255 = LINE ( 'NONE', #5697, #4223 ) ;
#4256 = VECTOR ( 'NONE', #1061, 1000.000000000000000 ) ;
#4257 = EDGE_CURVE ( 'NONE', #5423, #3219, #1542, .T. ) ;
#4258 = DIRECTION ( 'NONE',  ( -0.3971312619664671417, -0.8516507396395217588, 0.3420201433254724810 ) ) ;
#4259 = ORIENTED_EDGE ( 'NONE', *, *, #4151, .F. ) ;
#4260 = UNCERTAINTY_MEASURE_WITH_UNIT (LENGTH_MEASURE( 1.000000000000000082E-05 ), #2254, 'distance_accuracy_value', 'NONE');
#4261 = CARTESIAN_POINT ( 'NONE',  ( -6.313119520967000575, -2.771830389575000275, 1.999999999999998224 ) ) ;
#4262 = DIRECTION ( 'NONE',  ( 1.000000000000000000, 0.000000000000000000, 0.000000000000000000 ) ) ;
#4263 = AXIS2_PLACEMENT_3D ( 'NONE', #3031, #5957, #5925 ) ;
#4264 =( NAMED_UNIT ( * ) SI_UNIT ( $, .STERADIAN. ) SOLID_ANGLE_UNIT ( ) );
#4265 = EDGE_LOOP ( 'NONE', ( #2044, #5436, #1955, #4203 ) ) ;
#4266 = PRODUCT_DEFINITION ( 'UNKNOWN', '', #5139, #1929 ) ;
#4267 = CIRCLE ( 'NONE', #5735, 0.8999999999999998002 ) ;
#4268 =( LENGTH_UNIT ( ) NAMED_UNIT ( * ) SI_UNIT ( .MILLI., .METRE. ) );
#4269 =( NAMED_UNIT ( * ) SI_UNIT ( $, .STERADIAN. ) SOLID_ANGLE_UNIT ( ) );
#4270 = DIRECTION ( 'NONE',  ( 1.000000000000000000, 0.000000000000000000, 0.000000000000000000 ) ) ;
#4271 = SURFACE_STYLE_USAGE ( .BOTH. , #4739 ) ;
#4272 = AXIS2_PLACEMENT_3D ( 'NONE', #491, #2485, #5555 ) ;
#4273 = ORIENTED_EDGE ( 'NONE', *, *, #4567, .T. ) ;
#4274 = EDGE_CURVE ( 'NONE', #3488, #4934, #3685, .T. ) ;
#4275 = VERTEX_POINT ( 'NONE', #2181 ) ;
#4276 = SURFACE_STYLE_USAGE ( .BOTH. , #4877 ) ;
#4277 = PRESENTATION_STYLE_ASSIGNMENT (( #4341 ) ) ;
#4278 = MECHANICAL_DESIGN_GEOMETRIC_PRESENTATION_REPRESENTATION (  '', ( #2466 ), #1346 ) ;
#4279 = PRODUCT_DEFINITION_SHAPE ( 'NONE', 'NONE',  #2389 ) ;
#4280 =( NAMED_UNIT ( * ) SI_UNIT ( $, .STERADIAN. ) SOLID_ANGLE_UNIT ( ) );
#4281 = DIRECTION ( 'NONE',  ( 0.000000000000000000, 1.000000000000000000, 2.313393592160999896E-16 ) ) ;
#4282 = ADVANCED_FACE ( 'NONE', ( #3589 ), #2116, .T. ) ;
#4283 = LINE ( 'NONE', #5785, #6003 ) ;
#4284 = CARTESIAN_POINT ( 'NONE',  ( -5.750000000000000000, 3.419999999999999929, -5.750000000000000000 ) ) ;
#4285 = CYLINDRICAL_SURFACE ( 'NONE', #5405, 3.350000000000000089 ) ;
#4286 = PRESENTATION_LAYER_ASSIGNMENT (  '', '', ( #4926 ) ) ;
#4287 = DIRECTION ( 'NONE',  ( 0.000000000000000000, -0.000000000000000000, -1.000000000000000000 ) ) ;
#4288 = PLANE ( 'NONE',  #5338 ) ;
#4289 =( LENGTH_UNIT ( ) NAMED_UNIT ( * ) SI_UNIT ( .MILLI., .METRE. ) );
#4290 = CARTESIAN_POINT ( 'NONE',  ( -6.313119520966998799, -2.771830389575000719, -1.999999999999996669 ) ) ;
#4291 = EDGE_LOOP ( 'NONE', ( #6456, #771, #1181, #4259 ) ) ;
#4292 = AXIS2_PLACEMENT_3D ( 'NONE', #3506, #5400, #2983 ) ;
#4293 = SURFACE_SIDE_STYLE ('',( #283 ) ) ;
#4294 = EDGE_CURVE ( 'NONE', #5643, #4524, #4679, .T. ) ;
#4295 = PRESENTATION_LAYER_ASSIGNMENT (  '', '', ( #3014 ) ) ;
#4296 = ORIENTED_EDGE ( 'NONE', *, *, #3837, .T. ) ;
#4297 = SURFACE_STYLE_FILL_AREA ( #1669 ) ;
#4298 = CARTESIAN_POINT ( 'NONE',  ( 6.022835988174000121, -3.394345434564999930, -0.5000000000000000000 ) ) ;
#4299 =( NAMED_UNIT ( * ) PLANE_ANGLE_UNIT ( ) SI_UNIT ( $, .RADIAN. ) );
#4300 = EDGE_LOOP ( 'NONE', ( #3462, #6052, #6105, #4411 ) ) ;
#4301 = COLOUR_RGB ( '',1.000000000000000000, 0.000000000000000000, 0.000000000000000000 ) ;
#4302 = ORIENTED_EDGE ( 'NONE', *, *, #4004, .T. ) ;
#4303 = CYLINDRICAL_SURFACE ( 'NONE', #6333, 0.5000000000000000000 ) ;
#4304 = CARTESIAN_POINT ( 'NONE',  ( -6.788288473375239995, -1.752827282717128066, -3.000000000000000000 ) ) ;
#4305 = FILL_AREA_STYLE_COLOUR ( '', #4511 ) ;
#4306 = MECHANICAL_DESIGN_GEOMETRIC_PRESENTATION_REPRESENTATION (  '', ( #5561 ), #1373 ) ;
#4307 = FILL_AREA_STYLE ('',( #2285 ) ) ;
#4308 = EDGE_CURVE ( 'NONE', #1628, #677, #2683, .T. ) ;
#4309 = DIRECTION ( 'NONE',  ( 0.000000000000000000, -2.299999999999999903E-16, 1.000000000000000000 ) ) ;
#4310 = CIRCLE ( 'NONE', #5154, 0.9000000000000002442 ) ;
#4311 = CARTESIAN_POINT ( 'NONE',  ( 6.780251405660771447, -1.632567503341899595, 2.000000000000000000 ) ) ;
#4312 = DIRECTION ( 'NONE',  ( 0.000000000000000000, -1.000000000000000000, -2.220446049250000002E-16 ) ) ;
#4313 = UNCERTAINTY_MEASURE_WITH_UNIT (LENGTH_MEASURE( 1.000000000000000082E-05 ), #3728, 'distance_accuracy_value', 'NONE');
#4314 = FILL_AREA_STYLE_COLOUR ( '', #424 ) ;
#4315 = EDGE_CURVE ( 'NONE', #6382, #3417, #3201, .T. ) ;
#4316 = DIRECTION ( 'NONE',  ( 0.000000000000000000, 0.000000000000000000, -1.000000000000000000 ) ) ;
#4317 = FACE_OUTER_BOUND ( 'NONE', #4238, .T. ) ;
#4318 = ORIENTED_EDGE ( 'NONE', *, *, #3432, .F. ) ;
#4319 = SURFACE_STYLE_FILL_AREA ( #425 ) ;
#4320 = UNCERTAINTY_MEASURE_WITH_UNIT (LENGTH_MEASURE( 1.000000000000000082E-05 ), #3074, 'distance_accuracy_value', 'NONE');
#4321 = SURFACE_SIDE_STYLE ('',( #5371 ) ) ;
#4322 =( LENGTH_UNIT ( ) NAMED_UNIT ( * ) SI_UNIT ( .MILLI., .METRE. ) );
#4323 = PRESENTATION_LAYER_ASSIGNMENT (  '', '', ( #4105 ) ) ;
#4324 = PRESENTATION_STYLE_ASSIGNMENT (( #2798 ) ) ;
#4325 = SURFACE_STYLE_USAGE ( .BOTH. , #3782 ) ;
#4326 = ORIENTED_EDGE ( 'NONE', *, *, #6155, .F. ) ;
#4327 =( GEOMETRIC_REPRESENTATION_CONTEXT ( 3 ) GLOBAL_UNCERTAINTY_ASSIGNED_CONTEXT ( ( #1222 ) ) GLOBAL_UNIT_ASSIGNED_CONTEXT ( ( #1202, #6143, #4669 ) ) REPRESENTATION_CONTEXT ( 'NONE', 'WORKASPACE' ) );
#4328 = EDGE_CURVE ( 'NONE', #4524, #2406, #5618, .T. ) ;
#4329 = AXIS2_PLACEMENT_3D ( 'NONE', #966, #2959, #4993 ) ;
#4330 = CARTESIAN_POINT ( 'NONE',  ( 6.022835988173986799, -3.394345434565028352, 2.750000000000087041 ) ) ;
#4331 = SURFACE_STYLE_USAGE ( .BOTH. , #1376 ) ;
#4332 = MECHANICAL_DESIGN_GEOMETRIC_PRESENTATION_REPRESENTATION (  '', ( #958 ), #4763 ) ;
#4333 = AXIS2_PLACEMENT_3D ( 'NONE', #5404, #4828, #861 ) ;
#4334 = FILL_AREA_STYLE ('',( #2707 ) ) ;
#4335 = PRESENTATION_LAYER_ASSIGNMENT (  '', '', ( #4015 ) ) ;
#4336 = VERTEX_POINT ( 'NONE', #2865 ) ;
#4337 = EDGE_CURVE ( 'NONE', #6382, #3560, #2341, .T. ) ;
#4338 = ORIENTED_EDGE ( 'NONE', *, *, #588, .F. ) ;
#4339 = MECHANICAL_DESIGN_GEOMETRIC_PRESENTATION_REPRESENTATION (  '', ( #3474 ), #1609 ) ;
#4340 = DIRECTION ( 'NONE',  ( 0.000000000000000000, 1.000000000000000000, 2.220446049250000002E-16 ) ) ;
#4341 = SURFACE_STYLE_USAGE ( .BOTH. , #2749 ) ;
#4342 =( LENGTH_UNIT ( ) NAMED_UNIT ( * ) SI_UNIT ( .MILLI., .METRE. ) );
#4343 = CIRCLE ( 'NONE', #5702, 0.3750000000020004554 ) ;
#4344 = CYLINDRICAL_SURFACE ( 'NONE', #3100, 3.350000000000000089 ) ;
#4345 = VECTOR ( 'NONE', #218, 1000.000000000000000 ) ;
#4346 = SURFACE_STYLE_USAGE ( .BOTH. , #2810 ) ;
#4347 =( NAMED_UNIT ( * ) SI_UNIT ( $, .STERADIAN. ) SOLID_ANGLE_UNIT ( ) );
#4348 =( NAMED_UNIT ( * ) PLANE_ANGLE_UNIT ( ) SI_UNIT ( $, .RADIAN. ) );
#4349 = FACE_OUTER_BOUND ( 'NONE', #4678, .T. ) ;
#4350 = DIRECTION ( 'NONE',  ( -0.000000000000000000, -0.000000000000000000, 1.000000000000000000 ) ) ;
#4351 = CARTESIAN_POINT ( 'NONE',  ( 6.022835988174000121, -3.394345434564999930, 2.000000000000000000 ) ) ;
#4352 = DIRECTION ( 'NONE',  ( -0.000000000000000000, -0.000000000000000000, -1.000000000000000000 ) ) ;
#4353 = CARTESIAN_POINT ( 'NONE',  ( 6.124999999997999822, -1.145024611515000013, -0.5000000000000000000 ) ) ;
#4354 = ORIENTED_EDGE ( 'NONE', *, *, #975, .F. ) ;
#4355 = STYLED_ITEM ( 'NONE', ( #258 ), #6432 ) ;
#4356 = EDGE_CURVE ( 'NONE', #2817, #5099, #4910, .T. ) ;
#4357 = PLANE ( 'NONE',  #5384 ) ;
#4358 = CARTESIAN_POINT ( 'NONE',  ( 6.000000000000000000, -1.145024611515000013, 3.000000000000000000 ) ) ;
#4359 = SURFACE_STYLE_USAGE ( .BOTH. , #203 ) ;
#4360 = COLOUR_RGB ( '',0.2509803921568627416, 0.2509803921568627416, 0.2509803921568627416 ) ;
#4361 = FILL_AREA_STYLE ('',( #1310 ) ) ;
#4362 = DIRECTION ( 'NONE',  ( -1.000000000000000000, 0.000000000000000000, 0.000000000000000000 ) ) ;
#4363 = ORIENTED_EDGE ( 'NONE', *, *, #5390, .F. ) ;
#4364 = AXIS2_PLACEMENT_3D ( 'NONE', #3309, #3277, #2762 ) ;
#4365 = ADVANCED_FACE ( 'NONE', ( #382 ), #4303, .F. ) ;
#4366 = CARTESIAN_POINT ( 'NONE',  ( -4.500000000000000888, 2.919999999999999929, 5.400000000000000355 ) ) ;
#4367 = CARTESIAN_POINT ( 'NONE',  ( 4.500000000000000888, 4.419999999999999929, -3.600000000000000533 ) ) ;
#4368 =( GEOMETRIC_REPRESENTATION_CONTEXT ( 3 ) GLOBAL_UNCERTAINTY_ASSIGNED_CONTEXT ( ( #3181 ) ) GLOBAL_UNIT_ASSIGNED_CONTEXT ( ( #1084, #4011, #4047 ) ) REPRESENTATION_CONTEXT ( 'NONE', 'WORKASPACE' ) );
#4369 = CARTESIAN_POINT ( 'NONE',  ( -4.500000000000000888, 3.419999999999999929, 4.500000000000000888 ) ) ;
#4370 = ORIENTED_EDGE ( 'NONE', *, *, #4233, .T. ) ;
#4371 = VECTOR ( 'NONE', #4895, 1000.000000000000000 ) ;
#4372 = CIRCLE ( 'NONE', #2562, 3.350000000000000089 ) ;
#4373 = ORIENTED_EDGE ( 'NONE', *, *, #1860, .F. ) ;
#4374 = CARTESIAN_POINT ( 'NONE',  ( -6.000000000000000000, 2.659999999999999836E-15, -6.000000000000000000 ) ) ;
#4375 = SURFACE_STYLE_USAGE ( .BOTH. , #1944 ) ;
#4376 = AXIS2_PLACEMENT_3D ( 'NONE', #5137, #1680, #3594 ) ;
#4377 = CIRCLE ( 'NONE', #5623, 3.350000000000000089 ) ;
#4378 = COLOUR_RGB ( '',0.7960784313725489669, 0.8235294117647058432, 0.9372549019607843146 ) ;
#4379 = ORIENTED_EDGE ( 'NONE', *, *, #2561, .F. ) ;
#4380 = SURFACE_STYLE_USAGE ( .BOTH. , #4814 ) ;
#4381 =( LENGTH_UNIT ( ) NAMED_UNIT ( * ) SI_UNIT ( .MILLI., .METRE. ) );
#4382 = DIRECTION ( 'NONE',  ( -0.000000000000000000, -1.000000000000000000, -2.220446049250000002E-16 ) ) ;
#4383 = CYLINDRICAL_SURFACE ( 'NONE', #6444, 0.8999999999999998002 ) ;
#4384 = CARTESIAN_POINT ( 'NONE',  ( 6.674999999997999645, -1.699999999999999956, 3.000000000000000000 ) ) ;
#4385 = UNCERTAINTY_MEASURE_WITH_UNIT (LENGTH_MEASURE( 1.000000000000000082E-05 ), #3851, 'distance_accuracy_value', 'NONE');
#4386 = PRESENTATION_STYLE_ASSIGNMENT (( #2356 ) ) ;
#4387 = FILL_AREA_STYLE_COLOUR ( '', #3605 ) ;
#4388 = DIRECTION ( 'NONE',  ( 0.000000000000000000, 0.000000000000000000, -1.000000000000000000 ) ) ;
#4389 = DIRECTION ( 'NONE',  ( 0.000000000000000000, 1.000000000000000000, 2.313393592160999896E-16 ) ) ;
#4390 = DIRECTION ( 'NONE',  ( -0.000000000000000000, -0.000000000000000000, -1.000000000000000000 ) ) ;
#4391 =( REPRESENTATION_RELATIONSHIP ('NONE','NONE', #3796, #6266 ) REPRESENTATION_RELATIONSHIP_WITH_TRANSFORMATION ( #40 )SHAPE_REPRESENTATION_RELATIONSHIP( ) );
#4392 = CARTESIAN_POINT ( 'NONE',  ( -6.375000000002000178, -0.5000000000000000000, 2.000000000000000000 ) ) ;
#4393 = SURFACE_STYLE_USAGE ( .BOTH. , #210 ) ;
#4394 = DIRECTION ( 'NONE',  ( 1.000000000000000000, 0.000000000000000000, 0.000000000000000000 ) ) ;
#4395 = PRODUCT_DEFINITION_CONTEXT ( 'detailed design', #679, 'design' ) ;
#4396 = SURFACE_STYLE_USAGE ( .BOTH. , #4293 ) ;
#4397 =( GEOMETRIC_REPRESENTATION_CONTEXT ( 3 ) GLOBAL_UNCERTAINTY_ASSIGNED_CONTEXT ( ( #3631 ) ) GLOBAL_UNIT_ASSIGNED_CONTEXT ( ( #2123, #5554, #2662 ) ) REPRESENTATION_CONTEXT ( 'NONE', 'WORKASPACE' ) );
#4398 = ORIENTED_EDGE ( 'NONE', *, *, #5784, .T. ) ;
#4399 = ORIENTED_EDGE ( 'NONE', *, *, #110, .T. ) ;
#4400 = UNCERTAINTY_MEASURE_WITH_UNIT (LENGTH_MEASURE( 1.000000000000000082E-05 ), #4627, 'distance_accuracy_value', 'NONE');
#4401 = CYLINDRICAL_SURFACE ( 'NONE', #2304, 0.8999999999999998002 ) ;
#4402 = EDGE_CURVE ( 'NONE', #4444, #2311, #5387, .T. ) ;
#4403 = ORIENTED_EDGE ( 'NONE', *, *, #5484, .T. ) ;
#4404 = UNCERTAINTY_MEASURE_WITH_UNIT (LENGTH_MEASURE( 1.000000000000000082E-05 ), #5526, 'distance_accuracy_value', 'NONE');
#4405 = ORIENTED_EDGE ( 'NONE', *, *, #1882, .F. ) ;
#4406 = FILL_AREA_STYLE ('',( #6312 ) ) ;
#4407 =( LENGTH_UNIT ( ) NAMED_UNIT ( * ) SI_UNIT ( .MILLI., .METRE. ) );
#4408 = FILL_AREA_STYLE ('',( #4500 ) ) ;
#4409 = SURFACE_STYLE_USAGE ( .BOTH. , #2867 ) ;
#4410 = CARTESIAN_POINT ( 'NONE',  ( -6.375000000002000178, 0.8750000000020000668, -2.000000000000000000 ) ) ;
#4411 = ORIENTED_EDGE ( 'NONE', *, *, #4616, .T. ) ;
#4412 = CARTESIAN_POINT ( 'NONE',  ( -6.780251405660887798, -1.632567503341825432, 3.000000000000000000 ) ) ;
#4413 =( GEOMETRIC_REPRESENTATION_CONTEXT ( 3 ) GLOBAL_UNCERTAINTY_ASSIGNED_CONTEXT ( ( #6342 ) ) GLOBAL_UNIT_ASSIGNED_CONTEXT ( ( #4268, #4834, #1276 ) ) REPRESENTATION_CONTEXT ( 'NONE', 'WORKASPACE' ) );
#4414 = EDGE_CURVE ( 'NONE', #2171, #5052, #4372, .T. ) ;
#4415 = ORIENTED_EDGE ( 'NONE', *, *, #574, .T. ) ;
#4416 = FILL_AREA_STYLE ('',( #3938 ) ) ;
#4417 = CARTESIAN_POINT ( 'NONE',  ( 0.000000000000000000, 6.860000000000000320, 0.5000000000000015543 ) ) ;
#4418 = CARTESIAN_POINT ( 'NONE',  ( -4.500000000000000888, 3.919999999999999929, 4.500000000000000888 ) ) ;
#4419 = DIRECTION ( 'NONE',  ( -0.000000000000000000, -0.000000000000000000, 1.000000000000000000 ) ) ;
#4420 = FILL_AREA_STYLE ('',( #5055 ) ) ;
#4421 = STYLED_ITEM ( 'NONE', ( #1096 ), #5026 ) ;
#4422 = DIRECTION ( 'NONE',  ( 0.000000000000000000, -1.000000000000000000, 0.000000000000000000 ) ) ;
#4423 =( NAMED_UNIT ( * ) PLANE_ANGLE_UNIT ( ) SI_UNIT ( $, .RADIAN. ) );
#4424 = VECTOR ( 'NONE', #5710, 1000.000000000000114 ) ;
#4425 = SURFACE_STYLE_FILL_AREA ( #5848 ) ;
#4426 = ORIENTED_EDGE ( 'NONE', *, *, #3915, .F. ) ;
#4427 = VECTOR ( 'NONE', #3060, 1000.000000000000000 ) ;
#4428 = EDGE_CURVE ( 'NONE', #2889, #5744, #4471, .T. ) ;
#4429 = LINE ( 'NONE', #1441, #623 ) ;
#4430 = FACE_OUTER_BOUND ( 'NONE', #3261, .T. ) ;
#4431 = FILL_AREA_STYLE ('',( #2860 ) ) ;
#4432 = ORIENTED_EDGE ( 'NONE', *, *, #2709, .T. ) ;
#4433 = MECHANICAL_DESIGN_GEOMETRIC_PRESENTATION_REPRESENTATION (  '', ( #1064 ), #3887 ) ;
#4434 = ORIENTED_EDGE ( 'NONE', *, *, #4494, .F. ) ;
#4435 =( NAMED_UNIT ( * ) SI_UNIT ( $, .STERADIAN. ) SOLID_ANGLE_UNIT ( ) );
#4436 = EDGE_CURVE ( 'NONE', #5276, #5948, #1285, .T. ) ;
#4437 = LINE ( 'NONE', #1855, #965 ) ;
#4438 = SURFACE_STYLE_USAGE ( .BOTH. , #3388 ) ;
#4439 = STYLED_ITEM ( 'NONE', ( #2853 ), #2592 ) ;
#4440 = MECHANICAL_DESIGN_GEOMETRIC_PRESENTATION_REPRESENTATION (  '', ( #2105 ), #3471 ) ;
#4441 = AXIS2_PLACEMENT_3D ( 'NONE', #3387, #6345, #3926 ) ;
#4442 = VERTEX_POINT ( 'NONE', #5299 ) ;
#4443 = LINE ( 'NONE', #6062, #2011 ) ;
#4444 = VERTEX_POINT ( 'NONE', #1381 ) ;
#4445 = CARTESIAN_POINT ( 'NONE',  ( 5.750000000000000000, 3.919999999999999929, -4.999999999999999112 ) ) ;
#4446 = AXIS2_PLACEMENT_3D ( 'NONE', #4487, #2987, #494 ) ;
#4447 = DIRECTION ( 'NONE',  ( 0.000000000000000000, -1.000000000000000000, -2.220446049250000002E-16 ) ) ;
#4448 = DIRECTION ( 'NONE',  ( 0.5394599732739951969, 0.8420112453139925179, 0.000000000000000000 ) ) ;
#4449 = DIRECTION ( 'NONE',  ( 0.000000000000000000, 0.000000000000000000, -1.000000000000000000 ) ) ;
#4450 = VECTOR ( 'NONE', #1454, 1000.000000000000000 ) ;
#4451 = PRESENTATION_STYLE_ASSIGNMENT (( #5587 ) ) ;
#4452 = DIRECTION ( 'NONE',  ( -1.000000000000000000, 0.000000000000000000, 0.000000000000000000 ) ) ;
#4453 = FACE_OUTER_BOUND ( 'NONE', #4857, .T. ) ;
#4454 = SURFACE_SIDE_STYLE ('',( #2677 ) ) ;
#4455 = CARTESIAN_POINT ( 'NONE',  ( 4.500000000000000888, 3.419999999999999929, 4.500000000000000888 ) ) ;
#4456 = ORIENTED_EDGE ( 'NONE', *, *, #6210, .T. ) ;
#4457 = ADVANCED_FACE ( 'NONE', ( #3792 ), #773, .T. ) ;
#4458 = VERTEX_POINT ( 'NONE', #1515 ) ;
#4459 = EDGE_LOOP ( 'NONE', ( #3921, #4456, #1240, #2237 ) ) ;
#4460 = COLOUR_RGB ( '',0.7921568627450980005, 0.8196078431372548767, 0.9333333333333333481 ) ;
#4461 = SURFACE_SIDE_STYLE ('',( #2499 ) ) ;
#4462 = AXIS2_PLACEMENT_3D ( 'NONE', #2700, #3317, #6197 ) ;
#4463 = EDGE_LOOP ( 'NONE', ( #4502, #6119, #1888, #2682 ) ) ;
#4464 =( GEOMETRIC_REPRESENTATION_CONTEXT ( 3 ) GLOBAL_UNCERTAINTY_ASSIGNED_CONTEXT ( ( #1629 ) ) GLOBAL_UNIT_ASSIGNED_CONTEXT ( ( #1685, #6185, #135 ) ) REPRESENTATION_CONTEXT ( 'NONE', 'WORKASPACE' ) );
#4465 = UNCERTAINTY_MEASURE_WITH_UNIT (LENGTH_MEASURE( 1.000000000000000082E-05 ), #2767, 'distance_accuracy_value', 'NONE');
#4466 = ORIENTED_EDGE ( 'NONE', *, *, #4294, .T. ) ;
#4467 = CARTESIAN_POINT ( 'NONE',  ( -6.000000000000000000, 0.8750000000019999558, -3.000000000000000000 ) ) ;
#4468 = SURFACE_STYLE_FILL_AREA ( #839 ) ;
#4469 = COLOUR_RGB ( '',1.000000000000000000, 0.000000000000000000, 0.000000000000000000 ) ;
#4470 = MECHANICAL_DESIGN_GEOMETRIC_PRESENTATION_REPRESENTATION (  '', ( #890 ), #2565 ) ;
#4471 = CIRCLE ( 'NONE', #1217, 0.3750000000019996227 ) ;
#4472 = ORIENTED_EDGE ( 'NONE', *, *, #1485, .T. ) ;
#4473 = EDGE_CURVE ( 'NONE', #339, #3494, #5891, .T. ) ;
#4474 = ORIENTED_EDGE ( 'NONE', *, *, #110, .F. ) ;
#4475 =( NAMED_UNIT ( * ) PLANE_ANGLE_UNIT ( ) SI_UNIT ( $, .RADIAN. ) );
#4476 = SURFACE_STYLE_FILL_AREA ( #5483 ) ;
#4477 = EDGE_LOOP ( 'NONE', ( #2969, #5216, #87, #1062 ) ) ;
#4478 = LINE ( 'NONE', #1017, #2894 ) ;
#4479 = CARTESIAN_POINT ( 'NONE',  ( 6.000000000000000000, 2.659999999999999836E-15, 6.000000000000000000 ) ) ;
#4480 = SURFACE_SIDE_STYLE ('',( #456 ) ) ;
#4481 = DIRECTION ( 'NONE',  ( 0.000000000000000000, 0.000000000000000000, -1.000000000000000000 ) ) ;
#4482 = EDGE_CURVE ( 'NONE', #3902, #1878, #1549, .T. ) ;
#4483 = VECTOR ( 'NONE', #5130, 1000.000000000000000 ) ;
#4484 = CIRCLE ( 'NONE', #2789, 0.9000000000000002442 ) ;
#4485 = CIRCLE ( 'NONE', #6039, 0.8999999999999998002 ) ;
#4486 = CARTESIAN_POINT ( 'NONE',  ( -6.500000000000000888, -0.5000000000000000000, 2.000000000000000000 ) ) ;
#4487 = CARTESIAN_POINT ( 'NONE',  ( -6.000000000000000000, 0.8750000000019999558, -2.000000000000000000 ) ) ;
#4488 = PRESENTATION_LAYER_ASSIGNMENT (  '', '', ( #2466 ) ) ;
#4489 =( LENGTH_UNIT ( ) NAMED_UNIT ( * ) SI_UNIT ( .MILLI., .METRE. ) );
#4490 = DIRECTION ( 'NONE',  ( -1.000000000000000000, -1.156482317311704608E-15, 0.000000000000000000 ) ) ;
#4491 = ORIENTED_EDGE ( 'NONE', *, *, #168, .T. ) ;
#4492 = LINE ( 'NONE', #2068, #4791 ) ;
#4493 = ORIENTED_EDGE ( 'NONE', *, *, #5611, .F. ) ;
#4494 = EDGE_CURVE ( 'NONE', #6465, #2114, #6458, .T. ) ;
#4495 = DIRECTION ( 'NONE',  ( -1.000000000000000000, 0.000000000000000000, 0.000000000000000000 ) ) ;
#4496 = ORIENTED_EDGE ( 'NONE', *, *, #500, .T. ) ;
#4497 = ORIENTED_EDGE ( 'NONE', *, *, #3132, .T. ) ;
#4498 =( LENGTH_UNIT ( ) NAMED_UNIT ( * ) SI_UNIT ( .MILLI., .METRE. ) );
#4499 = SURFACE_SIDE_STYLE ('',( #2352 ) ) ;
#4500 = FILL_AREA_STYLE_COLOUR ( '', #961 ) ;
#4501 = DIRECTION ( 'NONE',  ( 0.000000000000000000, -1.000000000000000000, 0.000000000000000000 ) ) ;
#4502 = ORIENTED_EDGE ( 'NONE', *, *, #5390, .T. ) ;
#4503 = COLOUR_RGB ( '',0.7921568627450980005, 0.8196078431372548767, 0.9333333333333333481 ) ;
#4504 = ORIENTED_EDGE ( 'NONE', *, *, #1185, .T. ) ;
#4505 = CARTESIAN_POINT ( 'NONE',  ( -6.990754216992685954, -1.497702510021041045, 3.000000000000000000 ) ) ;
#4506 = EDGE_CURVE ( 'NONE', #1628, #3967, #1978, .T. ) ;
#4507 = EDGE_LOOP ( 'NONE', ( #4399, #3676, #1421, #5990 ) ) ;
#4508 = FILL_AREA_STYLE_COLOUR ( '', #3690 ) ;
#4509 = CARTESIAN_POINT ( 'NONE',  ( -6.780251405660999708, -1.632567503341999959, 2.000000000000000000 ) ) ;
#4511 = COLOUR_RGB ( '',0.2509803921568627416, 0.2509803921568627416, 0.2509803921568627416 ) ;
#4510 =( REPRESENTATION_RELATIONSHIP ('NONE','NONE', #3796, #3121 ) REPRESENTATION_RELATIONSHIP_WITH_TRANSFORMATION ( #3081 )SHAPE_REPRESENTATION_RELATIONSHIP( ) );
#4512 = AXIS2_PLACEMENT_3D ( 'NONE', #3795, #2222, #1771 ) ;
#4513 = VECTOR ( 'NONE', #1875, 1000.000000000000000 ) ;
#4514 = FILL_AREA_STYLE_COLOUR ( '', #910 ) ;
#4515 = SURFACE_STYLE_USAGE ( .BOTH. , #6010 ) ;
#4516 = CYLINDRICAL_SURFACE ( 'NONE', #1056, 0.9000000000000002442 ) ;
#4517 = AXIS2_PLACEMENT_3D ( 'NONE', #6393, #2886, #249 ) ;
#4518 = EDGE_CURVE ( 'NONE', #4994, #6082, #1910, .T. ) ;
#4519 = CARTESIAN_POINT ( 'NONE',  ( -6.000000000000000000, 2.659999999999999836E-15, 6.000000000000000000 ) ) ;
#4520 = DIRECTION ( 'NONE',  ( 0.000000000000000000, 0.000000000000000000, 1.000000000000000000 ) ) ;
#4521 = VECTOR ( 'NONE', #4258, 999.9999999999998863 ) ;
#4522 = CYLINDRICAL_SURFACE ( 'NONE', #2319, 0.1249999999979999749 ) ;
#4523 =( GEOMETRIC_REPRESENTATION_CONTEXT ( 3 ) GLOBAL_UNCERTAINTY_ASSIGNED_CONTEXT ( ( #1682 ) ) GLOBAL_UNIT_ASSIGNED_CONTEXT ( ( #3739, #2725, #231 ) ) REPRESENTATION_CONTEXT ( 'NONE', 'WORKASPACE' ) );
#4524 = VERTEX_POINT ( 'NONE', #1412 ) ;
#4525 = CARTESIAN_POINT ( 'NONE',  ( -4.500000000000000888, 2.919999999999999929, -5.400000000000000355 ) ) ;
#4526 = ORIENTED_EDGE ( 'NONE', *, *, #3247, .T. ) ;
#4527 = VECTOR ( 'NONE', #4287, 1000.000000000000000 ) ;
#4528 =( LENGTH_UNIT ( ) NAMED_UNIT ( * ) SI_UNIT ( .MILLI., .METRE. ) );
#4529 = LINE ( 'NONE', #4903, #2511 ) ;
#4530 = PRESENTATION_LAYER_ASSIGNMENT (  '', '', ( #5778 ) ) ;
#4531 = VERTEX_POINT ( 'NONE', #1478 ) ;
#4532 = PRODUCT_DEFINITION_SHAPE ( 'NONE', 'NONE',  #4266 ) ;
#4533 = EDGE_CURVE ( 'NONE', #2138, #2004, #6424, .T. ) ;
#4534 = ORIENTED_EDGE ( 'NONE', *, *, #3521, .F. ) ;
#4535 = DIRECTION ( 'NONE',  ( -0.000000000000000000, 1.000000000000000000, 0.000000000000000000 ) ) ;
#4536 = FILL_AREA_STYLE ('',( #3525 ) ) ;
#4537 = SURFACE_SIDE_STYLE ('',( #5092 ) ) ;
#4538 = DIRECTION ( 'NONE',  ( -0.8420112453139925179, -0.5394599732739951969, 0.000000000000000000 ) ) ;
#4539 = EDGE_LOOP ( 'NONE', ( #835, #3165, #2765, #5678 ) ) ;
#4540 = ADVANCED_FACE ( 'NONE', ( #5472 ), #3996, .T. ) ;
#4541 = ORIENTED_EDGE ( 'NONE', *, *, #295, .F. ) ;
#4542 = CARTESIAN_POINT ( 'NONE',  ( 6.000000000000000000, 1.250000000004000134, 3.000000000000000000 ) ) ;
#4543 = COLOUR_RGB ( '',0.7960784313725489669, 0.8235294117647058432, 0.9372549019607843146 ) ;
#4544 = PLANE ( 'NONE',  #1397 ) ;
#4545 = ORIENTED_EDGE ( 'NONE', *, *, #3491, .T. ) ;
#4546 = COLOUR_RGB ( '',0.7960784313725489669, 0.8235294117647058432, 0.9372549019607843146 ) ;
#4547 = DIRECTION ( 'NONE',  ( 1.000000000000000000, 0.000000000000000000, -0.000000000000000000 ) ) ;
#4548 = SURFACE_STYLE_FILL_AREA ( #5353 ) ;
#4549 =( NAMED_UNIT ( * ) PLANE_ANGLE_UNIT ( ) SI_UNIT ( $, .RADIAN. ) );
#4550 =( GEOMETRIC_REPRESENTATION_CONTEXT ( 3 ) GLOBAL_UNCERTAINTY_ASSIGNED_CONTEXT ( ( #4179 ) ) GLOBAL_UNIT_ASSIGNED_CONTEXT ( ( #1015, #2023, #652 ) ) REPRESENTATION_CONTEXT ( 'NONE', 'WORKASPACE' ) );
#4551 = AXIS2_PLACEMENT_3D ( 'NONE', #2888, #3513, #461 ) ;
#4552 = VECTOR ( 'NONE', #3555, 1000.000000000000000 ) ;
#4553 = EDGE_CURVE ( 'NONE', #2600, #4103, #477, .T. ) ;
#4554 = CARTESIAN_POINT ( 'NONE',  ( 4.500000000000000888, 3.419999999999999929, 4.500000000000000888 ) ) ;
#4555 =( NAMED_UNIT ( * ) PLANE_ANGLE_UNIT ( ) SI_UNIT ( $, .RADIAN. ) );
#4556 =( NAMED_UNIT ( * ) SI_UNIT ( $, .STERADIAN. ) SOLID_ANGLE_UNIT ( ) );
#4557 = FILL_AREA_STYLE_COLOUR ( '', #1405 ) ;
#4558 = CIRCLE ( 'NONE', #2755, 0.1249999999979999749 ) ;
#4559 = ITEM_DEFINED_TRANSFORMATION ( 'NONE', 'NONE', #816,  #3487 ) ;
#4560 = DIRECTION ( 'NONE',  ( 0.000000000000000000, 0.000000000000000000, -1.000000000000000000 ) ) ;
#4561 = EDGE_CURVE ( 'NONE', #2474, #1932, #2432, .T. ) ;
#4562 = CARTESIAN_POINT ( 'NONE',  ( -6.375000000002000178, -0.5000000000000000000, 2.000000000000000000 ) ) ;
#4563 = ORIENTED_EDGE ( 'NONE', *, *, #5784, .F. ) ;
#4564 = PLANE ( 'NONE',  #2191 ) ;
#4565 = SURFACE_STYLE_USAGE ( .BOTH. , #2637 ) ;
#4566 = ORIENTED_EDGE ( 'NONE', *, *, #2794, .T. ) ;
#4567 = EDGE_CURVE ( 'NONE', #3191, #4994, #506, .T. ) ;
#4568 =( GEOMETRIC_REPRESENTATION_CONTEXT ( 3 ) GLOBAL_UNCERTAINTY_ASSIGNED_CONTEXT ( ( #579 ) ) GLOBAL_UNIT_ASSIGNED_CONTEXT ( ( #4613, #2480, #5718 ) ) REPRESENTATION_CONTEXT ( 'NONE', 'WORKASPACE' ) );
#4569 = ORIENTED_EDGE ( 'NONE', *, *, #4553, .T. ) ;
#4570 = DIRECTION ( 'NONE',  ( -0.9063077870379250278, -0.4226182617379650730, 0.000000000000000000 ) ) ;
#4571 = DIRECTION ( 'NONE',  ( 0.000000000000000000, 0.000000000000000000, -1.000000000000000000 ) ) ;
#4572 = DIRECTION ( 'NONE',  ( -0.000000000000000000, 1.000000000000000000, 0.000000000000000000 ) ) ;
#4573 =( NAMED_UNIT ( * ) SI_UNIT ( $, .STERADIAN. ) SOLID_ANGLE_UNIT ( ) );
#4574 = COLOUR_RGB ( '',1.000000000000000000, 1.000000000000000000, 1.000000000000000000 ) ;
#4575 = ORIENTED_EDGE ( 'NONE', *, *, #2527, .F. ) ;
#4576 = AXIS2_PLACEMENT_3D ( 'NONE', #1195, #232, #271 ) ;
#4577 = ORIENTED_EDGE ( 'NONE', *, *, #5511, .F. ) ;
#4578 = LINE ( 'NONE', #4946, #5593 ) ;
#4579 = SURFACE_STYLE_USAGE ( .BOTH. , #5615 ) ;
#4580 = FACE_OUTER_BOUND ( 'NONE', #1847, .T. ) ;
#4581 = CARTESIAN_POINT ( 'NONE',  ( 6.184245783005000163, -0.7022974899789999892, 3.000000000000000000 ) ) ;
#4582 = VECTOR ( 'NONE', #2035, 1000.000000000000000 ) ;
#4583 = PLANE ( 'NONE',  #6463 ) ;
#4584 = EDGE_CURVE ( 'NONE', #5832, #5743, #15, .T. ) ;
#4585 =( LENGTH_UNIT ( ) NAMED_UNIT ( * ) SI_UNIT ( .MILLI., .METRE. ) );
#4586 =( GEOMETRIC_REPRESENTATION_CONTEXT ( 3 ) GLOBAL_UNCERTAINTY_ASSIGNED_CONTEXT ( ( #5685 ) ) GLOBAL_UNIT_ASSIGNED_CONTEXT ( ( #4961, #2165, #5696 ) ) REPRESENTATION_CONTEXT ( 'NONE', 'WORKASPACE' ) );
#4587 = MECHANICAL_DESIGN_GEOMETRIC_PRESENTATION_REPRESENTATION (  '', ( #469 ), #2674 ) ;
#4588 = FACE_OUTER_BOUND ( 'NONE', #765, .T. ) ;
#4589 = DIRECTION ( 'NONE',  ( -0.000000000000000000, -0.000000000000000000, 1.000000000000000000 ) ) ;
#4590 = SURFACE_SIDE_STYLE ('',( #4082 ) ) ;
#4591 = CARTESIAN_POINT ( 'NONE',  ( 6.431676668869999780, -1.145024611515000013, 3.000000000000000000 ) ) ;
#4592 = SURFACE_STYLE_USAGE ( .BOTH. , #5462 ) ;
#4593 = CONTEXT_DEPENDENT_SHAPE_REPRESENTATION ( #3911, #1596 ) ;
#4594 = COLOUR_RGB ( '',0.7960784313725489669, 0.8235294117647058432, 0.9372549019607843146 ) ;
#4595 =( GEOMETRIC_REPRESENTATION_CONTEXT ( 3 ) GLOBAL_UNCERTAINTY_ASSIGNED_CONTEXT ( ( #3125 ) ) GLOBAL_UNIT_ASSIGNED_CONTEXT ( ( #1347, #5253, #2801 ) ) REPRESENTATION_CONTEXT ( 'NONE', 'WORKASPACE' ) );
#4596 =( NAMED_UNIT ( * ) PLANE_ANGLE_UNIT ( ) SI_UNIT ( $, .RADIAN. ) );
#4597 = CARTESIAN_POINT ( 'NONE',  ( -6.000000000000000000, 1.250000000004000134, 3.000000000000000000 ) ) ;
#4598 = STYLED_ITEM ( 'NONE', ( #2932 ), #3207 ) ;
#4599 = VERTEX_POINT ( 'NONE', #6022 ) ;
#4600 = DIRECTION ( 'NONE',  ( 0.000000000000000000, -1.000000000000000000, -2.220446049250000002E-16 ) ) ;
#4601 = SURFACE_SIDE_STYLE ('',( #2567 ) ) ;
#4602 = VECTOR ( 'NONE', #4246, 1000.000000000000000 ) ;
#4603 = ORIENTED_EDGE ( 'NONE', *, *, #3837, .F. ) ;
#4604 = EDGE_LOOP ( 'NONE', ( #772, #1602, #600, #1068, #5764, #4354 ) ) ;
#4605 = SURFACE_SIDE_STYLE ('',( #1572 ) ) ;
#4606 = FACE_OUTER_BOUND ( 'NONE', #1539, .T. ) ;
#4607 = CARTESIAN_POINT ( 'NONE',  ( 6.184245783005000163, -0.7022974899789999892, 0.5000000000000000000 ) ) ;
#4608 = EDGE_CURVE ( 'NONE', #1785, #2313, #6053, .T. ) ;
#4609 =( NAMED_UNIT ( * ) PLANE_ANGLE_UNIT ( ) SI_UNIT ( $, .RADIAN. ) );
#4610 = VERTEX_POINT ( 'NONE', #4673 ) ;
#4611 = ORIENTED_EDGE ( 'NONE', *, *, #5979, .T. ) ;
#4612 = DIRECTION ( 'NONE',  ( -1.000000000000000000, 0.000000000000000000, 0.000000000000000000 ) ) ;
#4613 =( LENGTH_UNIT ( ) NAMED_UNIT ( * ) SI_UNIT ( .MILLI., .METRE. ) );
#4614 = DIRECTION ( 'NONE',  ( -0.000000000000000000, -0.000000000000000000, -1.000000000000000000 ) ) ;
#4615 =( NAMED_UNIT ( * ) PLANE_ANGLE_UNIT ( ) SI_UNIT ( $, .RADIAN. ) );
#4616 = EDGE_CURVE ( 'NONE', #4734, #2817, #4913, .T. ) ;
#4617 = FILL_AREA_STYLE ('',( #2590 ) ) ;
#4618 = PRESENTATION_STYLE_ASSIGNMENT (( #2591 ) ) ;
#4619 = PRODUCT_DEFINITION_FORMATION_WITH_SPECIFIED_SOURCE ( 'ANY', '', #3204, .NOT_KNOWN. ) ;
#4620 = SURFACE_STYLE_USAGE ( .BOTH. , #76 ) ;
#4621 = DIRECTION ( 'NONE',  ( -1.000000000000000000, 0.000000000000000000, -0.000000000000000000 ) ) ;
#4622 = CARTESIAN_POINT ( 'NONE',  ( 5.750000000000000000, 3.419999999999999929, 5.750000000000000000 ) ) ;
#4623 = PRODUCT_CONTEXT ( 'NONE', #803, 'mechanical' ) ;
#4624 = FACE_OUTER_BOUND ( 'NONE', #5196, .T. ) ;
#4625 = COLOUR_RGB ( '',1.000000000000000000, 1.000000000000000000, 1.000000000000000000 ) ;
#4626 = CIRCLE ( 'NONE', #5552, 0.1249999999979999749 ) ;
#4627 =( LENGTH_UNIT ( ) NAMED_UNIT ( * ) SI_UNIT ( .MILLI., .METRE. ) );
#4628 = ORIENTED_EDGE ( 'NONE', *, *, #2823, .F. ) ;
#4629 = COLOUR_RGB ( '',0.7960784313725489669, 0.8235294117647058432, 0.9372549019607843146 ) ;
#4630 = DIRECTION ( 'NONE',  ( -0.4226182617379650730, 0.9063077870379250278, 0.000000000000000000 ) ) ;
#4631 = VECTOR ( 'NONE', #2367, 1000.000000000000000 ) ;
#4632 = VERTEX_POINT ( 'NONE', #640 ) ;
#4633 = VECTOR ( 'NONE', #4196, 1000.000000000000000 ) ;
#4634 = ADVANCED_FACE ( 'NONE', ( #4735 ), #3128, .F. ) ;
#4635 = ORIENTED_EDGE ( 'NONE', *, *, #2617, .T. ) ;
#4636 = FILL_AREA_STYLE ('',( #3065 ) ) ;
#4637 = PRESENTATION_STYLE_ASSIGNMENT (( #6111 ) ) ;
#4638 = FACE_OUTER_BOUND ( 'NONE', #2906, .T. ) ;
#4639 = PRESENTATION_STYLE_ASSIGNMENT (( #6147 ) ) ;
#4640 = COLOUR_RGB ( '',1.000000000000000000, 0.000000000000000000, 0.000000000000000000 ) ;
#4641 =( NAMED_UNIT ( * ) PLANE_ANGLE_UNIT ( ) SI_UNIT ( $, .RADIAN. ) );
#4642 = SURFACE_STYLE_USAGE ( .BOTH. , #6115 ) ;
#4643 = ORIENTED_EDGE ( 'NONE', *, *, #6420, .T. ) ;
#4644 = EDGE_CURVE ( 'NONE', #3967, #275, #6086, .T. ) ;
#4645 = PRESENTATION_LAYER_ASSIGNMENT (  '', '', ( #2092 ) ) ;
#4646 = ORIENTED_EDGE ( 'NONE', *, *, #4553, .F. ) ;
#4647 = ORIENTED_EDGE ( 'NONE', *, *, #3484, .F. ) ;
#4648 = STYLED_ITEM ( 'NONE', ( #4386 ), #657 ) ;
#4649 = PRODUCT ( 'Body004', 'Body004', '', ( #2164 ) ) ;
#4650 = SURFACE_STYLE_FILL_AREA ( #1558 ) ;
#4651 = FACE_BOUND ( 'NONE', #3959, .T. ) ;
#4652 = FILL_AREA_STYLE_COLOUR ( '', #1221 ) ;
#4653 = EDGE_CURVE ( 'NONE', #5518, #3136, #5708, .T. ) ;
#4654 = UNCERTAINTY_MEASURE_WITH_UNIT (LENGTH_MEASURE( 1.000000000000000082E-05 ), #2844, 'distance_accuracy_value', 'NONE');
#4655 = CARTESIAN_POINT ( 'NONE',  ( 6.500000000000000888, -0.5000000000000000000, 3.000000000000000000 ) ) ;
#4656 = SURFACE_STYLE_FILL_AREA ( #1588 ) ;
#4657 = DIRECTION ( 'NONE',  ( -0.000000000000000000, -0.000000000000000000, -1.000000000000000000 ) ) ;
#4658 = FACE_OUTER_BOUND ( 'NONE', #3103, .T. ) ;
#4659 = CARTESIAN_POINT ( 'NONE',  ( 5.750000000000000000, 3.919999999999999929, 5.750000000000000000 ) ) ;
#4660 = CONTEXT_DEPENDENT_SHAPE_REPRESENTATION ( #5958, #4164 ) ;
#4661 = AXIS2_PLACEMENT_3D ( 'NONE', #4733, #2236, #3746 ) ;
#4662 = CARTESIAN_POINT ( 'NONE',  ( -1.905000000000000027, 7.360000000000000320, -1.905000000000000027 ) ) ;
#4663 =( GEOMETRIC_REPRESENTATION_CONTEXT ( 3 ) GLOBAL_UNCERTAINTY_ASSIGNED_CONTEXT ( ( #3704 ) ) GLOBAL_UNIT_ASSIGNED_CONTEXT ( ( #3455, #4943, #3002 ) ) REPRESENTATION_CONTEXT ( 'NONE', 'WORKASPACE' ) );
#4664 = DIRECTION ( 'NONE',  ( 0.5394599732742366704, 0.8420112453138377528, 0.000000000000000000 ) ) ;
#4665 = STYLED_ITEM ( 'NONE', ( #4451 ), #3701 ) ;
#4666 = DIRECTION ( 'NONE',  ( -1.000000000000000000, 0.000000000000000000, -0.000000000000000000 ) ) ;
#4667 = ORIENTED_EDGE ( 'NONE', *, *, #243, .F. ) ;
#4668 = VECTOR ( 'NONE', #4111, 1000.000000000000000 ) ;
#4669 =( NAMED_UNIT ( * ) SI_UNIT ( $, .STERADIAN. ) SOLID_ANGLE_UNIT ( ) );
#4670 = PRESENTATION_LAYER_ASSIGNMENT (  '', '', ( #344 ) ) ;
#4671 = VERTEX_POINT ( 'NONE', #704 ) ;
#4672 = ORIENTED_EDGE ( 'NONE', *, *, #1033, .T. ) ;
#4673 = CARTESIAN_POINT ( 'NONE',  ( 4.500000000000000888, 3.419999999999999929, 3.600000000000000533 ) ) ;
#4674 = CARTESIAN_POINT ( 'NONE',  ( -6.313119520966998799, -2.771830389575001607, -1.999999999999994449 ) ) ;
#4675 = FILL_AREA_STYLE ('',( #2611 ) ) ;
#4676 = VERTEX_POINT ( 'NONE', #5156 ) ;
#4677 = ORIENTED_EDGE ( 'NONE', *, *, #2699, .T. ) ;
#4678 = EDGE_LOOP ( 'NONE', ( #86, #372, #4778, #6027 ) ) ;
#4679 = LINE ( 'NONE', #5197, #5408 ) ;
#4680 = MECHANICAL_DESIGN_GEOMETRIC_PRESENTATION_REPRESENTATION (  '', ( #3285 ), #3595 ) ;
#4681 =( NAMED_UNIT ( * ) PLANE_ANGLE_UNIT ( ) SI_UNIT ( $, .RADIAN. ) );
#4682 = CARTESIAN_POINT ( 'NONE',  ( -6.124999999997999822, 0.8750000000019998447, -2.000000000000000000 ) ) ;
#4683 = CARTESIAN_POINT ( 'NONE',  ( -6.000000000000000000, 0.8750000000019999558, 2.000000000000000000 ) ) ;
#4684 =( LENGTH_UNIT ( ) NAMED_UNIT ( * ) SI_UNIT ( .MILLI., .METRE. ) );
#4685 = AXIS2_PLACEMENT_3D ( 'NONE', #3113, #458, #6446 ) ;
#4686 = FILL_AREA_STYLE ('',( #4149 ) ) ;
#4687 =( LENGTH_UNIT ( ) NAMED_UNIT ( * ) SI_UNIT ( .MILLI., .METRE. ) );
#4688 = DIRECTION ( 'NONE',  ( 0.000000000000000000, -1.000000000000000000, -2.220446049250000002E-16 ) ) ;
#4689 = DIRECTION ( 'NONE',  ( 0.000000000000000000, 0.000000000000000000, -1.000000000000000000 ) ) ;
#4690 = PRESENTATION_LAYER_ASSIGNMENT (  '', '', ( #994 ) ) ;
#4691 = ADVANCED_FACE ( 'NONE', ( #2107 ), #2608, .F. ) ;
#4692 = SHAPE_DEFINITION_REPRESENTATION ( #5168, #1756 ) ;
#4693 = CARTESIAN_POINT ( 'NONE',  ( -4.500000000000000888, 3.919999999999999929, 3.600000000000000533 ) ) ;
#4694 = AXIS2_PLACEMENT_3D ( 'NONE', #6324, #5343, #1893 ) ;
#4695 = COLOUR_RGB ( '',0.7960784313725489669, 0.8235294117647058432, 0.9372549019607843146 ) ;
#4696 = CARTESIAN_POINT ( 'NONE',  ( -1.905000000000000027, 7.360000000000000320, 1.905000000000000027 ) ) ;
#4697 = VERTEX_POINT ( 'NONE', #1668 ) ;
#4698 = STYLED_ITEM ( 'NONE', ( #5683 ), #3024 ) ;
#4699 = MECHANICAL_DESIGN_GEOMETRIC_PRESENTATION_REPRESENTATION (  '', ( #1643 ), #276 ) ;
#4700 = CARTESIAN_POINT ( 'NONE',  ( 0.000000000000000000, 4.599999999999999645, 3.349999999999999201 ) ) ;
#4701 = ORIENTED_EDGE ( 'NONE', *, *, #1758, .F. ) ;
#4702 = MECHANICAL_DESIGN_GEOMETRIC_PRESENTATION_REPRESENTATION (  '', ( #281 ), #3094 ) ;
#4703 = PRODUCT ( 'Body002 (Mirror #1)', 'Body002 (Mirror #1)', '', ( #528 ) ) ;
#4704 = EDGE_CURVE ( 'NONE', #6276, #1800, #5006, .T. ) ;
#4705 = LINE ( 'NONE', #3258, #927 ) ;
#4706 = LINE ( 'NONE', #4607, #4633 ) ;
#4707 = FILL_AREA_STYLE_COLOUR ( '', #1993 ) ;
#4708 = VECTOR ( 'NONE', #2321, 1000.000000000000227 ) ;
#4709 = PLANE ( 'NONE',  #3404 ) ;
#4710 = ORIENTED_EDGE ( 'NONE', *, *, #2074, .F. ) ;
#4711 = ORIENTED_EDGE ( 'NONE', *, *, #3654, .F. ) ;
#4712 = ORIENTED_EDGE ( 'NONE', *, *, #4141, .F. ) ;
#4713 = CARTESIAN_POINT ( 'NONE',  ( 1.905000000000000027, 5.559999999999999609, -4.440892098500999885E-16 ) ) ;
#4714 =( NAMED_UNIT ( * ) PLANE_ANGLE_UNIT ( ) SI_UNIT ( $, .RADIAN. ) );
#4715 = LINE ( 'NONE', #6067, #5005 ) ;
#4716 = UNCERTAINTY_MEASURE_WITH_UNIT (LENGTH_MEASURE( 1.000000000000000082E-05 ), #3225, 'distance_accuracy_value', 'NONE');
#4717 = EDGE_CURVE ( 'NONE', #5743, #4676, #4377, .T. ) ;
#4718 = SURFACE_STYLE_USAGE ( .BOTH. , #2122 ) ;
#4719 = CARTESIAN_POINT ( 'NONE',  ( 6.539696467728136398, -2.877484955009597112, 2.000000000000000000 ) ) ;
#4720 = DIRECTION ( 'NONE',  ( -1.000000000000000000, 0.000000000000000000, 0.000000000000000000 ) ) ;
#4721 = CARTESIAN_POINT ( 'NONE',  ( -7.014865420137726737, -1.858481848153872296, -3.000000000000000000 ) ) ;
#4722 =( NAMED_UNIT ( * ) SI_UNIT ( $, .STERADIAN. ) SOLID_ANGLE_UNIT ( ) );
#4723 = UNCERTAINTY_MEASURE_WITH_UNIT (LENGTH_MEASURE( 1.000000000000000082E-05 ), #6040, 'distance_accuracy_value', 'NONE');
#4724 = MANIFOLD_SOLID_BREP ( 'Imported1', #3908 ) ;
#4725 = SURFACE_STYLE_FILL_AREA ( #3669 ) ;
#4726 = DIRECTION ( 'NONE',  ( -0.9063077870369804501, 0.4226182617399908970, 0.000000000000000000 ) ) ;
#4727 = STYLED_ITEM ( 'NONE', ( #4324 ), #6174 ) ;
#4728 = EDGE_CURVE ( 'NONE', #1001, #1046, #4267, .T. ) ;
#4729 =( LENGTH_UNIT ( ) NAMED_UNIT ( * ) SI_UNIT ( .MILLI., .METRE. ) );
#4730 = VERTEX_POINT ( 'NONE', #831 ) ;
#4731 = UNCERTAINTY_MEASURE_WITH_UNIT (LENGTH_MEASURE( 1.000000000000000082E-05 ), #130, 'distance_accuracy_value', 'NONE');
#4732 = CARTESIAN_POINT ( 'NONE',  ( -5.750000000000000000, 3.419999999999999485, 5.750000000000000000 ) ) ;
#4733 = CARTESIAN_POINT ( 'NONE',  ( -5.827942386484000410E-17, 5.559999999999999609, -4.440892098500999885E-16 ) ) ;
#4734 = VERTEX_POINT ( 'NONE', #732 ) ;
#4735 = FACE_OUTER_BOUND ( 'NONE', #6175, .T. ) ;
#4736 = DIRECTION ( 'NONE',  ( 0.000000000000000000, -1.000000000000000000, -2.220446049250000002E-16 ) ) ;
#4737 = CARTESIAN_POINT ( 'NONE',  ( -6.539696467728136398, -2.877484955009597112, 2.000000000000000000 ) ) ;
#4739 = SURFACE_SIDE_STYLE ('',( #706 ) ) ;
#4738 = STYLED_ITEM ( 'NONE', ( #6101 ), #5201 ) ;
#4740 = ORIENTED_EDGE ( 'NONE', *, *, #4616, .F. ) ;
#4741 = ORIENTED_EDGE ( 'NONE', *, *, #3852, .T. ) ;
#4742 = DIRECTION ( 'NONE',  ( -0.000000000000000000, -0.000000000000000000, -1.000000000000000000 ) ) ;
#4743 = MANIFOLD_SOLID_BREP ( 'Imported1', #865 ) ;
#4744 = CIRCLE ( 'NONE', #2507, 0.8999999999999998002 ) ;
#4745 =( NAMED_UNIT ( * ) SI_UNIT ( $, .STERADIAN. ) SOLID_ANGLE_UNIT ( ) );
#4746 = DIRECTION ( 'NONE',  ( 1.000000000000000000, 0.000000000000000000, 0.000000000000000000 ) ) ;
#4747 = CARTESIAN_POINT ( 'NONE',  ( -6.249412934932999875, -3.500000000000000000, -3.000000000000000000 ) ) ;
#4748 =( LENGTH_UNIT ( ) NAMED_UNIT ( * ) SI_UNIT ( .MILLI., .METRE. ) );
#4749 = FACE_OUTER_BOUND ( 'NONE', #3102, .T. ) ;
#4750 = EDGE_CURVE ( 'NONE', #3379, #5148, #2418, .T. ) ;
#4751 = AXIS2_PLACEMENT_3D ( 'NONE', #1349, #1242, #1849 ) ;
#4752 = CARTESIAN_POINT ( 'NONE',  ( 6.022835988173986799, -3.394345434565028352, 0.2500000000000867639 ) ) ;
#4753 =( NAMED_UNIT ( * ) SI_UNIT ( $, .STERADIAN. ) SOLID_ANGLE_UNIT ( ) );
#4754 = CARTESIAN_POINT ( 'NONE',  ( -3.204937810639000007E-17, 6.860000000000000320, 1.498801083243999984E-15 ) ) ;
#4755 = DIRECTION ( 'NONE',  ( -1.000000000000000000, 0.000000000000000000, 0.000000000000000000 ) ) ;
#4756 = SURFACE_SIDE_STYLE ('',( #5756 ) ) ;
#4757 = FACE_OUTER_BOUND ( 'NONE', #2371, .T. ) ;
#4758 = PRODUCT_DEFINITION_SHAPE ( 'NONE', 'NONE',  #2278 ) ;
#4759 = EDGE_CURVE ( 'NONE', #5613, #4831, #5801, .T. ) ;
#4760 = CARTESIAN_POINT ( 'NONE',  ( 6.990754216992518089, -1.497702510021309275, 2.000000000000000000 ) ) ;
#4761 = COLOUR_RGB ( '',1.000000000000000000, 1.000000000000000000, 1.000000000000000000 ) ;
#4762 = EDGE_LOOP ( 'NONE', ( #806, #2179, #5245, #3684 ) ) ;
#4763 =( GEOMETRIC_REPRESENTATION_CONTEXT ( 3 ) GLOBAL_UNCERTAINTY_ASSIGNED_CONTEXT ( ( #3923 ) ) GLOBAL_UNIT_ASSIGNED_CONTEXT ( ( #3661, #4175, #2154 ) ) REPRESENTATION_CONTEXT ( 'NONE', 'WORKASPACE' ) );
#4764 = AXIS2_PLACEMENT_3D ( 'NONE', #5767, #1171, #3611 ) ;
#4765 = AXIS2_PLACEMENT_3D ( 'NONE', #489, #1587, #3012 ) ;
#4766 = DIRECTION ( 'NONE',  ( -0.5394599732742371145, -0.8420112453138374198, 0.000000000000000000 ) ) ;
#4767 = ADVANCED_FACE ( 'NONE', ( #4453 ), #427, .T. ) ;
#4768 = VERTEX_POINT ( 'NONE', #2593 ) ;
#4769 = PRESENTATION_LAYER_ASSIGNMENT (  '', '', ( #233 ) ) ;
#4770 = COLOUR_RGB ( '',0.7960784313725489669, 0.8235294117647058432, 0.9372549019607843146 ) ;
#4771 = STYLED_ITEM ( 'NONE', ( #457 ), #3808 ) ;
#4772 =( GEOMETRIC_REPRESENTATION_CONTEXT ( 3 ) GLOBAL_UNCERTAINTY_ASSIGNED_CONTEXT ( ( #3776 ) ) GLOBAL_UNIT_ASSIGNED_CONTEXT ( ( #5017, #5976, #4958 ) ) REPRESENTATION_CONTEXT ( 'NONE', 'WORKASPACE' ) );
#4773 = CARTESIAN_POINT ( 'NONE',  ( -1.905000000000000027, 7.360000000000000320, 1.905000000000000027 ) ) ;
#4774 = ADVANCED_FACE ( 'NONE', ( #2450 ), #593, .T. ) ;
#4775 =( NAMED_UNIT ( * ) SI_UNIT ( $, .STERADIAN. ) SOLID_ANGLE_UNIT ( ) );
#4776 = ORIENTED_EDGE ( 'NONE', *, *, #4494, .T. ) ;
#4777 = ORIENTED_EDGE ( 'NONE', *, *, #3093, .F. ) ;
#4778 = ORIENTED_EDGE ( 'NONE', *, *, #954, .T. ) ;
#4779 = CARTESIAN_POINT ( 'NONE',  ( -6.539696467728999707, -2.877484955009999901, -3.000000000000000000 ) ) ;
#4780 = LINE ( 'NONE', #5717, #3331 ) ;
#4781 = SURFACE_STYLE_FILL_AREA ( #4307 ) ;
#4782 = SURFACE_STYLE_FILL_AREA ( #2161 ) ;
#4783 = DIRECTION ( 'NONE',  ( -1.000000000000000000, 7.228014483198138809E-15, 0.000000000000000000 ) ) ;
#4784 = ADVANCED_FACE ( 'NONE', ( #2520 ), #1125, .F. ) ;
#4785 = CARTESIAN_POINT ( 'NONE',  ( 1.905000000000000027, 7.360000000000000320, -1.905000000000000027 ) ) ;
#4786 = DIRECTION ( 'NONE',  ( 0.000000000000000000, -1.000000000000000000, -2.220446049250000002E-16 ) ) ;
#4787 = UNCERTAINTY_MEASURE_WITH_UNIT (LENGTH_MEASURE( 1.000000000000000082E-05 ), #3965, 'distance_accuracy_value', 'NONE');
#4788 = PRESENTATION_STYLE_ASSIGNMENT (( #6358 ) ) ;
#4789 = VECTOR ( 'NONE', #3846, 1000.000000000000000 ) ;
#4790 = ORIENTED_EDGE ( 'NONE', *, *, #1524, .F. ) ;
#4791 = VECTOR ( 'NONE', #5563, 1000.000000000000227 ) ;
#4792 =( LENGTH_UNIT ( ) NAMED_UNIT ( * ) SI_UNIT ( .MILLI., .METRE. ) );
#4793 = UNCERTAINTY_MEASURE_WITH_UNIT (LENGTH_MEASURE( 1.000000000000000082E-05 ), #3535, 'distance_accuracy_value', 'NONE');
#4794 =( GEOMETRIC_REPRESENTATION_CONTEXT ( 3 ) GLOBAL_UNCERTAINTY_ASSIGNED_CONTEXT ( ( #4070 ) ) GLOBAL_UNIT_ASSIGNED_CONTEXT ( ( #5272, #3740, #3211 ) ) REPRESENTATION_CONTEXT ( 'NONE', 'WORKASPACE' ) );
#4795 = COLOUR_RGB ( '',0.7960784313725489669, 0.8235294117647058432, 0.9372549019607843146 ) ;
#4796 = VECTOR ( 'NONE', #2899, 1000.000000000000000 ) ;
#4797 = DIRECTION ( 'NONE',  ( -0.000000000000000000, -1.000000000000000000, -0.000000000000000000 ) ) ;
#4798 = EDGE_LOOP ( 'NONE', ( #605, #4569, #6471, #4701 ) ) ;
#4799 = COLOUR_RGB ( '',0.2509803921568627416, 0.2509803921568627416, 0.2509803921568627416 ) ;
#4800 = EDGE_CURVE ( 'NONE', #5843, #6018, #3978, .T. ) ;
#4801 = CARTESIAN_POINT ( 'NONE',  ( -6.000000000000000000, -1.145024611515000013, 2.000000000000000000 ) ) ;
#4802 = PLANE ( 'NONE',  #4102 ) ;
#4803 = SURFACE_STYLE_USAGE ( .BOTH. , #6170 ) ;
#4804 = PRESENTATION_STYLE_ASSIGNMENT (( #2309 ) ) ;
#4805 = STYLED_ITEM ( 'NONE', ( #2090 ), #4774 ) ;
#4806 = ORIENTED_EDGE ( 'NONE', *, *, #2918, .F. ) ;
#4807 = ORIENTED_EDGE ( 'NONE', *, *, #2937, .T. ) ;
#4808 = EDGE_CURVE ( 'NONE', #1721, #5571, #5495, .T. ) ;
#4809 = CIRCLE ( 'NONE', #5633, 0.8999999999999998002 ) ;
#4810 = LINE ( 'NONE', #2779, #3572 ) ;
#4811 = LINE ( 'NONE', #4177, #3072 ) ;
#4812 = SURFACE_STYLE_FILL_AREA ( #2781 ) ;
#4813 = SURFACE_STYLE_USAGE ( .BOTH. , #2782 ) ;
#4814 = SURFACE_SIDE_STYLE ('',( #5337 ) ) ;
#4815 = DIRECTION ( 'NONE',  ( 0.000000000000000000, 0.000000000000000000, -1.000000000000000000 ) ) ;
#4816 = MECHANICAL_DESIGN_GEOMETRIC_PRESENTATION_REPRESENTATION (  '', ( #5942 ), #3209 ) ;
#4817 = SURFACE_STYLE_FILL_AREA ( #3275 ) ;
#4818 = PRESENTATION_STYLE_ASSIGNMENT (( #4853 ) ) ;
#4819 =( LENGTH_UNIT ( ) NAMED_UNIT ( * ) SI_UNIT ( .MILLI., .METRE. ) );
#4820 = CARTESIAN_POINT ( 'NONE',  ( 5.750000000000000000, 3.419999999999999929, -5.000000000000000888 ) ) ;
#4821 =( LENGTH_UNIT ( ) NAMED_UNIT ( * ) SI_UNIT ( .MILLI., .METRE. ) );
#4822 = FILL_AREA_STYLE_COLOUR ( '', #123 ) ;
#4823 = ORIENTED_EDGE ( 'NONE', *, *, #5673, .F. ) ;
#4824 =( GEOMETRIC_REPRESENTATION_CONTEXT ( 3 ) GLOBAL_UNCERTAINTY_ASSIGNED_CONTEXT ( ( #4404 ) ) GLOBAL_UNIT_ASSIGNED_CONTEXT ( ( #5526, #3910, #2911 ) ) REPRESENTATION_CONTEXT ( 'NONE', 'WORKASPACE' ) );
#4825 = ADVANCED_FACE ( 'NONE', ( #689 ), #717, .T. ) ;
#4826 = DIRECTION ( 'NONE',  ( 0.000000000000000000, 0.000000000000000000, -1.000000000000000000 ) ) ;
#4827 = PRESENTATION_STYLE_ASSIGNMENT (( #2797 ) ) ;
#4828 = DIRECTION ( 'NONE',  ( -1.000000000000000000, 0.000000000000000000, 0.000000000000000000 ) ) ;
#4829 =( GEOMETRIC_REPRESENTATION_CONTEXT ( 3 ) GLOBAL_UNCERTAINTY_ASSIGNED_CONTEXT ( ( #1812 ) ) GLOBAL_UNIT_ASSIGNED_CONTEXT ( ( #1342, #3133, #5463 ) ) REPRESENTATION_CONTEXT ( 'NONE', 'WORKASPACE' ) );
#4830 = EDGE_CURVE ( 'NONE', #4831, #184, #4995, .T. ) ;
#4831 = VERTEX_POINT ( 'NONE', #2163 ) ;
#4832 = MANIFOLD_SOLID_BREP ( 'Cut-Extrude2', #6198 ) ;
#4833 = FILL_AREA_STYLE ('',( #5770 ) ) ;
#4834 =( NAMED_UNIT ( * ) PLANE_ANGLE_UNIT ( ) SI_UNIT ( $, .RADIAN. ) );
#4835 = DIRECTION ( 'NONE',  ( -0.9063077870379250278, -0.4226182617379650730, 0.000000000000000000 ) ) ;
#4836 = SURFACE_STYLE_FILL_AREA ( #2413 ) ;
#4837 = PRESENTATION_LAYER_ASSIGNMENT (  '', '', ( #3021 ) ) ;
#4838 = VERTEX_POINT ( 'NONE', #6157 ) ;
#4839 = EDGE_CURVE ( 'NONE', #2839, #6004, #1710, .T. ) ;
#4840 = EDGE_LOOP ( 'NONE', ( #5034, #1606, #5700, #3137 ) ) ;
#4841 = FILL_AREA_STYLE ('',( #5359 ) ) ;
#4842 = DIRECTION ( 'NONE',  ( 0.000000000000000000, -2.313393592160999896E-16, 1.000000000000000000 ) ) ;
#4843 = VECTOR ( 'NONE', #2521, 1000.000000000000000 ) ;
#4844 =( NAMED_UNIT ( * ) SI_UNIT ( $, .STERADIAN. ) SOLID_ANGLE_UNIT ( ) );
#4845 = DIRECTION ( 'NONE',  ( 0.000000000000000000, 1.000000000000000000, 2.299999999999999903E-16 ) ) ;
#4846 = STYLED_ITEM ( 'NONE', ( #84 ), #1960 ) ;
#4847 = FACE_BOUND ( 'NONE', #1842, .T. ) ;
#4848 = EDGE_CURVE ( 'NONE', #3087, #2424, #1742, .T. ) ;
#4849 = STYLED_ITEM ( 'NONE', ( #1296 ), #5259 ) ;
#4850 = DIRECTION ( 'NONE',  ( 0.5394599732742366704, 0.8420112453138377528, 0.000000000000000000 ) ) ;
#4851 = DIRECTION ( 'NONE',  ( 0.000000000000000000, -1.000000000000000000, -2.220446049250000002E-16 ) ) ;
#4852 =( NAMED_UNIT ( * ) PLANE_ANGLE_UNIT ( ) SI_UNIT ( $, .RADIAN. ) );
#4853 = SURFACE_STYLE_USAGE ( .BOTH. , #5815 ) ;
#4854 = UNCERTAINTY_MEASURE_WITH_UNIT (LENGTH_MEASURE( 1.000000000000000082E-05 ), #4381, 'distance_accuracy_value', 'NONE');
#4855 = VECTOR ( 'NONE', #3820, 1000.000000000000000 ) ;
#4856 = EDGE_CURVE ( 'NONE', #186, #3459, #4247, .T. ) ;
#4857 = EDGE_LOOP ( 'NONE', ( #2829, #4041, #3515, #5931 ) ) ;
#4858 = EDGE_LOOP ( 'NONE', ( #5415, #29 ) ) ;
#4859 = PRESENTATION_STYLE_ASSIGNMENT (( #5314 ) ) ;
#4860 = DIRECTION ( 'NONE',  ( 0.000000000000000000, 0.000000000000000000, -1.000000000000000000 ) ) ;
#4861 = LINE ( 'NONE', #5736, #3382 ) ;
#4862 = MECHANICAL_DESIGN_GEOMETRIC_PRESENTATION_REPRESENTATION (  '', ( #4648 ), #2310 ) ;
#4863 = COLOUR_RGB ( '',0.7960784313725489669, 0.8235294117647058432, 0.9372549019607843146 ) ;
#4864 = DIRECTION ( 'NONE',  ( 0.000000000000000000, -1.000000000000000000, -2.220446049250000002E-16 ) ) ;
#4865 = EDGE_LOOP ( 'NONE', ( #5877, #62, #3383, #2460 ) ) ;
#4866 = MECHANICAL_DESIGN_GEOMETRIC_PRESENTATION_REPRESENTATION (  '', ( #1177 ), #2104 ) ;
#4867 = AXIS2_PLACEMENT_3D ( 'NONE', #536, #3519, #663 ) ;
#4868 = DIRECTION ( 'NONE',  ( -1.000000000000000000, 0.000000000000000000, 0.000000000000000000 ) ) ;
#4869 = LINE ( 'NONE', #5380, #1985 ) ;
#4870 =( GEOMETRIC_REPRESENTATION_CONTEXT ( 3 ) GLOBAL_UNCERTAINTY_ASSIGNED_CONTEXT ( ( #5889 ) ) GLOBAL_UNIT_ASSIGNED_CONTEXT ( ( #1455, #2408, #1953 ) ) REPRESENTATION_CONTEXT ( 'NONE', 'WORKASPACE' ) );
#4871 = AXIS2_PLACEMENT_3D ( 'NONE', #4455, #5595, #1500 ) ;
#4872 = DIRECTION ( 'NONE',  ( -0.000000000000000000, 0.000000000000000000, -1.000000000000000000 ) ) ;
#4873 = VECTOR ( 'NONE', #4167, 1000.000000000000000 ) ;
#4874 = ORIENTED_EDGE ( 'NONE', *, *, #2699, .F. ) ;
#4875 = UNCERTAINTY_MEASURE_WITH_UNIT (LENGTH_MEASURE( 1.000000000000000082E-05 ), #3586, 'distance_accuracy_value', 'NONE');
#4876 = ORIENTED_EDGE ( 'NONE', *, *, #1145, .T. ) ;
#4877 = SURFACE_SIDE_STYLE ('',( #5262 ) ) ;
#4878 = DIRECTION ( 'NONE',  ( 0.000000000000000000, 0.000000000000000000, -1.000000000000000000 ) ) ;
#4879 = DIRECTION ( 'NONE',  ( 0.000000000000000000, 1.000000000000000000, 2.313393592160999896E-16 ) ) ;
#4880 = COLOUR_RGB ( '',1.000000000000000000, 0.000000000000000000, 0.000000000000000000 ) ;
#4881 = SHAPE_REPRESENTATION_RELATIONSHIP ( 'NONE' , 'NONE' ,  #4962, #6265 ) ;
#4882 = DIRECTION ( 'NONE',  ( -1.000000000000000000, -0.000000000000000000, 0.000000000000000000 ) ) ;
#4883 = VECTOR ( 'NONE', #2442, 1000.000000000000000 ) ;
#4884 = PRESENTATION_STYLE_ASSIGNMENT (( #4813 ) ) ;
#4885 = STYLED_ITEM ( 'NONE', ( #6122 ), #122 ) ;
#4886 = ORIENTED_EDGE ( 'NONE', *, *, #6298, .F. ) ;
#4887 = FILL_AREA_STYLE ('',( #6318 ) ) ;
#4888 =( LENGTH_UNIT ( ) NAMED_UNIT ( * ) SI_UNIT ( .MILLI., .METRE. ) );
#4889 = DIRECTION ( 'NONE',  ( 0.000000000000000000, 2.299999999999999903E-16, -1.000000000000000000 ) ) ;
#4890 = ADVANCED_FACE ( 'NONE', ( #3236 ), #4285, .T. ) ;
#4891 = SURFACE_STYLE_USAGE ( .BOTH. , #6221 ) ;
#4892 = FILL_AREA_STYLE ('',( #5341 ) ) ;
#4893 = LINE ( 'NONE', #4922, #5098 ) ;
#4894 = FACE_OUTER_BOUND ( 'NONE', #2426, .T. ) ;
#4895 = DIRECTION ( 'NONE',  ( 0.000000000000000000, 0.000000000000000000, 1.000000000000000000 ) ) ;
#4896 =( NAMED_UNIT ( * ) PLANE_ANGLE_UNIT ( ) SI_UNIT ( $, .RADIAN. ) );
#4897 = FILL_AREA_STYLE ('',( #3281 ) ) ;
#4898 = EDGE_CURVE ( 'NONE', #5613, #2903, #3707, .T. ) ;
#4899 = FILL_AREA_STYLE ('',( #858 ) ) ;
#4900 = ORIENTED_EDGE ( 'NONE', *, *, #2338, .T. ) ;
#4901 = CIRCLE ( 'NONE', #5720, 1.500000000000000000 ) ;
#4902 = DIRECTION ( 'NONE',  ( 0.000000000000000000, 0.000000000000000000, 1.000000000000000000 ) ) ;
#4903 = CARTESIAN_POINT ( 'NONE',  ( 6.249412934932999875, -3.500000000000000000, 3.000000000000000444 ) ) ;
#4904 = CARTESIAN_POINT ( 'NONE',  ( 6.000000000000000000, 3.919999999999999929, -6.000000000000000888 ) ) ;
#4905 = EDGE_LOOP ( 'NONE', ( #804, #514, #2500, #4326 ) ) ;
#4906 = CIRCLE ( 'NONE', #5731, 3.350000000000000089 ) ;
#4907 = STYLED_ITEM ( 'NONE', ( #6246 ), #4457 ) ;
#4908 = EDGE_CURVE ( 'NONE', #3961, #3881, #82, .T. ) ;
#4909 = ORIENTED_EDGE ( 'NONE', *, *, #2691, .F. ) ;
#4910 = LINE ( 'NONE', #2281, #5516 ) ;
#4911 = FILL_AREA_STYLE_COLOUR ( '', #5287 ) ;
#4912 = SURFACE_STYLE_FILL_AREA ( #6461 ) ;
#4913 = CIRCLE ( 'NONE', #3299, 0.1249999999979999749 ) ;
#4914 = PRESENTATION_STYLE_ASSIGNMENT (( #4409 ) ) ;
#4915 =( NAMED_UNIT ( * ) PLANE_ANGLE_UNIT ( ) SI_UNIT ( $, .RADIAN. ) );
#4916 = VECTOR ( 'NONE', #4501, 1000.000000000000000 ) ;
#4917 = VERTEX_POINT ( 'NONE', #3546 ) ;
#4918 = DIRECTION ( 'NONE',  ( 1.000000000000000000, 0.000000000000000000, -0.000000000000000000 ) ) ;
#4919 = PRESENTATION_STYLE_ASSIGNMENT (( #2936 ) ) ;
#4920 = ORIENTED_EDGE ( 'NONE', *, *, #3346, .T. ) ;
#4921 = LINE ( 'NONE', #394, #3529 ) ;
#4922 = CARTESIAN_POINT ( 'NONE',  ( 5.750000000000000000, 3.919999999999999929, 9.500000000000000294E-17 ) ) ;
#4923 = UNCERTAINTY_MEASURE_WITH_UNIT (LENGTH_MEASURE( 1.000000000000000082E-05 ), #5305, 'distance_accuracy_value', 'NONE');
#4924 = VECTOR ( 'NONE', #5270, 1000.000000000000000 ) ;
#4925 = CARTESIAN_POINT ( 'NONE',  ( -6.394748594337267278, -0.5674324966578285778, -3.000000000000000000 ) ) ;
#4926 = STYLED_ITEM ( 'NONE', ( #1862 ), #2049 ) ;
#4927 = PRESENTATION_STYLE_ASSIGNMENT (( #5908 ) ) ;
#4928 = PRESENTATION_STYLE_ASSIGNMENT (( #1399 ) ) ;
#4929 = SURFACE_STYLE_FILL_AREA ( #5221 ) ;
#4930 = PRODUCT_DEFINITION_CONTEXT ( 'detailed design', #3148, 'design' ) ;
#4931 = SURFACE_SIDE_STYLE ('',( #3813 ) ) ;
#4932 = PRESENTATION_LAYER_ASSIGNMENT (  '', '', ( #2062 ) ) ;
#4933 = ORIENTED_EDGE ( 'NONE', *, *, #2250, .T. ) ;
#4934 = VERTEX_POINT ( 'NONE', #4562 ) ;
#4935 = EDGE_CURVE ( 'NONE', #639, #3551, #44, .T. ) ;
#4936 = CARTESIAN_POINT ( 'NONE',  ( 6.184245783005267505, -0.7022974899788290148, 2.000000000000000000 ) ) ;
#4937 =( NAMED_UNIT ( * ) PLANE_ANGLE_UNIT ( ) SI_UNIT ( $, .RADIAN. ) );
#4938 =( NAMED_UNIT ( * ) SI_UNIT ( $, .STERADIAN. ) SOLID_ANGLE_UNIT ( ) );
#4939 = ORIENTED_EDGE ( 'NONE', *, *, #1937, .T. ) ;
#4940 = UNCERTAINTY_MEASURE_WITH_UNIT (LENGTH_MEASURE( 1.000000000000000082E-05 ), #2423, 'distance_accuracy_value', 'NONE');
#4941 = VERTEX_POINT ( 'NONE', #4122 ) ;
#4942 =( NAMED_UNIT ( * ) PLANE_ANGLE_UNIT ( ) SI_UNIT ( $, .RADIAN. ) );
#4943 =( NAMED_UNIT ( * ) PLANE_ANGLE_UNIT ( ) SI_UNIT ( $, .RADIAN. ) );
#4944 =( GEOMETRIC_REPRESENTATION_CONTEXT ( 3 ) GLOBAL_UNCERTAINTY_ASSIGNED_CONTEXT ( ( #239 ) ) GLOBAL_UNIT_ASSIGNED_CONTEXT ( ( #618, #6153, #683 ) ) REPRESENTATION_CONTEXT ( 'NONE', 'WORKASPACE' ) );
#4945 = ORIENTED_EDGE ( 'NONE', *, *, #4356, .F. ) ;
#4946 = CARTESIAN_POINT ( 'NONE',  ( -6.000000000000000000, 1.250000000004000134, -3.000000000000000000 ) ) ;
#4947 = DIRECTION ( 'NONE',  ( 0.000000000000000000, 0.000000000000000000, -1.000000000000000000 ) ) ;
#4948 = VECTOR ( 'NONE', #1409, 1000.000000000000000 ) ;
#4949 = VERTEX_POINT ( 'NONE', #2954 ) ;
#4950 = DIRECTION ( 'NONE',  ( -1.000000000000000000, 0.000000000000000000, 0.000000000000000000 ) ) ;
#4951 = EDGE_CURVE ( 'NONE', #3198, #1598, #1597, .T. ) ;
#4952 = CARTESIAN_POINT ( 'NONE',  ( 6.375000000002000178, 0.8750000000019998447, 3.000000000000000000 ) ) ;
#4953 = AXIS2_PLACEMENT_3D ( 'NONE', #1142, #5158, #2576 ) ;
#4954 = CYLINDRICAL_SURFACE ( 'NONE', #3262, 0.3750000000020004554 ) ;
#4955 = CARTESIAN_POINT ( 'NONE',  ( -6.022835988173989463, -3.394345434565021247, -2.249999999999902300 ) ) ;
#4956 = CARTESIAN_POINT ( 'NONE',  ( -5.375000000000000000, 3.419999999999999929, 5.375000000000000000 ) ) ;
#4957 = CARTESIAN_POINT ( 'NONE',  ( 6.000000000000000000, 1.000000000000000000, 0.5000000000000000000 ) ) ;
#4958 =( NAMED_UNIT ( * ) SI_UNIT ( $, .STERADIAN. ) SOLID_ANGLE_UNIT ( ) );
#4959 = EDGE_CURVE ( 'NONE', #5195, #3263, #4059, .T. ) ;
#4960 = CARTESIAN_POINT ( 'NONE',  ( 0.000000000000000000, 0.000000000000000000, 2.500000000000000000 ) ) ;
#4961 =( LENGTH_UNIT ( ) NAMED_UNIT ( * ) SI_UNIT ( .MILLI., .METRE. ) );
#4962 = SHAPE_REPRESENTATION ( 'Body', ( #3487 ), #6314 ) ;
#4963 = ORIENTED_EDGE ( 'NONE', *, *, #2857, .T. ) ;
#4964 = COLOUR_RGB ( '',0.7960784313725489669, 0.8235294117647058432, 0.9372549019607843146 ) ;
#4965 = ORIENTED_EDGE ( 'NONE', *, *, #5020, .T. ) ;
#4966 = VECTOR ( 'NONE', #2693, 1000.000000000000114 ) ;
#4967 = CARTESIAN_POINT ( 'NONE',  ( 0.000000000000000000, 7.360000000000000320, 0.5000000000000016653 ) ) ;
#4968 = EDGE_CURVE ( 'NONE', #1353, #2409, #5913, .T. ) ;
#4969 = PRESENTATION_STYLE_ASSIGNMENT (( #928 ) ) ;
#4970 = ORIENTED_EDGE ( 'NONE', *, *, #2794, .F. ) ;
#4971 = VECTOR ( 'NONE', #4155, 1000.000000000000000 ) ;
#4972 = ORIENTED_EDGE ( 'NONE', *, *, #2189, .F. ) ;
#4973 = SURFACE_STYLE_FILL_AREA ( #5416 ) ;
#4974 = FACE_OUTER_BOUND ( 'NONE', #5819, .T. ) ;
#4975 = MECHANICAL_DESIGN_GEOMETRIC_PRESENTATION_REPRESENTATION (  '', ( #1290 ), #4226 ) ;
#4976 = PRESENTATION_STYLE_ASSIGNMENT (( #5892 ) ) ;
#4977 = EDGE_CURVE ( 'NONE', #4336, #5648, #995, .T. ) ;
#4978 = ORIENTED_EDGE ( 'NONE', *, *, #3011, .T. ) ;
#4979 = ORIENTED_EDGE ( 'NONE', *, *, #1524, .T. ) ;
#4980 = PRESENTATION_STYLE_ASSIGNMENT (( #5038 ) ) ;
#4981 = EDGE_LOOP ( 'NONE', ( #1904, #4920 ) ) ;
#4982 = CARTESIAN_POINT ( 'NONE',  ( 0.000000000000000000, 4.599999999999999645, -1.500000000000000000 ) ) ;
#4983 = FILL_AREA_STYLE ('',( #944 ) ) ;
#4984 = FILL_AREA_STYLE ('',( #4012 ) ) ;
#4985 = DIRECTION ( 'NONE',  ( 0.000000000000000000, -1.000000000000000000, -2.220446049250000002E-16 ) ) ;
#4986 = APPLICATION_CONTEXT ( 'automotive_design' ) ;
#4987 = EDGE_CURVE ( 'NONE', #1988, #6414, #3086, .T. ) ;
#4988 = DIRECTION ( 'NONE',  ( 0.3971312619642178854, 0.8516507396404150443, -0.3420201433258597268 ) ) ;
#4989 = CARTESIAN_POINT ( 'NONE',  ( 0.000000000000000000, 0.000000000000000000, 0.000000000000000000 ) ) ;
#4990 = VERTEX_POINT ( 'NONE', #4026 ) ;
#4991 = DIRECTION ( 'NONE',  ( 0.000000000000000000, -1.000000000000000000, -2.220446049250000002E-16 ) ) ;
#4992 = VERTEX_POINT ( 'NONE', #1029 ) ;
#4993 = DIRECTION ( 'NONE',  ( -0.4226182617379650730, 0.9063077870379250278, 0.000000000000000000 ) ) ;
#4994 = VERTEX_POINT ( 'NONE', #4597 ) ;
#4995 = CIRCLE ( 'NONE', #367, 0.3750000000020004554 ) ;
#4996 = UNCERTAINTY_MEASURE_WITH_UNIT (LENGTH_MEASURE( 1.000000000000000082E-05 ), #6377, 'distance_accuracy_value', 'NONE');
#4997 = VERTEX_POINT ( 'NONE', #6045 ) ;
#4998 = AXIS2_PLACEMENT_3D ( 'NONE', #2293, #5205, #2726 ) ;
#4999 = PRESENTATION_STYLE_ASSIGNMENT (( #6462 ) ) ;
#5000 = DIRECTION ( 'NONE',  ( -0.000000000000000000, -0.000000000000000000, -1.000000000000000000 ) ) ;
#5001 = ORIENTED_EDGE ( 'NONE', *, *, #1404, .F. ) ;
#5002 = EDGE_CURVE ( 'NONE', #3315, #4444, #4492, .T. ) ;
#5003 = EDGE_LOOP ( 'NONE', ( #449, #980, #2730, #4939 ) ) ;
#5004 = DIRECTION ( 'NONE',  ( -1.000000000000000000, 0.000000000000000000, 0.000000000000000000 ) ) ;
#5005 = VECTOR ( 'NONE', #1584, 1000.000000000000000 ) ;
#5006 = CIRCLE ( 'NONE', #2149, 0.1249999999979999749 ) ;
#5007 = FILL_AREA_STYLE ('',( #6352 ) ) ;
#5008 = ORIENTED_EDGE ( 'NONE', *, *, #1679, .T. ) ;
#5009 = DIRECTION ( 'NONE',  ( 0.3971312619664671417, -0.8516507396395217588, -0.3420201433254725920 ) ) ;
#5010 = CARTESIAN_POINT ( 'NONE',  ( 0.000000000000000000, 7.360000000000000320, 1.634248292247999954E-15 ) ) ;
#5011 =( GEOMETRIC_REPRESENTATION_CONTEXT ( 3 ) GLOBAL_UNCERTAINTY_ASSIGNED_CONTEXT ( ( #686 ) ) GLOBAL_UNIT_ASSIGNED_CONTEXT ( ( #2018, #1044, #5896 ) ) REPRESENTATION_CONTEXT ( 'NONE', 'WORKASPACE' ) );
#5012 = LINE ( 'NONE', #1023, #2800 ) ;
#5013 = DIRECTION ( 'NONE',  ( -1.332196476881727481E-16, -1.000000000000000000, -1.332196476881727481E-16 ) ) ;
#5014 = CARTESIAN_POINT ( 'NONE',  ( -6.431676668869999780, -1.145024611515000013, -2.000000000000000000 ) ) ;
#5015 = COLOUR_RGB ( '',1.000000000000000000, 1.000000000000000000, 1.000000000000000000 ) ;
#5016 = DIRECTION ( 'NONE',  ( -0.000000000000000000, 1.000000000000000000, -0.000000000000000000 ) ) ;
#5017 =( LENGTH_UNIT ( ) NAMED_UNIT ( * ) SI_UNIT ( .MILLI., .METRE. ) );
#5018 = CIRCLE ( 'NONE', #4061, 0.1249999999979999749 ) ;
#5019 =( NAMED_UNIT ( * ) SI_UNIT ( $, .STERADIAN. ) SOLID_ANGLE_UNIT ( ) );
#5020 = EDGE_CURVE ( 'NONE', #245, #2854, #5609, .T. ) ;
#5021 = CARTESIAN_POINT ( 'NONE',  ( -4.500000000000000888, 2.919999999999999929, 3.600000000000000533 ) ) ;
#5022 = EDGE_LOOP ( 'NONE', ( #6451, #3721, #4965, #253, #4302, #4978, #1489, #3249, #4273, #2804, #3993, #2698, #4296, #1317, #3246, #5734 ) ) ;
#5023 =( NAMED_UNIT ( * ) PLANE_ANGLE_UNIT ( ) SI_UNIT ( $, .RADIAN. ) );
#5024 = DIRECTION ( 'NONE',  ( 0.4226182617399908414, 0.9063077870369803390, -0.000000000000000000 ) ) ;
#5025 = MECHANICAL_DESIGN_GEOMETRIC_PRESENTATION_REPRESENTATION (  '', ( #4926 ), #2696 ) ;
#5026 = ADVANCED_FACE ( 'NONE', ( #568 ), #6077, .T. ) ;
#5027 = FILL_AREA_STYLE_COLOUR ( '', #744 ) ;
#5028 = ORIENTED_EDGE ( 'NONE', *, *, #341, .F. ) ;
#5029 = ORIENTED_EDGE ( 'NONE', *, *, #6357, .T. ) ;
#5030 = DIRECTION ( 'NONE',  ( 0.000000000000000000, -1.000000000000000000, -0.000000000000000000 ) ) ;
#5031 = DIRECTION ( 'NONE',  ( 0.000000000000000000, 1.000000000000000000, 2.299999999999999903E-16 ) ) ;
#5032 = PRODUCT_RELATED_PRODUCT_CATEGORY ( 'part', '', ( #3726 ) ) ;
#5033 =( NAMED_UNIT ( * ) SI_UNIT ( $, .STERADIAN. ) SOLID_ANGLE_UNIT ( ) );
#5034 = ORIENTED_EDGE ( 'NONE', *, *, #5760, .F. ) ;
#5035 = AXIS2_PLACEMENT_3D ( 'NONE', #955, #1869, #5531 ) ;
#5036 = ORIENTED_EDGE ( 'NONE', *, *, #4191, .F. ) ;
#5037 = DIRECTION ( 'NONE',  ( 0.000000000000000000, 0.000000000000000000, -1.000000000000000000 ) ) ;
#5038 = SURFACE_STYLE_USAGE ( .BOTH. , #3868 ) ;
#5039 = ORIENTED_EDGE ( 'NONE', *, *, #3449, .T. ) ;
#5040 = SURFACE_SIDE_STYLE ('',( #1916 ) ) ;
#5041 = LINE ( 'NONE', #6386, #924 ) ;
#5042 = EDGE_CURVE ( 'NONE', #6231, #1988, #1266, .T. ) ;
#5043 = STYLED_ITEM ( 'NONE', ( #5334 ), #206 ) ;
#5044 = VECTOR ( 'NONE', #3380, 1000.000000000000000 ) ;
#5045 = FACE_OUTER_BOUND ( 'NONE', #2711, .T. ) ;
#5046 = LINE ( 'NONE', #75, #4843 ) ;
#5047 = AXIS2_PLACEMENT_3D ( 'NONE', #3224, #5190, #4198 ) ;
#5048 = CARTESIAN_POINT ( 'NONE',  ( 5.750000000000000000, 3.419999999999999929, 5.750000000000000000 ) ) ;
#5049 =( NAMED_UNIT ( * ) SI_UNIT ( $, .STERADIAN. ) SOLID_ANGLE_UNIT ( ) );
#5050 = EDGE_CURVE ( 'NONE', #275, #5569, #664, .T. ) ;
#5051 = SURFACE_STYLE_FILL_AREA ( #6450 ) ;
#5052 = VERTEX_POINT ( 'NONE', #5211 ) ;
#5053 = CIRCLE ( 'NONE', #5565, 0.9000000000000002442 ) ;
#5054 = CARTESIAN_POINT ( 'NONE',  ( -6.184245783005482444, -0.7022974899786909031, 2.000000000000000000 ) ) ;
#5055 = FILL_AREA_STYLE_COLOUR ( '', #4761 ) ;
#5056 = ORIENTED_EDGE ( 'NONE', *, *, #278, .T. ) ;
#5057 = ORIENTED_EDGE ( 'NONE', *, *, #1566, .F. ) ;
#5058 = EDGE_CURVE ( 'NONE', #1390, #893, #2132, .T. ) ;
#5059 =( NAMED_UNIT ( * ) SI_UNIT ( $, .STERADIAN. ) SOLID_ANGLE_UNIT ( ) );
#5060 = CARTESIAN_POINT ( 'NONE',  ( -4.500000000000000888, 3.419999999999999929, 4.500000000000000888 ) ) ;
#5061 = PRESENTATION_LAYER_ASSIGNMENT (  '', '', ( #2631 ) ) ;
#5062 = FILL_AREA_STYLE_COLOUR ( '', #3833 ) ;
#5063 = ORIENTED_EDGE ( 'NONE', *, *, #4053, .F. ) ;
#5064 = VECTOR ( 'NONE', #6191, 1000.000000000000000 ) ;
#5065 = ORIENTED_EDGE ( 'NONE', *, *, #2189, .T. ) ;
#5066 = CARTESIAN_POINT ( 'NONE',  ( 6.313119520966998799, -2.771830389575001607, -0.5000000000000059952 ) ) ;
#5067 = CIRCLE ( 'NONE', #2316, 0.3750000000020004554 ) ;
#5068 = FILL_AREA_STYLE_COLOUR ( '', #6093 ) ;
#5069 = VECTOR ( 'NONE', #5872, 1000.000000000000227 ) ;
#5070 = SURFACE_STYLE_FILL_AREA ( #3041 ) ;
#5071 = PLANE ( 'NONE',  #5399 ) ;
#5072 = DIRECTION ( 'NONE',  ( -0.000000000000000000, -0.000000000000000000, -1.000000000000000000 ) ) ;
#5073 = FACE_OUTER_BOUND ( 'NONE', #1767, .T. ) ;
#5074 = AXIS2_PLACEMENT_3D ( 'NONE', #1887, #2974, #4008 ) ;
#5075 = SURFACE_SIDE_STYLE ('',( #3540 ) ) ;
#5076 = FILL_AREA_STYLE ('',( #3015 ) ) ;
#5077 = DIRECTION ( 'NONE',  ( -0.4226182617383951734, 0.9063077870377244105, 0.000000000000000000 ) ) ;
#5078 = CARTESIAN_POINT ( 'NONE',  ( -6.313119520966999687, -2.771830389574999831, -2.000000000000000000 ) ) ;
#5079 = SURFACE_SIDE_STYLE ('',( #3545 ) ) ;
#5080 = CLOSED_SHELL ( 'NONE', ( #122, #446, #1531, #2891, #3283, #3307, #6138, #5520, #2671, #4457, #3719, #3790, #2463, #539, #3403, #1469, #3173, #4691 ) ) ;
#5081 = EDGE_CURVE ( 'NONE', #3058, #2468, #631, .T. ) ;
#5082 = DIRECTION ( 'NONE',  ( 0.000000000000000000, 0.000000000000000000, -1.000000000000000000 ) ) ;
#5083 = ORIENTED_EDGE ( 'NONE', *, *, #1054, .F. ) ;
#5084 = CARTESIAN_POINT ( 'NONE',  ( 4.500000000000000888, 2.919999999999999929, -3.600000000000000533 ) ) ;
#5085 = CARTESIAN_POINT ( 'NONE',  ( -4.500000000000000888, 3.419999999999999929, -5.400000000000000355 ) ) ;
#5086 = ORIENTED_EDGE ( 'NONE', *, *, #1794, .F. ) ;
#5087 = COLOUR_RGB ( '',0.7960784313725489669, 0.8235294117647058432, 0.9372549019607843146 ) ;
#5088 = ORIENTED_EDGE ( 'NONE', *, *, #2210, .F. ) ;
#5089 = FILL_AREA_STYLE ('',( #4130 ) ) ;
#5090 = DIRECTION ( 'NONE',  ( 0.000000000000000000, 0.000000000000000000, -1.000000000000000000 ) ) ;
#5091 = LINE ( 'NONE', #152, #4424 ) ;
#5092 = SURFACE_STYLE_FILL_AREA ( #4675 ) ;
#5093 = SURFACE_STYLE_FILL_AREA ( #2966 ) ;
#5094 = STYLED_ITEM ( 'NONE', ( #1341 ), #5878 ) ;
#5095 = ORIENTED_EDGE ( 'NONE', *, *, #2437, .F. ) ;
#5096 = EDGE_CURVE ( 'NONE', #1878, #5260, #1974, .T. ) ;
#5097 =( GEOMETRIC_REPRESENTATION_CONTEXT ( 3 ) GLOBAL_UNCERTAINTY_ASSIGNED_CONTEXT ( ( #114 ) ) GLOBAL_UNIT_ASSIGNED_CONTEXT ( ( #1088, #3541, #3600 ) ) REPRESENTATION_CONTEXT ( 'NONE', 'WORKASPACE' ) );
#5098 = VECTOR ( 'NONE', #2355, 1000.000000000000000 ) ;
#5099 = VERTEX_POINT ( 'NONE', #5733 ) ;
#5100 = DIRECTION ( 'NONE',  ( -1.000000000000000000, -8.673617379837765822E-16, 0.000000000000000000 ) ) ;
#5101 = FILL_AREA_STYLE_COLOUR ( '', #333 ) ;
#5102 = DIRECTION ( 'NONE',  ( 0.000000000000000000, -1.000000000000000000, 0.000000000000000000 ) ) ;
#5103 = PRESENTATION_LAYER_ASSIGNMENT (  '', '', ( #997 ) ) ;
#5104 =( GEOMETRIC_REPRESENTATION_CONTEXT ( 3 ) GLOBAL_UNCERTAINTY_ASSIGNED_CONTEXT ( ( #2534 ) ) GLOBAL_UNIT_ASSIGNED_CONTEXT ( ( #6344, #2372, #349 ) ) REPRESENTATION_CONTEXT ( 'NONE', 'WORKASPACE' ) );
#5105 = SURFACE_STYLE_USAGE ( .BOTH. , #5583 ) ;
#5106 = CARTESIAN_POINT ( 'NONE',  ( 4.500000000000000888, 3.919999999999999929, -4.500000000000000888 ) ) ;
#5107 = STYLED_ITEM ( 'NONE', ( #246 ), #4724 ) ;
#5108 = PRESENTATION_STYLE_ASSIGNMENT (( #5492 ) ) ;
#5109 = SURFACE_STYLE_FILL_AREA ( #1087 ) ;
#5110 = FILL_AREA_STYLE_COLOUR ( '', #1049 ) ;
#5111 = SURFACE_STYLE_USAGE ( .BOTH. , #1129 ) ;
#5112 = PRESENTATION_LAYER_ASSIGNMENT (  '', '', ( #1438 ) ) ;
#5113 = PRESENTATION_LAYER_ASSIGNMENT (  '', '', ( #1439 ) ) ;
#5114 = CARTESIAN_POINT ( 'NONE',  ( 0.000000000000000000, 0.000000000000000000, 0.000000000000000000 ) ) ;
#5115 = PRODUCT ( 'Body003', 'Body003', '', ( #3116 ) ) ;
#5116 = MECHANICAL_DESIGN_GEOMETRIC_PRESENTATION_REPRESENTATION (  '', ( #4598 ), #5011 ) ;
#5117 = EDGE_LOOP ( 'NONE', ( #2084, #2993, #5713, #5008 ) ) ;
#5118 = MECHANICAL_DESIGN_GEOMETRIC_PRESENTATION_REPRESENTATION (  '', ( #1443 ), #2264 ) ;
#5119 = FACE_OUTER_BOUND ( 'NONE', #485, .T. ) ;
#5120 = CARTESIAN_POINT ( 'NONE',  ( -4.500000000000000888, 3.919999999999999929, 5.400000000000000355 ) ) ;
#5121 = ADVANCED_BREP_SHAPE_REPRESENTATION ( '', ( #550, #3487 ), #1912 ) ;
#5122 = ADVANCED_FACE ( 'NONE', ( #279 ), #5183, .F. ) ;
#5123 = VERTEX_POINT ( 'NONE', #1718 ) ;
#5124 = VECTOR ( 'NONE', #912, 1000.000000000000000 ) ;
#5125 = ORIENTED_EDGE ( 'NONE', *, *, #3960, .F. ) ;
#5126 = SURFACE_SIDE_STYLE ('',( #3096 ) ) ;
#5127 = PRESENTATION_STYLE_ASSIGNMENT (( #3616 ) ) ;
#5128 = DIRECTION ( 'NONE',  ( 0.000000000000000000, 0.000000000000000000, -1.000000000000000000 ) ) ;
#5129 =( NAMED_UNIT ( * ) SI_UNIT ( $, .STERADIAN. ) SOLID_ANGLE_UNIT ( ) );
#5130 = DIRECTION ( 'NONE',  ( 0.000000000000000000, -0.000000000000000000, 1.000000000000000000 ) ) ;
#5131 = STYLED_ITEM ( 'NONE', ( #4927 ), #2365 ) ;
#5132 = EDGE_LOOP ( 'NONE', ( #4575, #4220, #2076, #3347 ) ) ;
#5133 = VERTEX_POINT ( 'NONE', #3702 ) ;
#5134 = CARTESIAN_POINT ( 'NONE',  ( -6.000000000000000000, 3.919999999999999929, 6.000000000000000000 ) ) ;
#5135 = FACE_OUTER_BOUND ( 'NONE', #1765, .T. ) ;
#5136 = DIRECTION ( 'NONE',  ( 0.000000000000000000, 2.220446049250000002E-16, -1.000000000000000000 ) ) ;
#5137 = CARTESIAN_POINT ( 'NONE',  ( 4.500000000000000888, 2.919999999999999929, 4.500000000000000888 ) ) ;
#5138 = CYLINDRICAL_SURFACE ( 'NONE', #2326, 1.500000000000000000 ) ;
#5139 = PRODUCT_DEFINITION_FORMATION_WITH_SPECIFIED_SOURCE ( 'ANY', '', #4703, .NOT_KNOWN. ) ;
#5140 = ADVANCED_FACE ( 'NONE', ( #2167 ), #3186, .F. ) ;
#5141 = SURFACE_STYLE_FILL_AREA ( #5203 ) ;
#5142 = DIRECTION ( 'NONE',  ( 0.000000000000000000, 0.000000000000000000, -1.000000000000000000 ) ) ;
#5143 = DIRECTION ( 'NONE',  ( 0.000000000000000000, -1.000000000000000000, -2.220446049250000002E-16 ) ) ;
#5144 = CONTEXT_DEPENDENT_SHAPE_REPRESENTATION ( #216, #1547 ) ;
#5145 = CIRCLE ( 'NONE', #1675, 0.9000000000000002442 ) ;
#5146 = AXIS2_PLACEMENT_3D ( 'NONE', #543, #2537, #4571 ) ;
#5147 = SURFACE_STYLE_USAGE ( .BOTH. , #6139 ) ;
#5148 = VERTEX_POINT ( 'NONE', #1923 ) ;
#5149 = AXIS2_PLACEMENT_3D ( 'NONE', #2458, #1689, #1267 ) ;
#5150 = PLANE ( 'NONE',  #4462 ) ;
#5151 = PRESENTATION_LAYER_ASSIGNMENT (  '', '', ( #4846 ) ) ;
#5152 = DIRECTION ( 'NONE',  ( 0.000000000000000000, 0.000000000000000000, 1.000000000000000000 ) ) ;
#5153 = EDGE_LOOP ( 'NONE', ( #448, #5986 ) ) ;
#5154 = AXIS2_PLACEMENT_3D ( 'NONE', #1206, #3194, #1176 ) ;
#5155 = EDGE_LOOP ( 'NONE', ( #6078, #929 ) ) ;
#5156 = CARTESIAN_POINT ( 'NONE',  ( 4.102566777143633281E-16, 4.599999999999999645, -3.350000000000000977 ) ) ;
#5157 = ADVANCED_FACE ( 'NONE', ( #136 ), #1025, .T. ) ;
#5158 = DIRECTION ( 'NONE',  ( 0.8420112453139925179, -0.5394599732739951969, 0.000000000000000000 ) ) ;
#5159 = CARTESIAN_POINT ( 'NONE',  ( 6.375000000002000178, -0.5000000000000000000, 2.000000000000000000 ) ) ;
#5160 = COLOUR_RGB ( '',0.7960784313725489669, 0.8235294117647058432, 0.9372549019607843146 ) ;
#5161 = PRESENTATION_STYLE_ASSIGNMENT (( #1369 ) ) ;
#5162 = ORIENTED_EDGE ( 'NONE', *, *, #3984, .T. ) ;
#5163 = VERTEX_POINT ( 'NONE', #3078 ) ;
#5164 = VERTEX_POINT ( 'NONE', #3634 ) ;
#5165 = CARTESIAN_POINT ( 'NONE',  ( 6.674999999997999645, -1.699999999999999956, 2.000000000000000000 ) ) ;
#5166 = EDGE_CURVE ( 'NONE', #1167, #3071, #2091, .T. ) ;
#5167 = CARTESIAN_POINT ( 'NONE',  ( -6.500000000000000888, -0.5000000000000000000, -3.000000000000000000 ) ) ;
#5168 = PRODUCT_DEFINITION_SHAPE ( 'NONE', 'NONE',  #5230 ) ;
#5169 = AXIS2_PLACEMENT_3D ( 'NONE', #4098, #610, #2111 ) ;
#5170 = DIRECTION ( 'NONE',  ( 1.000000000000000000, 0.000000000000000000, 0.000000000000000000 ) ) ;
#5171 = PLANE ( 'NONE',  #401 ) ;
#5172 = CARTESIAN_POINT ( 'NONE',  ( 4.500000000000000888, 4.419999999999999929, 3.600000000000000533 ) ) ;
#5173 = UNCERTAINTY_MEASURE_WITH_UNIT (LENGTH_MEASURE( 1.000000000000000082E-05 ), #753, 'distance_accuracy_value', 'NONE');
#5174 = PRESENTATION_STYLE_ASSIGNMENT (( #4718 ) ) ;
#5175 = CARTESIAN_POINT ( 'NONE',  ( 6.500000000000000888, -0.5000000000000000000, 2.000000000000000000 ) ) ;
#5176 = PLANE ( 'NONE',  #3314 ) ;
#5177 = CARTESIAN_POINT ( 'NONE',  ( 0.000000000000000000, 7.360000000000000320, 1.634248292247999954E-15 ) ) ;
#5178 = COLOUR_RGB ( '',0.7960784313725489669, 0.8235294117647058432, 0.9372549019607843146 ) ;
#5179 = DIRECTION ( 'NONE',  ( 0.000000000000000000, 0.000000000000000000, -1.000000000000000000 ) ) ;
#5180 = MECHANICAL_DESIGN_GEOMETRIC_PRESENTATION_REPRESENTATION (  '', ( #3470 ), #637 ) ;
#5181 = COLOUR_RGB ( '',1.000000000000000000, 1.000000000000000000, 1.000000000000000000 ) ;
#5182 = EDGE_CURVE ( 'NONE', #871, #1598, #2501, .T. ) ;
#5183 = CYLINDRICAL_SURFACE ( 'NONE', #1873, 3.350000000000000089 ) ;
#5184 = ORIENTED_EDGE ( 'NONE', *, *, #1555, .T. ) ;
#5185 = UNCERTAINTY_MEASURE_WITH_UNIT (LENGTH_MEASURE( 1.000000000000000082E-05 ), #387, 'distance_accuracy_value', 'NONE');
#5186 = MECHANICAL_DESIGN_GEOMETRIC_PRESENTATION_REPRESENTATION (  '', ( #4771 ), #6099 ) ;
#5187 = DIRECTION ( 'NONE',  ( 0.000000000000000000, 0.000000000000000000, -1.000000000000000000 ) ) ;
#5188 = EDGE_LOOP ( 'NONE', ( #5762, #3448, #862, #3814 ) ) ;
#5189 =( NAMED_UNIT ( * ) PLANE_ANGLE_UNIT ( ) SI_UNIT ( $, .RADIAN. ) );
#5190 = DIRECTION ( 'NONE',  ( 0.000000000000000000, 1.000000000000000000, 0.000000000000000000 ) ) ;
#5191 = LINE ( 'NONE', #3655, #2459 ) ;
#5192 = CIRCLE ( 'NONE', #6206, 0.1249999999979999749 ) ;
#5193 = ORIENTED_EDGE ( 'NONE', *, *, #647, .T. ) ;
#5194 = EDGE_CURVE ( 'NONE', #2927, #3354, #5046, .T. ) ;
#5195 = VERTEX_POINT ( 'NONE', #2985 ) ;
#5196 = EDGE_LOOP ( 'NONE', ( #3849, #2431, #4033, #4563 ) ) ;
#5197 = CARTESIAN_POINT ( 'NONE',  ( 7.014865420137726737, -1.858481848153872296, 2.000000000000000000 ) ) ;
#5198 = AXIS2_PLACEMENT_3D ( 'NONE', #5909, #1996, #2852 ) ;
#5199 = DIRECTION ( 'NONE',  ( -0.4226182617399908414, -0.9063077870369803390, 0.000000000000000000 ) ) ;
#5200 = CARTESIAN_POINT ( 'NONE',  ( -7.014865420137913254, -1.858481848153472393, -1.999999999999999556 ) ) ;
#5201 = ADVANCED_FACE ( 'NONE', ( #1562 ), #6130, .T. ) ;
#5202 = CARTESIAN_POINT ( 'NONE',  ( -4.500000000000000888, 3.419999999999999929, -3.600000000000000533 ) ) ;
#5203 = FILL_AREA_STYLE ('',( #3693 ) ) ;
#5204 = DIRECTION ( 'NONE',  ( 0.000000000000000000, 0.000000000000000000, 1.000000000000000000 ) ) ;
#5205 = DIRECTION ( 'NONE',  ( 0.4226182617379650730, 0.9063077870379250278, 0.000000000000000000 ) ) ;
#5206 =( NAMED_UNIT ( * ) PLANE_ANGLE_UNIT ( ) SI_UNIT ( $, .RADIAN. ) );
#5207 = MECHANICAL_DESIGN_GEOMETRIC_PRESENTATION_REPRESENTATION (  '', ( #2120 ), #2022 ) ;
#5208 = LINE ( 'NONE', #234, #5413 ) ;
#5209 = FILL_AREA_STYLE_COLOUR ( '', #2836 ) ;
#5210 = STYLED_ITEM ( 'NONE', ( #5310 ), #2923 ) ;
#5211 = CARTESIAN_POINT ( 'NONE',  ( 4.102566777143633281E-16, 3.919999999999999929, 3.350000000000000089 ) ) ;
#5212 = VERTEX_POINT ( 'NONE', #2556 ) ;
#5213 = VECTOR ( 'NONE', #2717, 1000.000000000000114 ) ;
#5214 = PRESENTATION_LAYER_ASSIGNMENT (  '', '', ( #1435 ) ) ;
#5215 = ADVANCED_FACE ( 'NONE', ( #492 ), #4516, .T. ) ;
#5216 = ORIENTED_EDGE ( 'NONE', *, *, #4110, .T. ) ;
#5217 = VECTOR ( 'NONE', #4002, 1000.000000000000000 ) ;
#5218 = PRODUCT_DEFINITION_SHAPE ( 'NONE', 'NONE',  #3557 ) ;
#5219 =( NAMED_UNIT ( * ) SI_UNIT ( $, .STERADIAN. ) SOLID_ANGLE_UNIT ( ) );
#5220 = ADVANCED_FACE ( 'NONE', ( #690 ), #1224, .T. ) ;
#5221 = FILL_AREA_STYLE ('',( #4707 ) ) ;
#5222 = AXIS2_PLACEMENT_3D ( 'NONE', #2784, #6184, #4783 ) ;
#5223 = DIRECTION ( 'NONE',  ( -0.7071067811865475727, 1.884010325351794504E-16, -0.7071067811865475727 ) ) ;
#5224 = EDGE_LOOP ( 'NONE', ( #433, #1372, #3030, #6163 ) ) ;
#5225 = PRESENTATION_LAYER_ASSIGNMENT (  '', '', ( #5942 ) ) ;
#5226 = EDGE_LOOP ( 'NONE', ( #1014, #6270, #238, #4491 ) ) ;
#5227 = VERTEX_POINT ( 'NONE', #268 ) ;
#5228 = DIRECTION ( 'NONE',  ( 0.000000000000000000, -1.000000000000000000, -0.000000000000000000 ) ) ;
#5229 = DIRECTION ( 'NONE',  ( 0.7071067811865474617, 0.000000000000000000, 0.7071067811865474617 ) ) ;
#5230 = PRODUCT_DEFINITION ( 'UNKNOWN', '', #4619, #4930 ) ;
#5231 =( NAMED_UNIT ( * ) PLANE_ANGLE_UNIT ( ) SI_UNIT ( $, .RADIAN. ) );
#5232 = SURFACE_STYLE_USAGE ( .BOTH. , #4109 ) ;
#5233 = UNCERTAINTY_MEASURE_WITH_UNIT (LENGTH_MEASURE( 1.000000000000000082E-05 ), #1403, 'distance_accuracy_value', 'NONE');
#5234 = CARTESIAN_POINT ( 'NONE',  ( 5.750000000000000000, 3.920000000000000817, -5.000000000000000000 ) ) ;
#5235 = CARTESIAN_POINT ( 'NONE',  ( -6.124999999997999822, -0.5000000000000000000, -2.000000000000000000 ) ) ;
#5236 = SURFACE_SIDE_STYLE ('',( #5141 ) ) ;
#5237 = EDGE_CURVE ( 'NONE', #1800, #569, #2258, .T. ) ;
#5238 = DIRECTION ( 'NONE',  ( 0.000000000000000000, 0.000000000000000000, -1.000000000000000000 ) ) ;
#5239 = SURFACE_STYLE_USAGE ( .BOTH. , #1969 ) ;
#5240 = PLANE ( 'NONE',  #989 ) ;
#5241 = UNCERTAINTY_MEASURE_WITH_UNIT (LENGTH_MEASURE( 1.000000000000000082E-05 ), #2579, 'distance_accuracy_value', 'NONE');
#5242 = SURFACE_STYLE_FILL_AREA ( #5629 ) ;
#5243 = SURFACE_SIDE_STYLE ('',( #695 ) ) ;
#5244 = DIRECTION ( 'NONE',  ( 0.000000000000000000, 1.000000000000000000, 0.000000000000000000 ) ) ;
#5245 = ORIENTED_EDGE ( 'NONE', *, *, #1679, .F. ) ;
#5246 = UNCERTAINTY_MEASURE_WITH_UNIT (LENGTH_MEASURE( 1.000000000000000082E-05 ), #4342, 'distance_accuracy_value', 'NONE');
#5247 = EDGE_CURVE ( 'NONE', #3158, #3315, #1161, .T. ) ;
#5248 =( LENGTH_UNIT ( ) NAMED_UNIT ( * ) SI_UNIT ( .MILLI., .METRE. ) );
#5249 = CARTESIAN_POINT ( 'NONE',  ( -6.394748594336999936, -0.5674324966579999963, -2.000000000000000000 ) ) ;
#5250 = ORIENTED_EDGE ( 'NONE', *, *, #5858, .T. ) ;
#5251 = UNCERTAINTY_MEASURE_WITH_UNIT (LENGTH_MEASURE( 1.000000000000000082E-05 ), #4684, 'distance_accuracy_value', 'NONE');
#5252 = CIRCLE ( 'NONE', #1975, 0.3750000000020004554 ) ;
#5253 =( NAMED_UNIT ( * ) PLANE_ANGLE_UNIT ( ) SI_UNIT ( $, .RADIAN. ) );
#5254 = CARTESIAN_POINT ( 'NONE',  ( -5.000000000000000000, 3.419999999999999929, 5.750000000000000000 ) ) ;
#5255 = FACE_OUTER_BOUND ( 'NONE', #291, .T. ) ;
#5257 = CARTESIAN_POINT ( 'NONE',  ( -5.750000000000000000, 3.419999999999999929, -5.750000000000000000 ) ) ;
#5256 = STYLED_ITEM ( 'NONE', ( #3215 ), #5122 ) ;
#5258 = VERTEX_POINT ( 'NONE', #6256 ) ;
#5259 = ADVANCED_FACE ( 'NONE', ( #1779 ), #3179, .F. ) ;
#5260 = VERTEX_POINT ( 'NONE', #3526 ) ;
#5261 = ORIENTED_EDGE ( 'NONE', *, *, #4977, .T. ) ;
#5262 = SURFACE_STYLE_FILL_AREA ( #4841 ) ;
#5263 = STYLED_ITEM ( 'NONE', ( #5127 ), #5398 ) ;
#5264 = CARTESIAN_POINT ( 'NONE',  ( 6.022835988174000121, -3.394345434564999930, 2.000000000000000000 ) ) ;
#5265 = CARTESIAN_POINT ( 'NONE',  ( -6.990754216992518089, -1.497702510021309275, 2.000000000000000000 ) ) ;
#5266 = CARTESIAN_POINT ( 'NONE',  ( -4.999999999999999112, 3.420000000000000373, -5.750000000000000000 ) ) ;
#5267 = MECHANICAL_DESIGN_GEOMETRIC_PRESENTATION_REPRESENTATION (  '', ( #2825 ), #1382 ) ;
#5268 =( NAMED_UNIT ( * ) PLANE_ANGLE_UNIT ( ) SI_UNIT ( $, .RADIAN. ) );
#5269 = SURFACE_SIDE_STYLE ('',( #4208 ) ) ;
#5270 = DIRECTION ( 'NONE',  ( -0.000000000000000000, 1.000000000000000000, 2.299999999999999903E-16 ) ) ;
#5271 = PRESENTATION_STYLE_ASSIGNMENT (( #6257 ) ) ;
#5272 =( LENGTH_UNIT ( ) NAMED_UNIT ( * ) SI_UNIT ( .MILLI., .METRE. ) );
#5273 = LINE ( 'NONE', #5367, #1992 ) ;
#5274 = FILL_AREA_STYLE ('',( #3244 ) ) ;
#5275 =( NAMED_UNIT ( * ) PLANE_ANGLE_UNIT ( ) SI_UNIT ( $, .RADIAN. ) );
#5276 = VERTEX_POINT ( 'NONE', #1480 ) ;
#5277 = EDGE_CURVE ( 'NONE', #2409, #1353, #4744, .T. ) ;
#5278 = VECTOR ( 'NONE', #1662, 1000.000000000000000 ) ;
#5279 = FILL_AREA_STYLE ('',( #3248 ) ) ;
#5280 = ORIENTED_EDGE ( 'NONE', *, *, #1011, .F. ) ;
#5281 = DIRECTION ( 'NONE',  ( -0.1445439584519752629, 0.3099755192199468712, -0.9396926207858387059 ) ) ;
#5282 = AXIS2_PLACEMENT_3D ( 'NONE', #3461, #2905, #4947 ) ;
#5283 = CIRCLE ( 'NONE', #4118, 3.350000000000000089 ) ;
#5284 = FILL_AREA_STYLE_COLOUR ( '', #4360 ) ;
#5285 = AXIS2_PLACEMENT_3D ( 'NONE', #2945, #4985, #4449 ) ;
#5286 = ORIENTED_EDGE ( 'NONE', *, *, #2823, .T. ) ;
#5287 = COLOUR_RGB ( '',0.7960784313725489669, 0.8235294117647058432, 0.9372549019607843146 ) ;
#5288 = ADVANCED_FACE ( 'NONE', ( #478 ), #5513, .F. ) ;
#5289 = STYLED_ITEM ( 'NONE', ( #5174 ), #3815 ) ;
#5290 = PRESENTATION_STYLE_ASSIGNMENT (( #313 ) ) ;
#5291 = CIRCLE ( 'NONE', #4446, 0.1249999999979999749 ) ;
#5292 = DIRECTION ( 'NONE',  ( 0.9063077870389449897, 0.4226182617357776006, 0.000000000000000000 ) ) ;
#5293 = DIRECTION ( 'NONE',  ( -1.000000000000000000, 0.000000000000000000, 0.000000000000000000 ) ) ;
#5294 = LINE ( 'NONE', #2242, #4001 ) ;
#5295 = DIRECTION ( 'NONE',  ( 0.000000000000000000, -1.000000000000000000, -2.220446049250000002E-16 ) ) ;
#5296 = ORIENTED_EDGE ( 'NONE', *, *, #2503, .T. ) ;
#5297 = EDGE_LOOP ( 'NONE', ( #4628, #5422, #576, #6422 ) ) ;
#5298 = ORIENTED_EDGE ( 'NONE', *, *, #2857, .F. ) ;
#5299 = CARTESIAN_POINT ( 'NONE',  ( 5.000000000000000888, 3.919999999999999929, -5.750000000000000000 ) ) ;
#5300 =( LENGTH_UNIT ( ) NAMED_UNIT ( * ) SI_UNIT ( .MILLI., .METRE. ) );
#5301 = FACE_OUTER_BOUND ( 'NONE', #4032, .T. ) ;
#5302 = ADVANCED_FACE ( 'NONE', ( #3800 ), #3998, .F. ) ;
#5303 = FACE_OUTER_BOUND ( 'NONE', #5897, .T. ) ;
#5304 = CARTESIAN_POINT ( 'NONE',  ( 6.124999999997999822, 0.8750000000020000668, -0.5000000000000000000 ) ) ;
#5305 =( LENGTH_UNIT ( ) NAMED_UNIT ( * ) SI_UNIT ( .MILLI., .METRE. ) );
#5306 =( NAMED_UNIT ( * ) SI_UNIT ( $, .STERADIAN. ) SOLID_ANGLE_UNIT ( ) );
#5307 = CARTESIAN_POINT ( 'NONE',  ( -6.249412934932999875, -3.500000000000000000, 2.000000000000000000 ) ) ;
#5308 = UNCERTAINTY_MEASURE_WITH_UNIT (LENGTH_MEASURE( 1.000000000000000082E-05 ), #1818, 'distance_accuracy_value', 'NONE');
#5309 =( LENGTH_UNIT ( ) NAMED_UNIT ( * ) SI_UNIT ( .MILLI., .METRE. ) );
#5310 = PRESENTATION_STYLE_ASSIGNMENT (( #5787 ) ) ;
#5311 = LINE ( 'NONE', #4353, #3463 ) ;
#5312 = ORIENTED_EDGE ( 'NONE', *, *, #2543, .F. ) ;
#5313 = VECTOR ( 'NONE', #2097, 1000.000000000000000 ) ;
#5314 = SURFACE_STYLE_USAGE ( .BOTH. , #917 ) ;
#5315 = CARTESIAN_POINT ( 'NONE',  ( -6.394748594336999936, -0.5674324966579999963, -3.000000000000000000 ) ) ;
#5316 = APPLICATION_CONTEXT ( 'automotive_design' ) ;
#5317 = SURFACE_STYLE_FILL_AREA ( #3282 ) ;
#5318 = FILL_AREA_STYLE ('',( #307 ) ) ;
#5319 = VECTOR ( 'NONE', #2129, 1000.000000000000000 ) ;
#5320 = PRODUCT_DEFINITION_CONTEXT ( 'detailed design', #4049, 'design' ) ;
#5321 = PRESENTATION_LAYER_ASSIGNMENT (  '', '', ( #1833 ) ) ;
#5322 = PRESENTATION_STYLE_ASSIGNMENT (( #4396 ) ) ;
#5323 = ORIENTED_EDGE ( 'NONE', *, *, #3491, .F. ) ;
#5324 = CIRCLE ( 'NONE', #274, 0.3750000000020004554 ) ;
#5325 = CARTESIAN_POINT ( 'NONE',  ( -6.022835988174000121, -3.394345434564999930, -3.000000000000000000 ) ) ;
#5326 = EDGE_CURVE ( 'NONE', #4997, #871, #1007, .T. ) ;
#5327 = MECHANICAL_DESIGN_GEOMETRIC_PRESENTATION_REPRESENTATION (  '', ( #1747 ), #3723 ) ;
#5328 =( NAMED_UNIT ( * ) PLANE_ANGLE_UNIT ( ) SI_UNIT ( $, .RADIAN. ) );
#5329 = ORIENTED_EDGE ( 'NONE', *, *, #3220, .F. ) ;
#5330 = EDGE_LOOP ( 'NONE', ( #3886, #6061, #1943, #5394 ) ) ;
#5331 = DIRECTION ( 'NONE',  ( 0.000000000000000000, -1.000000000000000000, -0.000000000000000000 ) ) ;
#5332 = AXIS2_PLACEMENT_3D ( 'NONE', #2757, #1834, #5723 ) ;
#5333 = CARTESIAN_POINT ( 'NONE',  ( 4.500000000000000888, 3.919999999999999929, 5.400000000000000355 ) ) ;
#5334 = PRESENTATION_STYLE_ASSIGNMENT (( #3297 ) ) ;
#5335 = EDGE_CURVE ( 'NONE', #3127, #2933, #2811, .T. ) ;
#5336 = PRESENTATION_STYLE_ASSIGNMENT (( #3302 ) ) ;
#5337 = SURFACE_STYLE_FILL_AREA ( #4887 ) ;
#5338 = AXIS2_PLACEMENT_3D ( 'NONE', #3972, #5424, #5395 ) ;
#5339 = FILL_AREA_STYLE ('',( #3306 ) ) ;
#5340 =( LENGTH_UNIT ( ) NAMED_UNIT ( * ) SI_UNIT ( .MILLI., .METRE. ) );
#5341 = FILL_AREA_STYLE_COLOUR ( '', #1021 ) ;
#5342 = SURFACE_SIDE_STYLE ('',( #1782 ) ) ;
#5343 = DIRECTION ( 'NONE',  ( 0.000000000000000000, 1.000000000000000000, 2.220446049250000002E-16 ) ) ;
#5344 =( NAMED_UNIT ( * ) PLANE_ANGLE_UNIT ( ) SI_UNIT ( $, .RADIAN. ) );
#5345 = ORIENTED_EDGE ( 'NONE', *, *, #2456, .T. ) ;
#5346 = FACE_OUTER_BOUND ( 'NONE', #5003, .T. ) ;
#5347 =( NAMED_UNIT ( * ) SI_UNIT ( $, .STERADIAN. ) SOLID_ANGLE_UNIT ( ) );
#5348 = CARTESIAN_POINT ( 'NONE',  ( -6.674999999997999645, -1.699999999999999956, 2.000000000000000000 ) ) ;
#5349 = ORIENTED_EDGE ( 'NONE', *, *, #4800, .T. ) ;
#5350 = SURFACE_SIDE_STYLE ('',( #5827 ) ) ;
#5351 = LINE ( 'NONE', #4936, #100 ) ;
#5352 = FILL_AREA_STYLE_COLOUR ( '', #6081 ) ;
#5353 = FILL_AREA_STYLE ('',( #3397 ) ) ;
#5354 = MECHANICAL_DESIGN_GEOMETRIC_PRESENTATION_REPRESENTATION (  '', ( #3864 ), #3160 ) ;
#5355 = ORIENTED_EDGE ( 'NONE', *, *, #3654, .T. ) ;
#5356 = AXIS2_PLACEMENT_3D ( 'NONE', #1036, #2575, #5090 ) ;
#5357 = EDGE_CURVE ( 'NONE', #6116, #3027, #5053, .T. ) ;
#5358 = VERTEX_POINT ( 'NONE', #3067 ) ;
#5359 = FILL_AREA_STYLE_COLOUR ( '', #3192 ) ;
#5360 = DIRECTION ( 'NONE',  ( 0.9063077870379250278, 0.4226182617379650730, -0.000000000000000000 ) ) ;
#5361 = SURFACE_STYLE_USAGE ( .BOTH. , #3893 ) ;
#5362 = LINE ( 'NONE', #841, #2791 ) ;
#5363 = PRESENTATION_LAYER_ASSIGNMENT (  '', '', ( #1787 ) ) ;
#5364 = LINE ( 'NONE', #5751, #2359 ) ;
#5365 = EDGE_CURVE ( 'NONE', #371, #1444, #207, .T. ) ;
#5366 = DIRECTION ( 'NONE',  ( -0.000000000000000000, -0.000000000000000000, -1.000000000000000000 ) ) ;
#5367 = CARTESIAN_POINT ( 'NONE',  ( -1.905000000000000027, 7.360000000000000320, -1.905000000000000027 ) ) ;
#5368 = CIRCLE ( 'NONE', #2089, 0.1249999999979999749 ) ;
#5369 = CARTESIAN_POINT ( 'NONE',  ( -6.313119520966999687, -2.771830389574999831, 2.000000000000000000 ) ) ;
#5370 = SHAPE_REPRESENTATION ( 'Body004', ( #3487 ), #4829 ) ;
#5371 = SURFACE_STYLE_FILL_AREA ( #4897 ) ;
#5372 = CARTESIAN_POINT ( 'NONE',  ( 6.022835988173979693, -3.394345434565043007, 2.249999999999870326 ) ) ;
#5373 = VECTOR ( 'NONE', #1019, 1000.000000000000000 ) ;
#5374 = SURFACE_SIDE_STYLE ('',( #793 ) ) ;
#5375 = CARTESIAN_POINT ( 'NONE',  ( -5.750000000000000000, 3.919999999999999929, 4.999999999999999112 ) ) ;
#5376 = EDGE_CURVE ( 'NONE', #3136, #356, #5091, .T. ) ;
#5377 = ORIENTED_EDGE ( 'NONE', *, *, #5979, .F. ) ;
#5378 = MECHANICAL_DESIGN_GEOMETRIC_PRESENTATION_REPRESENTATION (  '', ( #646 ), #13 ) ;
#5379 = DIRECTION ( 'NONE',  ( 0.000000000000000000, 0.000000000000000000, 1.000000000000000000 ) ) ;
#5380 = CARTESIAN_POINT ( 'NONE',  ( -7.049999999999998934, -1.699999999999999956, -3.000000000000000000 ) ) ;
#5381 = STYLED_ITEM ( 'NONE', ( #4919 ), #1304 ) ;
#5382 = MECHANICAL_DESIGN_GEOMETRIC_PRESENTATION_REPRESENTATION (  '', ( #546 ), #2218 ) ;
#5383 = ORIENTED_EDGE ( 'NONE', *, *, #2229, .T. ) ;
#5384 = AXIS2_PLACEMENT_3D ( 'NONE', #6329, #4389, #5792 ) ;
#5385 = UNCERTAINTY_MEASURE_WITH_UNIT (LENGTH_MEASURE( 1.000000000000000082E-05 ), #2740, 'distance_accuracy_value', 'NONE');
#5386 = ORIENTED_EDGE ( 'NONE', *, *, #4428, .F. ) ;
#5387 = LINE ( 'NONE', #3758, #2777 ) ;
#5388 = CARTESIAN_POINT ( 'NONE',  ( -6.022835988174000121, -3.394345434564999930, -2.250000000000000000 ) ) ;
#5389 = CARTESIAN_POINT ( 'NONE',  ( -5.750000000000000000, 3.919999999999999929, -5.750000000000000000 ) ) ;
#5390 = EDGE_CURVE ( 'NONE', #4336, #4768, #4310, .T. ) ;
#5391 = PLANE ( 'NONE',  #6134 ) ;
#5392 = ORIENTED_EDGE ( 'NONE', *, *, #2160, .F. ) ;
#5393 =( LENGTH_UNIT ( ) NAMED_UNIT ( * ) SI_UNIT ( .MILLI., .METRE. ) );
#5394 = ORIENTED_EDGE ( 'NONE', *, *, #5904, .F. ) ;
#5395 = DIRECTION ( 'NONE',  ( 0.000000000000000000, 0.9496656485285897009, -0.3132653124825234281 ) ) ;
#5396 = DIRECTION ( 'NONE',  ( 0.000000000000000000, 0.000000000000000000, -1.000000000000000000 ) ) ;
#5397 =( NAMED_UNIT ( * ) PLANE_ANGLE_UNIT ( ) SI_UNIT ( $, .RADIAN. ) );
#5398 = ADVANCED_FACE ( 'NONE', ( #4638 ), #2047, .F. ) ;
#5399 = AXIS2_PLACEMENT_3D ( 'NONE', #1188, #4206, #6249 ) ;
#5400 = DIRECTION ( 'NONE',  ( 0.000000000000000000, -1.000000000000000000, -2.220446049250000002E-16 ) ) ;
#5401 = DIRECTION ( 'NONE',  ( -0.7071067811865474617, -8.177564888977996389E-16, 0.7071067811865474617 ) ) ;
#5402 =( NAMED_UNIT ( * ) SI_UNIT ( $, .STERADIAN. ) SOLID_ANGLE_UNIT ( ) );
#5403 =( GEOMETRIC_REPRESENTATION_CONTEXT ( 3 ) GLOBAL_UNCERTAINTY_ASSIGNED_CONTEXT ( ( #5759 ) ) GLOBAL_UNIT_ASSIGNED_CONTEXT ( ( #888, #2387, #2451 ) ) REPRESENTATION_CONTEXT ( 'NONE', 'WORKASPACE' ) );
#5404 = CARTESIAN_POINT ( 'NONE',  ( 6.124999999997999822, -0.5000000000000000000, 2.000000000000000000 ) ) ;
#5405 = AXIS2_PLACEMENT_3D ( 'NONE', #1808, #3573, #1627 ) ;
#5406 = ORIENTED_EDGE ( 'NONE', *, *, #200, .T. ) ;
#5407 = VERTEX_POINT ( 'NONE', #1608 ) ;
#5408 = VECTOR ( 'NONE', #678, 1000.000000000000000 ) ;
#5409 = DIRECTION ( 'NONE',  ( 0.4226182617399908414, -0.9063077870369803390, -0.000000000000000000 ) ) ;
#5410 = SURFACE_SIDE_STYLE ('',( #2922 ) ) ;
#5411 = DIRECTION ( 'NONE',  ( -1.000000000000000000, 0.000000000000000000, 0.000000000000000000 ) ) ;
#5412 = VERTEX_POINT ( 'NONE', #2145 ) ;
#5413 = VECTOR ( 'NONE', #3184, 1000.000000000000000 ) ;
#5414 = EDGE_CURVE ( 'NONE', #2890, #1872, #4706, .T. ) ;
#5415 = ORIENTED_EDGE ( 'NONE', *, *, #2963, .T. ) ;
#5416 = FILL_AREA_STYLE ('',( #3386 ) ) ;
#5417 = STYLED_ITEM ( 'NONE', ( #982 ), #2973 ) ;
#5418 = VECTOR ( 'NONE', #4034, 1000.000000000000000 ) ;
#5419 = CARTESIAN_POINT ( 'NONE',  ( 6.500000000000000888, -0.5000000000000000000, -0.5000000000000000000 ) ) ;
#5420 = PRESENTATION_LAYER_ASSIGNMENT (  '', '', ( #896 ) ) ;
#5421 = COLOUR_RGB ( '',0.7960784313725489669, 0.8235294117647058432, 0.9372549019607843146 ) ;
#5422 = ORIENTED_EDGE ( 'NONE', *, *, #1737, .T. ) ;
#5423 = VERTEX_POINT ( 'NONE', #183 ) ;
#5424 = DIRECTION ( 'NONE',  ( 0.1445439584519752629, -0.3099755192199468712, -0.9396926207858387059 ) ) ;
#5425 = DIRECTION ( 'NONE',  ( 0.3971312619642177744, 0.8516507396404148222, -0.3420201433258602264 ) ) ;
#5426 = UNCERTAINTY_MEASURE_WITH_UNIT (LENGTH_MEASURE( 1.000000000000000082E-05 ), #6381, 'distance_accuracy_value', 'NONE');
#5427 = DIRECTION ( 'NONE',  ( 0.000000000000000000, 1.000000000000000000, 2.313393592160999896E-16 ) ) ;
#5428 = SURFACE_STYLE_USAGE ( .BOTH. , #5818 ) ;
#5429 =( GEOMETRIC_REPRESENTATION_CONTEXT ( 3 ) GLOBAL_UNCERTAINTY_ASSIGNED_CONTEXT ( ( #4465 ) ) GLOBAL_UNIT_ASSIGNED_CONTEXT ( ( #2767, #5873, #856 ) ) REPRESENTATION_CONTEXT ( 'NONE', 'WORKASPACE' ) );
#5430 = LINE ( 'NONE', #2299, #5796 ) ;
#5431 = FILL_AREA_STYLE ('',( #952 ) ) ;
#5432 = FACE_OUTER_BOUND ( 'NONE', #4762, .T. ) ;
#5433 = DIRECTION ( 'NONE',  ( 1.000000000000000000, 0.000000000000000000, 0.000000000000000000 ) ) ;
#5434 = DIRECTION ( 'NONE',  ( -0.5394599732742371145, -0.8420112453138374198, 0.000000000000000000 ) ) ;
#5435 = PRESENTATION_LAYER_ASSIGNMENT (  '', '', ( #702 ) ) ;
#5436 = ORIENTED_EDGE ( 'NONE', *, *, #5020, .F. ) ;
#5437 = EDGE_CURVE ( 'NONE', #6335, #5600, #1789, .T. ) ;
#5438 = CARTESIAN_POINT ( 'NONE',  ( 6.780251405660771447, -1.632567503341899595, 0.5000000000000000000 ) ) ;
#5439 = CARTESIAN_POINT ( 'NONE',  ( 6.184245783005267505, -0.7022974899788290148, -0.5000000000000000000 ) ) ;
#5440 = ORIENTED_EDGE ( 'NONE', *, *, #6187, .F. ) ;
#5441 = UNCERTAINTY_MEASURE_WITH_UNIT (LENGTH_MEASURE( 1.000000000000000082E-05 ), #5393, 'distance_accuracy_value', 'NONE');
#5442 = ORIENTED_EDGE ( 'NONE', *, *, #4644, .F. ) ;
#5443 = DIRECTION ( 'NONE',  ( 0.000000000000000000, 0.000000000000000000, -1.000000000000000000 ) ) ;
#5444 = FACE_OUTER_BOUND ( 'NONE', #6244, .T. ) ;
#5445 =( NAMED_UNIT ( * ) PLANE_ANGLE_UNIT ( ) SI_UNIT ( $, .RADIAN. ) );
#5446 = FILL_AREA_STYLE_COLOUR ( '', #5712 ) ;
#5447 = ORIENTED_EDGE ( 'NONE', *, *, #3874, .T. ) ;
#5448 = EDGE_CURVE ( 'NONE', #5961, #3574, #5603, .T. ) ;
#5449 = EDGE_LOOP ( 'NONE', ( #2200, #2573, #996, #1437 ) ) ;
#5450 = CARTESIAN_POINT ( 'NONE',  ( 6.990754216993001258, -1.497702510021000188, 2.000000000000000000 ) ) ;
#5451 = COLOUR_RGB ( '',0.7960784313725489669, 0.8235294117647058432, 0.9372549019607843146 ) ;
#5452 =( NAMED_UNIT ( * ) PLANE_ANGLE_UNIT ( ) SI_UNIT ( $, .RADIAN. ) );
#5453 = AXIS2_PLACEMENT_3D ( 'NONE', #3090, #5535, #3483 ) ;
#5454 = VERTEX_POINT ( 'NONE', #3130 ) ;
#5455 = DIRECTION ( 'NONE',  ( 0.000000000000000000, 0.000000000000000000, -1.000000000000000000 ) ) ;
#5456 = DIRECTION ( 'NONE',  ( -0.000000000000000000, -0.000000000000000000, 1.000000000000000000 ) ) ;
#5457 = CARTESIAN_POINT ( 'NONE',  ( 6.788288473375239995, -1.752827282717128066, 3.000000000000000000 ) ) ;
#5458 = SURFACE_SIDE_STYLE ('',( #3430 ) ) ;
#5459 = COLOUR_RGB ( '',0.7960784313725489669, 0.8235294117647058432, 0.9372549019607843146 ) ;
#5460 = CYLINDRICAL_SURFACE ( 'NONE', #1560, 1.500000000000000000 ) ;
#5461 = CARTESIAN_POINT ( 'NONE',  ( 5.750000000000000000, 3.419999999999999485, 5.750000000000000000 ) ) ;
#5462 = SURFACE_SIDE_STYLE ('',( #1464 ) ) ;
#5463 =( NAMED_UNIT ( * ) SI_UNIT ( $, .STERADIAN. ) SOLID_ANGLE_UNIT ( ) );
#5464 = ORIENTED_EDGE ( 'NONE', *, *, #2295, .F. ) ;
#5465 = VECTOR ( 'NONE', #6106, 1000.000000000000000 ) ;
#5466 = ORIENTED_EDGE ( 'NONE', *, *, #3327, .T. ) ;
#5467 =( GEOMETRIC_REPRESENTATION_CONTEXT ( 3 ) GLOBAL_UNCERTAINTY_ASSIGNED_CONTEXT ( ( #4187 ) ) GLOBAL_UNIT_ASSIGNED_CONTEXT ( ( #3714, #5773, #288 ) ) REPRESENTATION_CONTEXT ( 'NONE', 'WORKASPACE' ) );
#5468 = DIRECTION ( 'NONE',  ( -1.000000000000000000, 0.000000000000000000, 0.000000000000000000 ) ) ;
#5469 = ADVANCED_FACE ( 'NONE', ( #3097 ), #642, .T. ) ;
#5470 = EDGE_LOOP ( 'NONE', ( #12, #6109, #1792, #3095 ) ) ;
#5471 = VERTEX_POINT ( 'NONE', #3784 ) ;
#5472 = FACE_OUTER_BOUND ( 'NONE', #4477, .T. ) ;
#5473 = DIRECTION ( 'NONE',  ( -0.000000000000000000, -0.000000000000000000, 1.000000000000000000 ) ) ;
#5474 =( NAMED_UNIT ( * ) SI_UNIT ( $, .STERADIAN. ) SOLID_ANGLE_UNIT ( ) );
#5475 = MECHANICAL_DESIGN_GEOMETRIC_PRESENTATION_REPRESENTATION (  '', ( #3469 ), #4327 ) ;
#5476 = PRESENTATION_LAYER_ASSIGNMENT (  '', '', ( #3470 ) ) ;
#5477 = PRESENTATION_LAYER_ASSIGNMENT (  '', '', ( #5582 ) ) ;
#5478 = EDGE_LOOP ( 'NONE', ( #665, #1673, #6021, #2036 ) ) ;
#5479 = VECTOR ( 'NONE', #5360, 1000.000000000000114 ) ;
#5480 = ORIENTED_EDGE ( 'NONE', *, *, #526, .F. ) ;
#5481 = CARTESIAN_POINT ( 'NONE',  ( -4.500000000000000888, 3.419999999999999929, 3.600000000000000533 ) ) ;
#5482 = AXIS2_PLACEMENT_3D ( 'NONE', #414, #6438, #64 ) ;
#5483 = FILL_AREA_STYLE ('',( #876 ) ) ;
#5484 = EDGE_CURVE ( 'NONE', #5744, #5650, #211, .T. ) ;
#5485 = EDGE_LOOP ( 'NONE', ( #4970, #2009, #1571, #4432 ) ) ;
#5486 = CARTESIAN_POINT ( 'NONE',  ( -6.500000000000000888, -0.5000000000000000000, -2.000000000000000000 ) ) ;
#5487 = FILL_AREA_STYLE ('',( #1361 ) ) ;
#5488 = CARTESIAN_POINT ( 'NONE',  ( -6.249412934932999875, -3.500000000000000000, -3.000000000000000000 ) ) ;
#5489 = AXIS2_PLACEMENT_3D ( 'NONE', #6179, #4746, #840 ) ;
#5490 = DIRECTION ( 'NONE',  ( 0.000000000000000000, 0.000000000000000000, -1.000000000000000000 ) ) ;
#5491 = ADVANCED_BREP_SHAPE_REPRESENTATION ( '', ( #2540, #3487 ), #4829 ) ;
#5492 = SURFACE_STYLE_USAGE ( .BOTH. , #3472 ) ;
#5493 = LINE ( 'NONE', #3402, #3415 ) ;
#5494 = EDGE_CURVE ( 'NONE', #4458, #245, #733, .T. ) ;
#5495 = LINE ( 'NONE', #985, #6421 ) ;
#5496 = CYLINDRICAL_SURFACE ( 'NONE', #6317, 0.3750000000020004554 ) ;
#5497 = DIRECTION ( 'NONE',  ( 0.000000000000000000, 0.000000000000000000, 1.000000000000000000 ) ) ;
#5498 = SURFACE_STYLE_FILL_AREA ( #1931 ) ;
#5499 = VECTOR ( 'NONE', #4547, 1000.000000000000000 ) ;
#5500 = ORIENTED_EDGE ( 'NONE', *, *, #2210, .T. ) ;
#5501 = DIRECTION ( 'NONE',  ( 0.000000000000000000, -1.000000000000000000, -2.220446049250000002E-16 ) ) ;
#5502 = ORIENTED_EDGE ( 'NONE', *, *, #3039, .T. ) ;
#5503 = PRESENTATION_LAYER_ASSIGNMENT (  '', '', ( #5911 ) ) ;
#5504 =( LENGTH_UNIT ( ) NAMED_UNIT ( * ) SI_UNIT ( .MILLI., .METRE. ) );
#5505 = PRESENTATION_STYLE_ASSIGNMENT (( #377 ) ) ;
#5506 = CIRCLE ( 'NONE', #3080, 0.1249999999979999749 ) ;
#5507 = ORIENTED_EDGE ( 'NONE', *, *, #3860, .T. ) ;
#5508 =( GEOMETRIC_REPRESENTATION_CONTEXT ( 3 ) GLOBAL_UNCERTAINTY_ASSIGNED_CONTEXT ( ( #3575 ) ) GLOBAL_UNIT_ASSIGNED_CONTEXT ( ( #5689, #5724, #6219 ) ) REPRESENTATION_CONTEXT ( 'NONE', 'WORKASPACE' ) );
#5509 = UNCERTAINTY_MEASURE_WITH_UNIT (LENGTH_MEASURE( 1.000000000000000082E-05 ), #2428, 'distance_accuracy_value', 'NONE');
#5510 = EDGE_LOOP ( 'NONE', ( #1303, #311, #3200, #1484 ) ) ;
#5511 = EDGE_CURVE ( 'NONE', #4632, #5260, #4869, .T. ) ;
#5512 = LINE ( 'NONE', #2144, #2081 ) ;
#5513 = PLANE ( 'NONE',  #1980 ) ;
#5514 = MECHANICAL_DESIGN_GEOMETRIC_PRESENTATION_REPRESENTATION (  '', ( #994 ), #6108 ) ;
#5515 = SURFACE_STYLE_FILL_AREA ( #511 ) ;
#5516 = VECTOR ( 'NONE', #1249, 1000.000000000000000 ) ;
#5517 = ORIENTED_EDGE ( 'NONE', *, *, #487, .T. ) ;
#5518 = VERTEX_POINT ( 'NONE', #3322 ) ;
#5519 = CARTESIAN_POINT ( 'NONE',  ( -6.674999999997999645, -1.699999999999999956, -3.000000000000000000 ) ) ;
#5520 = ADVANCED_FACE ( 'NONE', ( #5852 ), #4802, .T. ) ;
#5521 = PRESENTATION_STYLE_ASSIGNMENT (( #3366 ) ) ;
#5522 = DIRECTION ( 'NONE',  ( 0.3971312619642178854, -0.8516507396404150443, 0.3420201433258597268 ) ) ;
#5523 = DIRECTION ( 'NONE',  ( -0.000000000000000000, -0.000000000000000000, -1.000000000000000000 ) ) ;
#5524 = FACE_OUTER_BOUND ( 'NONE', #2248, .T. ) ;
#5525 = STYLED_ITEM ( 'NONE', ( #251 ), #3362 ) ;
#5526 =( LENGTH_UNIT ( ) NAMED_UNIT ( * ) SI_UNIT ( .MILLI., .METRE. ) );
#5527 = FILL_AREA_STYLE_COLOUR ( '', #4629 ) ;
#5528 = CIRCLE ( 'NONE', #5222, 0.3750000000020004554 ) ;
#5529 =( NAMED_UNIT ( * ) SI_UNIT ( $, .STERADIAN. ) SOLID_ANGLE_UNIT ( ) );
#5530 = DIRECTION ( 'NONE',  ( 1.000000000000000000, 0.000000000000000000, 0.000000000000000000 ) ) ;
#5531 = DIRECTION ( 'NONE',  ( 1.000000000000000000, 0.000000000000000000, 0.000000000000000000 ) ) ;
#5532 = CARTESIAN_POINT ( 'NONE',  ( 6.674999999997999645, -1.699999999999999956, -0.5000000000000000000 ) ) ;
#5533 = DIRECTION ( 'NONE',  ( 0.000000000000000000, 0.000000000000000000, -1.000000000000000000 ) ) ;
#5534 = ORIENTED_EDGE ( 'NONE', *, *, #954, .F. ) ;
#5535 = DIRECTION ( 'NONE',  ( 1.000000000000000000, 0.000000000000000000, 0.000000000000000000 ) ) ;
#5536 = FACE_BOUND ( 'NONE', #2369, .T. ) ;
#5537 = ORIENTED_EDGE ( 'NONE', *, *, #3076, .T. ) ;
#5538 = ORIENTED_EDGE ( 'NONE', *, *, #5721, .F. ) ;
#5539 = DIRECTION ( 'NONE',  ( 0.3971312619664671417, -0.8516507396395217588, -0.3420201433254725920 ) ) ;
#5540 =( LENGTH_UNIT ( ) NAMED_UNIT ( * ) SI_UNIT ( .MILLI., .METRE. ) );
#5541 = LINE ( 'NONE', #3033, #1493 ) ;
#5542 = DIRECTION ( 'NONE',  ( -1.000000000000000000, 0.000000000000000000, 0.000000000000000000 ) ) ;
#5543 = VERTEX_POINT ( 'NONE', #2208 ) ;
#5544 = EDGE_LOOP ( 'NONE', ( #2735, #6168, #541, #2934 ) ) ;
#5545 = PLANE ( 'NONE',  #161 ) ;
#5546 = DIRECTION ( 'NONE',  ( -1.000000000000000000, 0.000000000000000000, 0.000000000000000000 ) ) ;
#5547 = CYLINDRICAL_SURFACE ( 'NONE', #2652, 3.350000000000000089 ) ;
#5548 = LINE ( 'NONE', #4581, #3412 ) ;
#5549 = PRODUCT_DEFINITION_FORMATION_WITH_SPECIFIED_SOURCE ( 'ANY', '', #4216, .NOT_KNOWN. ) ;
#5550 = CARTESIAN_POINT ( 'NONE',  ( 2.848833609457000048E-16, 4.419999999999999929, 3.330669073874999756E-16 ) ) ;
#5551 = EDGE_CURVE ( 'NONE', #5148, #1406, #1315, .T. ) ;
#5552 = AXIS2_PLACEMENT_3D ( 'NONE', #1905, #6306, #5851 ) ;
#5553 =( LENGTH_UNIT ( ) NAMED_UNIT ( * ) SI_UNIT ( .MILLI., .METRE. ) );
#5554 =( NAMED_UNIT ( * ) PLANE_ANGLE_UNIT ( ) SI_UNIT ( $, .RADIAN. ) );
#5555 = DIRECTION ( 'NONE',  ( -0.7071067811865474617, 0.000000000000000000, -0.7071067811865474617 ) ) ;
#5556 = DIRECTION ( 'NONE',  ( 1.000000000000000000, 0.000000000000000000, -0.000000000000000000 ) ) ;
#5557 = VECTOR ( 'NONE', #988, 1000.000000000000114 ) ;
#5558 = DIRECTION ( 'NONE',  ( 0.000000000000000000, 0.000000000000000000, 1.000000000000000000 ) ) ;
#5559 = PRODUCT_DEFINITION_CONTEXT ( 'detailed design', #5836, 'design' ) ;
#5560 = CONTEXT_DEPENDENT_SHAPE_REPRESENTATION ( #345, #2205 ) ;
#5561 = STYLED_ITEM ( 'NONE', ( #6072 ), #5157 ) ;
#5562 = SURFACE_STYLE_USAGE ( .BOTH. , #991 ) ;
#5563 = DIRECTION ( 'NONE',  ( 0.3971312619642178854, -0.8516507396404150443, -0.3420201433258597268 ) ) ;
#5564 = ORIENTED_EDGE ( 'NONE', *, *, #2568, .F. ) ;
#5565 = AXIS2_PLACEMENT_3D ( 'NONE', #3584, #3554, #1071 ) ;
#5566 = DIRECTION ( 'NONE',  ( 0.000000000000000000, -1.000000000000000000, -0.000000000000000000 ) ) ;
#5567 = EDGE_CURVE ( 'NONE', #2311, #2424, #4231, .T. ) ;
#5568 = VECTOR ( 'NONE', #5566, 1000.000000000000000 ) ;
#5569 = VERTEX_POINT ( 'NONE', #2803 ) ;
#5570 = UNCERTAINTY_MEASURE_WITH_UNIT (LENGTH_MEASURE( 1.000000000000000082E-05 ), #3144, 'distance_accuracy_value', 'NONE');
#5571 = VERTEX_POINT ( 'NONE', #2827 ) ;
#5572 = DIRECTION ( 'NONE',  ( 0.000000000000000000, 0.000000000000000000, -1.000000000000000000 ) ) ;
#5573 = CARTESIAN_POINT ( 'NONE',  ( -6.124999999997999822, -0.5000000000000000000, -3.000000000000000000 ) ) ;
#5574 = UNCERTAINTY_MEASURE_WITH_UNIT (LENGTH_MEASURE( 1.000000000000000082E-05 ), #4084, 'distance_accuracy_value', 'NONE');
#5575 = PRESENTATION_STYLE_ASSIGNMENT (( #1077 ) ) ;
#5576 = ORIENTED_EDGE ( 'NONE', *, *, #4704, .F. ) ;
#5577 = ORIENTED_EDGE ( 'NONE', *, *, #3093, .T. ) ;
#5578 = PRESENTATION_LAYER_ASSIGNMENT (  '', '', ( #1503 ) ) ;
#5579 = CARTESIAN_POINT ( 'NONE',  ( -6.799999999995999467, -1.699999999999999956, 2.000000000000000000 ) ) ;
#5580 =( GEOMETRIC_REPRESENTATION_CONTEXT ( 3 ) GLOBAL_UNCERTAINTY_ASSIGNED_CONTEXT ( ( #900 ) ) GLOBAL_UNIT_ASSIGNED_CONTEXT ( ( #1124, #104, #1561 ) ) REPRESENTATION_CONTEXT ( 'NONE', 'WORKASPACE' ) );
#5581 = CARTESIAN_POINT ( 'NONE',  ( 6.000000000000000000, 1.000000000000000000, 3.000000000000000000 ) ) ;
#5582 = STYLED_ITEM ( 'NONE', ( #2385 ), #3753 ) ;
#5583 = SURFACE_SIDE_STYLE ('',( #4650 ) ) ;
#5584 = SURFACE_STYLE_FILL_AREA ( #221 ) ;
#5585 = COLOUR_RGB ( '',1.000000000000000000, 0.000000000000000000, 0.000000000000000000 ) ;
#5586 = MECHANICAL_DESIGN_GEOMETRIC_PRESENTATION_REPRESENTATION (  '', ( #5289 ), #1076 ) ;
#5587 = SURFACE_STYLE_USAGE ( .BOTH. , #5458 ) ;
#5588 =( NAMED_UNIT ( * ) SI_UNIT ( $, .STERADIAN. ) SOLID_ANGLE_UNIT ( ) );
#5589 = EDGE_CURVE ( 'NONE', #121, #6373, #287, .T. ) ;
#5590 = CYLINDRICAL_SURFACE ( 'NONE', #3406, 0.1249999999979999749 ) ;
#5591 = SURFACE_STYLE_USAGE ( .BOTH. , #1533 ) ;
#5592 = PRESENTATION_STYLE_ASSIGNMENT (( #1196 ) ) ;
#5593 = VECTOR ( 'NONE', #4074, 1000.000000000000000 ) ;
#5594 = SHAPE_DEFINITION_REPRESENTATION ( #4758, #3796 ) ;
#5595 = DIRECTION ( 'NONE',  ( 0.000000000000000000, -1.000000000000000000, -2.220446049250000002E-16 ) ) ;
#5596 = FILL_AREA_STYLE_COLOUR ( '', #462 ) ;
#5597 = ORIENTED_EDGE ( 'NONE', *, *, #4158, .T. ) ;
#5598 = ORIENTED_EDGE ( 'NONE', *, *, #1816, .F. ) ;
#5599 = PRESENTATION_LAYER_ASSIGNMENT (  '', '', ( #2435 ) ) ;
#5600 = VERTEX_POINT ( 'NONE', #4367 ) ;
#5601 = DIRECTION ( 'NONE',  ( -1.332196476881727481E-16, -1.000000000000000000, -1.332196476881727481E-16 ) ) ;
#5602 = PLANE ( 'NONE',  #3976 ) ;
#5603 = LINE ( 'NONE', #4166, #735 ) ;
#5604 = LINE ( 'NONE', #2506, #4873 ) ;
#5605 = SURFACE_STYLE_FILL_AREA ( #3035 ) ;
#5606 = AXIS2_PLACEMENT_3D ( 'NONE', #987, #5016, #1897 ) ;
#5607 = SHAPE_REPRESENTATION ( 'Body002 (Mirror #1)', ( #3487 ), #1912 ) ;
#5608 = ORIENTED_EDGE ( 'NONE', *, *, #6187, .T. ) ;
#5609 = CIRCLE ( 'NONE', #3287, 0.1249999999979999749 ) ;
#5610 = EDGE_CURVE ( 'NONE', #4524, #186, #1761, .T. ) ;
#5611 = EDGE_CURVE ( 'NONE', #5715, #1112, #5368, .T. ) ;
#5612 = CIRCLE ( 'NONE', #3816, 0.3750000000020004554 ) ;
#5613 = VERTEX_POINT ( 'NONE', #2275 ) ;
#5614 =( NAMED_UNIT ( * ) SI_UNIT ( $, .STERADIAN. ) SOLID_ANGLE_UNIT ( ) );
#5615 = SURFACE_SIDE_STYLE ('',( #6096 ) ) ;
#5616 = LINE ( 'NONE', #6097, #660 ) ;
#5617 = COLOUR_RGB ( '',0.2509803921568627416, 0.2509803921568627416, 0.2509803921568627416 ) ;
#5618 = CIRCLE ( 'NONE', #2981, 0.3750000000019996227 ) ;
#5619 = SURFACE_STYLE_USAGE ( .BOTH. , #2549 ) ;
#5620 = FACE_OUTER_BOUND ( 'NONE', #1035, .T. ) ;
#5621 = LINE ( 'NONE', #2157, #5213 ) ;
#5622 = AXIS2_PLACEMENT_3D ( 'NONE', #5106, #715, #6126 ) ;
#5623 = AXIS2_PLACEMENT_3D ( 'NONE', #3817, #3319, #3221 ) ;
#5624 = UNCERTAINTY_MEASURE_WITH_UNIT (LENGTH_MEASURE( 1.000000000000000082E-05 ), #1705, 'distance_accuracy_value', 'NONE');
#5625 = LINE ( 'NONE', #5234, #3267 ) ;
#5626 = DIRECTION ( 'NONE',  ( -1.000000000000000000, 0.000000000000000000, 0.000000000000000000 ) ) ;
#5627 = SURFACE_SIDE_STYLE ('',( #1624 ) ) ;
#5628 = FACE_OUTER_BOUND ( 'NONE', #922, .T. ) ;
#5629 = FILL_AREA_STYLE ('',( #1026 ) ) ;
#5630 = APPLICATION_PROTOCOL_DEFINITION ( 'draft international standard', 'automotive_design', 1998, #3482 ) ;
#5631 = MECHANICAL_DESIGN_GEOMETRIC_PRESENTATION_REPRESENTATION (  '', ( #5525 ), #1229 ) ;
#5632 = CARTESIAN_POINT ( 'NONE',  ( -4.500000000000000888, 2.919999999999999929, -4.500000000000000888 ) ) ;
#5633 = AXIS2_PLACEMENT_3D ( 'NONE', #3196, #5775, #6240 ) ;
#5634 = ORIENTED_EDGE ( 'NONE', *, *, #4506, .F. ) ;
#5635 = MECHANICAL_DESIGN_GEOMETRIC_PRESENTATION_REPRESENTATION (  '', ( #4064 ), #3050 ) ;
#5636 = UNCERTAINTY_MEASURE_WITH_UNIT (LENGTH_MEASURE( 1.000000000000000082E-05 ), #782, 'distance_accuracy_value', 'NONE');
#5637 = FILL_AREA_STYLE_COLOUR ( '', #4964 ) ;
#5638 = ORIENTED_EDGE ( 'NONE', *, *, #3393, .T. ) ;
#5639 = EDGE_CURVE ( 'NONE', #2020, #2055, #6272, .T. ) ;
#5640 = APPLICATION_CONTEXT ( 'automotive_design' ) ;
#5641 = UNCERTAINTY_MEASURE_WITH_UNIT (LENGTH_MEASURE( 1.000000000000000082E-05 ), #799, 'distance_accuracy_value', 'NONE');
#5642 = MECHANICAL_DESIGN_GEOMETRIC_PRESENTATION_REPRESENTATION (  '', ( #1949 ), #2897 ) ;
#5643 = VERTEX_POINT ( 'NONE', #6370 ) ;
#5644 = PRESENTATION_STYLE_ASSIGNMENT (( #3553 ) ) ;
#5645 = CARTESIAN_POINT ( 'NONE',  ( 6.249412934932999875, -3.500000000000000000, -0.5000000000000000000 ) ) ;
#5646 = DIRECTION ( 'NONE',  ( -0.9063077870368960731, 0.4226182617401715302, 6.158268339723110724E-13 ) ) ;
#5647 = COLOUR_RGB ( '',1.000000000000000000, 0.000000000000000000, 0.000000000000000000 ) ;
#5648 = VERTEX_POINT ( 'NONE', #438 ) ;
#5649 = ORIENTED_EDGE ( 'NONE', *, *, #4294, .F. ) ;
#5650 = VERTEX_POINT ( 'NONE', #1936 ) ;
#5651 = SURFACE_SIDE_STYLE ('',( #99 ) ) ;
#5652 = EDGE_CURVE ( 'NONE', #505, #5715, #6015, .T. ) ;
#5653 = CARTESIAN_POINT ( 'NONE',  ( 6.539696467728110640, -2.877484955009652623, -0.5000000000000814904 ) ) ;
#5654 = COLOUR_RGB ( '',0.7921568627450980005, 0.8196078431372548767, 0.9333333333333333481 ) ;
#5655 = ADVANCED_BREP_SHAPE_REPRESENTATION ( '', ( #4743, #3487 ), #2174 ) ;
#5656 = LINE ( 'NONE', #4245, #5887 ) ;
#5657 = CARTESIAN_POINT ( 'NONE',  ( -6.375000000002000178, 0.8750000000020000668, 3.000000000000000000 ) ) ;
#5658 = PRESENTATION_STYLE_ASSIGNMENT (( #3633 ) ) ;
#5659 = FILL_AREA_STYLE_COLOUR ( '', #3877 ) ;
#5660 =( NAMED_UNIT ( * ) SI_UNIT ( $, .STERADIAN. ) SOLID_ANGLE_UNIT ( ) );
#5661 = APPLICATION_PROTOCOL_DEFINITION ( 'draft international standard', 'automotive_design', 1998, #5640 ) ;
#5662 = COLOUR_RGB ( '',0.7960784313725489669, 0.8235294117647058432, 0.9372549019607843146 ) ;
#5663 =( NAMED_UNIT ( * ) PLANE_ANGLE_UNIT ( ) SI_UNIT ( $, .RADIAN. ) );
#5664 = MECHANICAL_DESIGN_GEOMETRIC_PRESENTATION_REPRESENTATION (  '', ( #3021 ), #1368 ) ;
#5665 = AXIS2_PLACEMENT_3D ( 'NONE', #5325, #6238, #671 ) ;
#5666 = PRESENTATION_LAYER_ASSIGNMENT (  '', '', ( #3870 ) ) ;
#5667 = ORIENTED_EDGE ( 'NONE', *, *, #5277, .F. ) ;
#5668 = PRESENTATION_LAYER_ASSIGNMENT (  '', '', ( #4738 ) ) ;
#5669 = EDGE_CURVE ( 'NONE', #6465, #2864, #1876, .T. ) ;
#5670 = ORIENTED_EDGE ( 'NONE', *, *, #2937, .F. ) ;
#5671 = PRESENTATION_LAYER_ASSIGNMENT (  '', '', ( #5774 ) ) ;
#5672 = CARTESIAN_POINT ( 'NONE',  ( -1.905000000000000027, 7.360000000000000320, 1.905000000000000027 ) ) ;
#5673 = EDGE_CURVE ( 'NONE', #2890, #1908, #3411, .T. ) ;
#5674 = AXIS2_PLACEMENT_3D ( 'NONE', #90, #4097, #2109 ) ;
#5675 = FILL_AREA_STYLE ('',( #3101 ) ) ;
#5676 = VERTEX_POINT ( 'NONE', #5881 ) ;
#5677 = ORIENTED_EDGE ( 'NONE', *, *, #1922, .T. ) ;
#5678 = ORIENTED_EDGE ( 'NONE', *, *, #4402, .F. ) ;
#5679 = SURFACE_STYLE_USAGE ( .BOTH. , #6094 ) ;
#5680 = MECHANICAL_DESIGN_GEOMETRIC_PRESENTATION_REPRESENTATION (  '', ( #3253 ), #3670 ) ;
#5681 = DIRECTION ( 'NONE',  ( 0.000000000000000000, 0.000000000000000000, -1.000000000000000000 ) ) ;
#5682 = STYLED_ITEM ( 'NONE', ( #3879 ), #446 ) ;
#5683 = PRESENTATION_STYLE_ASSIGNMENT (( #5232 ) ) ;
#5684 = PRESENTATION_LAYER_ASSIGNMENT (  '', '', ( #5988 ) ) ;
#5685 = UNCERTAINTY_MEASURE_WITH_UNIT (LENGTH_MEASURE( 1.000000000000000082E-05 ), #4961, 'distance_accuracy_value', 'NONE');
#5686 = EDGE_CURVE ( 'NONE', #5768, #5643, #4529, .T. ) ;
#5687 =( NAMED_UNIT ( * ) SI_UNIT ( $, .STERADIAN. ) SOLID_ANGLE_UNIT ( ) );
#5688 = CARTESIAN_POINT ( 'NONE',  ( 6.184245783005000163, -0.7022974899789999892, 2.000000000000000000 ) ) ;
#5689 =( LENGTH_UNIT ( ) NAMED_UNIT ( * ) SI_UNIT ( .MILLI., .METRE. ) );
#5690 = CARTESIAN_POINT ( 'NONE',  ( -6.539696467728959739, -2.877484955010085166, 3.000000000000259348 ) ) ;
#5691 =( NAMED_UNIT ( * ) SI_UNIT ( $, .STERADIAN. ) SOLID_ANGLE_UNIT ( ) );
#5692 = PLANE ( 'NONE',  #4998 ) ;
#5693 = FACE_OUTER_BOUND ( 'NONE', #795, .T. ) ;
#5694 = SHAPE_DEFINITION_REPRESENTATION ( #6237, #3121 ) ;
#5695 = COLOUR_RGB ( '',0.2509803921568627416, 0.2509803921568627416, 0.2509803921568627416 ) ;
#5696 =( NAMED_UNIT ( * ) SI_UNIT ( $, .STERADIAN. ) SOLID_ANGLE_UNIT ( ) );
#5697 = CARTESIAN_POINT ( 'NONE',  ( -6.780251405660999708, -1.632567503341999959, -2.000000000000000000 ) ) ;
#5698 = COLOUR_RGB ( '',0.7960784313725489669, 0.8235294117647058432, 0.9372549019607843146 ) ;
#5699 = EDGE_CURVE ( 'NONE', #710, #2668, #1473, .T. ) ;
#5700 = ORIENTED_EDGE ( 'NONE', *, *, #3108, .T. ) ;
#5701 = UNCERTAINTY_MEASURE_WITH_UNIT (LENGTH_MEASURE( 1.000000000000000082E-05 ), #1962, 'distance_accuracy_value', 'NONE');
#5702 = AXIS2_PLACEMENT_3D ( 'NONE', #2972, #4006, #3007 ) ;
#5703 = CARTESIAN_POINT ( 'NONE',  ( -4.500000000000000888, 3.419999999999999929, -3.600000000000000533 ) ) ;
#5704 = COLOUR_RGB ( '',1.000000000000000000, 1.000000000000000000, 1.000000000000000000 ) ;
#5705 =( NAMED_UNIT ( * ) SI_UNIT ( $, .STERADIAN. ) SOLID_ANGLE_UNIT ( ) );
#5706 = ORIENTED_EDGE ( 'NONE', *, *, #6023, .T. ) ;
#5707 = ADVANCED_FACE ( 'NONE', ( #2958 ), #4401, .F. ) ;
#5708 = LINE ( 'NONE', #4165, #2566 ) ;
#5709 = DIRECTION ( 'NONE',  ( 0.000000000000000000, -2.299999999999999903E-16, 1.000000000000000000 ) ) ;
#5710 = DIRECTION ( 'NONE',  ( -0.7071067811865474617, 0.000000000000000000, 0.7071067811865474617 ) ) ;
#5711 = CARTESIAN_POINT ( 'NONE',  ( 6.022835988174000121, -3.394345434564999930, 2.000000000000000000 ) ) ;
#5712 = COLOUR_RGB ( '',0.7921568627450980005, 0.8196078431372548767, 0.9333333333333333481 ) ;
#5713 = ORIENTED_EDGE ( 'NONE', *, *, #1069, .T. ) ;
#5714 = ADVANCED_FACE ( 'NONE', ( #4430 ), #2007, .F. ) ;
#5715 = VERTEX_POINT ( 'NONE', #48 ) ;
#5716 =( NAMED_UNIT ( * ) SI_UNIT ( $, .STERADIAN. ) SOLID_ANGLE_UNIT ( ) );
#5717 = CARTESIAN_POINT ( 'NONE',  ( 6.788288473375000187, -1.752827282718000035, 0.5000000000000000000 ) ) ;
#5718 =( NAMED_UNIT ( * ) SI_UNIT ( $, .STERADIAN. ) SOLID_ANGLE_UNIT ( ) );
#5719 = DIRECTION ( 'NONE',  ( -0.000000000000000000, -0.000000000000000000, 1.000000000000000000 ) ) ;
#5720 = AXIS2_PLACEMENT_3D ( 'NONE', #5868, #5841, #5968 ) ;
#5721 = EDGE_CURVE ( 'NONE', #3154, #4831, #1170, .T. ) ;
#5722 = DIRECTION ( 'NONE',  ( -1.000000000000000000, 0.000000000000000000, 0.000000000000000000 ) ) ;
#5723 = DIRECTION ( 'NONE',  ( 0.000000000000000000, 0.000000000000000000, 1.000000000000000000 ) ) ;
#5724 =( NAMED_UNIT ( * ) PLANE_ANGLE_UNIT ( ) SI_UNIT ( $, .RADIAN. ) );
#5725 = DIRECTION ( 'NONE',  ( 0.000000000000000000, -0.000000000000000000, 1.000000000000000000 ) ) ;
#5726 = CARTESIAN_POINT ( 'NONE',  ( -4.500000000000000888, 3.919999999999999929, -5.400000000000000355 ) ) ;
#5727 = LINE ( 'NONE', #1332, #2298 ) ;
#5728 = FILL_AREA_STYLE ('',( #3698 ) ) ;
#5729 = APPLICATION_CONTEXT ( 'automotive_design' ) ;
#5730 =( LENGTH_UNIT ( ) NAMED_UNIT ( * ) SI_UNIT ( .MILLI., .METRE. ) );
#5731 = AXIS2_PLACEMENT_3D ( 'NONE', #3467, #71, #5490 ) ;
#5732 = VECTOR ( 'NONE', #5228, 1000.000000000000000 ) ;
#5733 = CARTESIAN_POINT ( 'NONE',  ( -6.000000000000000000, 1.250000000004000134, -3.000000000000000000 ) ) ;
#5734 = ORIENTED_EDGE ( 'NONE', *, *, #1054, .T. ) ;
#5735 = AXIS2_PLACEMENT_3D ( 'NONE', #6305, #6201, #3749 ) ;
#5736 = CARTESIAN_POINT ( 'NONE',  ( 6.000000000000000000, 0.000000000000000000, 0.000000000000000000 ) ) ;
#5737 = EDGE_CURVE ( 'NONE', #893, #5843, #4063, .T. ) ;
#5738 = ORIENTED_EDGE ( 'NONE', *, *, #1806, .T. ) ;
#5739 = AXIS2_PLACEMENT_3D ( 'NONE', #6308, #5295, #1316 ) ;
#5740 = COLOUR_RGB ( '',0.7960784313725489669, 0.8235294117647058432, 0.9372549019607843146 ) ;
#5741 = DIRECTION ( 'NONE',  ( 0.000000000000000000, 0.000000000000000000, 1.000000000000000000 ) ) ;
#5742 = CARTESIAN_POINT ( 'NONE',  ( -6.788288473374726628, -1.752827282717871693, 2.000000000000000000 ) ) ;
#5743 = VERTEX_POINT ( 'NONE', #4700 ) ;
#5744 = VERTEX_POINT ( 'NONE', #1135 ) ;
#5745 = ORIENTED_EDGE ( 'NONE', *, *, #1723, .F. ) ;
#5746 = SURFACE_STYLE_USAGE ( .BOTH. , #1184 ) ;
#5747 = CARTESIAN_POINT ( 'NONE',  ( 6.788288473374726628, -1.752827282717871693, -0.5000000000000000000 ) ) ;
#5748 = LINE ( 'NONE', #3328, #1513 ) ;
#5749 = CARTESIAN_POINT ( 'NONE',  ( 1.400000000000000069E-16, 3.419999999999999929, -2.000000000000000143E-17 ) ) ;
#5750 = EDGE_CURVE ( 'NONE', #939, #6276, #3559, .T. ) ;
#5751 = CARTESIAN_POINT ( 'NONE',  ( 6.780251405660767894, -1.632567503342147841, -0.5000000000000000000 ) ) ;
#5752 = UNCERTAINTY_MEASURE_WITH_UNIT (LENGTH_MEASURE( 1.000000000000000082E-05 ), #6390, 'distance_accuracy_value', 'NONE');
#5753 =( NAMED_UNIT ( * ) PLANE_ANGLE_UNIT ( ) SI_UNIT ( $, .RADIAN. ) );
#5754 = CARTESIAN_POINT ( 'NONE',  ( 4.102566777143633281E-16, 3.919999999999999929, -3.350000000000000977 ) ) ;
#5755 = CARTESIAN_POINT ( 'NONE',  ( -4.500000000000000888, 3.919999999999999929, -3.600000000000000533 ) ) ;
#5756 = SURFACE_STYLE_FILL_AREA ( #4892 ) ;
#5757 = CARTESIAN_POINT ( 'NONE',  ( -4.500000000000000888, 3.419999999999999929, 3.600000000000000533 ) ) ;
#5758 =( GEOMETRIC_REPRESENTATION_CONTEXT ( 3 ) GLOBAL_UNCERTAINTY_ASSIGNED_CONTEXT ( ( #3838 ) ) GLOBAL_UNIT_ASSIGNED_CONTEXT ( ( #2112, #1576, #3492 ) ) REPRESENTATION_CONTEXT ( 'NONE', 'WORKASPACE' ) );
#5759 = UNCERTAINTY_MEASURE_WITH_UNIT (LENGTH_MEASURE( 1.000000000000000082E-05 ), #888, 'distance_accuracy_value', 'NONE');
#5760 = EDGE_CURVE ( 'NONE', #5543, #2681, #3610, .T. ) ;
#5761 =( NAMED_UNIT ( * ) SI_UNIT ( $, .STERADIAN. ) SOLID_ANGLE_UNIT ( ) );
#5762 = ORIENTED_EDGE ( 'NONE', *, *, #5822, .T. ) ;
#5763 = DIRECTION ( 'NONE',  ( -1.000000000000000000, 0.000000000000000000, 0.000000000000000000 ) ) ;
#5764 = ORIENTED_EDGE ( 'NONE', *, *, #5494, .T. ) ;
#5765 = CARTESIAN_POINT ( 'NONE',  ( 5.750000000000000000, 3.919999999999999929, -5.750000000000000000 ) ) ;
#5766 = PRESENTATION_LAYER_ASSIGNMENT (  '', '', ( #1151 ) ) ;
#5767 = CARTESIAN_POINT ( 'NONE',  ( 6.674999999997999645, -1.699999999999999956, 0.5000000000000000000 ) ) ;
#5768 = VERTEX_POINT ( 'NONE', #3155 ) ;
#5769 = EDGE_CURVE ( 'NONE', #5276, #3718, #145, .T. ) ;
#5770 = FILL_AREA_STYLE_COLOUR ( '', #2881 ) ;
#5771 = FACE_OUTER_BOUND ( 'NONE', #5798, .T. ) ;
#5772 = DIRECTION ( 'NONE',  ( -0.4226182617399908414, -0.9063077870369803390, 0.000000000000000000 ) ) ;
#5773 =( NAMED_UNIT ( * ) PLANE_ANGLE_UNIT ( ) SI_UNIT ( $, .RADIAN. ) );
#5775 = DIRECTION ( 'NONE',  ( 0.000000000000000000, -1.000000000000000000, -2.220446049250000002E-16 ) ) ;
#5774 = STYLED_ITEM ( 'NONE', ( #5786 ), #5220 ) ;
#5776 = ORIENTED_EDGE ( 'NONE', *, *, #6420, .F. ) ;
#5777 = VERTEX_POINT ( 'NONE', #5120 ) ;
#5778 = STYLED_ITEM ( 'NONE', ( #1640 ), #5469 ) ;
#5779 = DIRECTION ( 'NONE',  ( -0.7071067811865475727, -1.884010325351794504E-16, 0.7071067811865475727 ) ) ;
#5780 = PLANE ( 'NONE',  #1967 ) ;
#5781 = DIRECTION ( 'NONE',  ( 0.000000000000000000, -0.000000000000000000, 1.000000000000000000 ) ) ;
#5782 = AXIS2_PLACEMENT_3D ( 'NONE', #3120, #4630, #115 ) ;
#5783 = PRESENTATION_LAYER_ASSIGNMENT (  '', '', ( #2096 ) ) ;
#5784 = EDGE_CURVE ( 'NONE', #1001, #1353, #85, .T. ) ;
#5785 = CARTESIAN_POINT ( 'NONE',  ( 5.750000000000000000, 3.419999999999999929, 5.000000000000000888 ) ) ;
#5786 = PRESENTATION_STYLE_ASSIGNMENT (( #4248 ) ) ;
#5787 = SURFACE_STYLE_USAGE ( .BOTH. , #3771 ) ;
#5788 =( NAMED_UNIT ( * ) SI_UNIT ( $, .STERADIAN. ) SOLID_ANGLE_UNIT ( ) );
#5789 = ORIENTED_EDGE ( 'NONE', *, *, #4968, .T. ) ;
#5790 =( GEOMETRIC_REPRESENTATION_CONTEXT ( 3 ) GLOBAL_UNCERTAINTY_ASSIGNED_CONTEXT ( ( #2719 ) ) GLOBAL_UNIT_ASSIGNED_CONTEXT ( ( #5905, #5344, #5788 ) ) REPRESENTATION_CONTEXT ( 'NONE', 'WORKASPACE' ) );
#5791 = ADVANCED_FACE ( 'NONE', ( #6165 ), #2602, .F. ) ;
#5792 = DIRECTION ( 'NONE',  ( 0.000000000000000000, -2.313393592160999896E-16, 1.000000000000000000 ) ) ;
#5793 = DIRECTION ( 'NONE',  ( -0.5394599732742371145, -0.8420112453138374198, 0.000000000000000000 ) ) ;
#5794 = AXIS2_PLACEMENT_3D ( 'NONE', #920, #2332, #5875 ) ;
#5795 = CARTESIAN_POINT ( 'NONE',  ( 5.750000000000000000, 3.919999999999999929, 5.750000000000000000 ) ) ;
#5796 = VECTOR ( 'NONE', #3401, 1000.000000000000000 ) ;
#5797 = CARTESIAN_POINT ( 'NONE',  ( 4.500000000000000888, 3.919999999999999929, -3.600000000000000533 ) ) ;
#5798 = EDGE_LOOP ( 'NONE', ( #1693, #4647 ) ) ;
#5799 = MECHANICAL_DESIGN_GEOMETRIC_PRESENTATION_REPRESENTATION (  '', ( #6401 ), #6068 ) ;
#5800 = AXIS2_PLACEMENT_3D ( 'NONE', #4655, #1654, #5722 ) ;
#5801 = LINE ( 'NONE', #2738, #5923 ) ;
#5802 = COLOUR_RGB ( '',0.2509803921568627416, 0.2509803921568627416, 0.2509803921568627416 ) ;
#5803 = CARTESIAN_POINT ( 'NONE',  ( 6.249412934932999875, -3.500000000000000000, -0.5000000000000000000 ) ) ;
#5804 = ORIENTED_EDGE ( 'NONE', *, *, #132, .F. ) ;
#5805 = VERTEX_POINT ( 'NONE', #4160 ) ;
#5806 = PRESENTATION_STYLE_ASSIGNMENT (( #3355 ) ) ;
#5807 = SURFACE_SIDE_STYLE ('',( #3793 ) ) ;
#5808 = CARTESIAN_POINT ( 'NONE',  ( 0.000000000000000000, 0.000000000000000000, 0.000000000000000000 ) ) ;
#5809 = PRESENTATION_LAYER_ASSIGNMENT (  '', '', ( #4355 ) ) ;
#5810 = EDGE_CURVE ( 'NONE', #1046, #2409, #3674, .T. ) ;
#5811 = MECHANICAL_DESIGN_GEOMETRIC_PRESENTATION_REPRESENTATION (  '', ( #5094 ), #1418 ) ;
#5812 =( NAMED_UNIT ( * ) PLANE_ANGLE_UNIT ( ) SI_UNIT ( $, .RADIAN. ) );
#5813 = FACE_OUTER_BOUND ( 'NONE', #1034, .T. ) ;
#5814 = CARTESIAN_POINT ( 'NONE',  ( -5.750000000000000000, 3.419999999999999929, 5.750000000000000000 ) ) ;
#5815 = SURFACE_SIDE_STYLE ('',( #269 ) ) ;
#5816 = FILL_AREA_STYLE_COLOUR ( '', #5916 ) ;
#5817 = CARTESIAN_POINT ( 'NONE',  ( 6.184245783005205332, -0.7022974899790277448, 0.5000000000000000000 ) ) ;
#5818 = SURFACE_SIDE_STYLE ('',( #2909 ) ) ;
#5819 = EDGE_LOOP ( 'NONE', ( #1613, #4379 ) ) ;
#5820 = CARTESIAN_POINT ( 'NONE',  ( 6.674999999997999645, -1.699999999999999956, -0.5000000000000000000 ) ) ;
#5821 = SURFACE_STYLE_USAGE ( .BOTH. , #4931 ) ;
#5822 = EDGE_CURVE ( 'NONE', #5676, #4697, #4124, .T. ) ;
#5823 = ORIENTED_EDGE ( 'NONE', *, *, #3505, .F. ) ;
#5824 = STYLED_ITEM ( 'NONE', ( #3109 ), #3122 ) ;
#5825 = COLOUR_RGB ( '',0.4470588235294117307, 0.4745098039215686070, 0.5019607843137254832 ) ;
#5826 = UNCERTAINTY_MEASURE_WITH_UNIT (LENGTH_MEASURE( 1.000000000000000082E-05 ), #2440, 'distance_accuracy_value', 'NONE');
#5827 = SURFACE_STYLE_FILL_AREA ( #4833 ) ;
#5828 = LINE ( 'NONE', #5880, #5044 ) ;
#5829 = ADVANCED_FACE ( 'NONE', ( #1631 ), #5150, .T. ) ;
#5830 = PRESENTATION_LAYER_ASSIGNMENT (  '', '', ( #4598 ) ) ;
#5831 = DIRECTION ( 'NONE',  ( 0.000000000000000000, 0.000000000000000000, 1.000000000000000000 ) ) ;
#5832 = VERTEX_POINT ( 'NONE', #3779 ) ;
#5833 = ORIENTED_EDGE ( 'NONE', *, *, #1199, .F. ) ;
#5834 = DIRECTION ( 'NONE',  ( -0.000000000000000000, -0.000000000000000000, -1.000000000000000000 ) ) ;
#5835 = DIRECTION ( 'NONE',  ( 0.000000000000000000, 0.000000000000000000, 1.000000000000000000 ) ) ;
#5836 = APPLICATION_CONTEXT ( 'automotive_design' ) ;
#5837 = STYLED_ITEM ( 'NONE', ( #5936 ), #2142 ) ;
#5838 =( LENGTH_UNIT ( ) NAMED_UNIT ( * ) SI_UNIT ( .MILLI., .METRE. ) );
#5839 = EDGE_CURVE ( 'NONE', #4941, #1390, #2203, .T. ) ;
#5840 = SURFACE_STYLE_USAGE ( .BOTH. , #6355 ) ;
#5841 = DIRECTION ( 'NONE',  ( 0.000000000000000000, -1.000000000000000000, -2.220446049250000002E-16 ) ) ;
#5842 = DIRECTION ( 'NONE',  ( 0.4226182617379650730, 0.9063077870379250278, 0.000000000000000000 ) ) ;
#5843 = VERTEX_POINT ( 'NONE', #4732 ) ;
#5844 =( LENGTH_UNIT ( ) NAMED_UNIT ( * ) SI_UNIT ( .MILLI., .METRE. ) );
#5845 = LINE ( 'NONE', #6362, #2370 ) ;
#5846 = DIRECTION ( 'NONE',  ( -1.000000000000000000, 0.000000000000000000, 0.000000000000000000 ) ) ;
#5847 =( NAMED_UNIT ( * ) SI_UNIT ( $, .STERADIAN. ) SOLID_ANGLE_UNIT ( ) );
#5848 = FILL_AREA_STYLE ('',( #2302 ) ) ;
#5849 = ORIENTED_EDGE ( 'NONE', *, *, #3132, .F. ) ;
#5850 = EDGE_CURVE ( 'NONE', #893, #2492, #1845, .T. ) ;
#5851 = DIRECTION ( 'NONE',  ( -1.000000000000000000, 0.000000000000000000, 0.000000000000000000 ) ) ;
#5852 = FACE_OUTER_BOUND ( 'NONE', #3364, .T. ) ;
#5853 = CARTESIAN_POINT ( 'NONE',  ( -5.375000000000000000, 3.419999999999999929, -5.375000000000000000 ) ) ;
#5854 = ORIENTED_EDGE ( 'NONE', *, *, #4898, .F. ) ;
#5855 =( GEOMETRIC_REPRESENTATION_CONTEXT ( 3 ) GLOBAL_UNCERTAINTY_ASSIGNED_CONTEXT ( ( #5385 ) ) GLOBAL_UNIT_ASSIGNED_CONTEXT ( ( #2740, #3193, #2172 ) ) REPRESENTATION_CONTEXT ( 'NONE', 'WORKASPACE' ) );
#5856 = ORIENTED_EDGE ( 'NONE', *, *, #4856, .T. ) ;
#5857 = DIRECTION ( 'NONE',  ( -0.7071067811865474617, 0.000000000000000000, -0.7071067811865474617 ) ) ;
#5858 = EDGE_CURVE ( 'NONE', #5407, #405, #4861, .T. ) ;
#5859 = SURFACE_STYLE_FILL_AREA ( #3827 ) ;
#5860 = AXIS2_PLACEMENT_3D ( 'NONE', #5014, #3542, #5556 ) ;
#5861 = FILL_AREA_STYLE_COLOUR ( '', #5740 ) ;
#5862 = STYLED_ITEM ( 'NONE', ( #3802 ), #2010 ) ;
#5863 = FACE_BOUND ( 'NONE', #1950, .T. ) ;
#5864 = EDGE_LOOP ( 'NONE', ( #537, #1857, #5634, #2502 ) ) ;
#5865 = DIRECTION ( 'NONE',  ( 0.000000000000000000, 0.000000000000000000, -1.000000000000000000 ) ) ;
#5866 = DIRECTION ( 'NONE',  ( -1.000000000000000000, 0.000000000000000000, 0.000000000000000000 ) ) ;
#5867 = SURFACE_SIDE_STYLE ('',( #362 ) ) ;
#5868 = CARTESIAN_POINT ( 'NONE',  ( 0.000000000000000000, 5.559999999999999609, 2.131628207279999972E-16 ) ) ;
#5869 = SURFACE_STYLE_FILL_AREA ( #3803 ) ;
#5870 = MECHANICAL_DESIGN_GEOMETRIC_PRESENTATION_REPRESENTATION (  '', ( #1883 ), #5974 ) ;
#5871 = FACE_OUTER_BOUND ( 'NONE', #4265, .T. ) ;
#5872 = DIRECTION ( 'NONE',  ( -0.9063077870368960731, 0.4226182617401715302, -6.158268339723110724E-13 ) ) ;
#5873 =( NAMED_UNIT ( * ) PLANE_ANGLE_UNIT ( ) SI_UNIT ( $, .RADIAN. ) );
#5874 = CARTESIAN_POINT ( 'NONE',  ( 5.000000000000000888, 3.420000000000000373, -5.750000000000000000 ) ) ;
#5875 = DIRECTION ( 'NONE',  ( -1.000000000000000000, 0.000000000000000000, 0.000000000000000000 ) ) ;
#5876 = AXIS2_PLACEMENT_3D ( 'NONE', #6137, #5244, #143 ) ;
#5877 = ORIENTED_EDGE ( 'NONE', *, *, #6273, .F. ) ;
#5878 = ADVANCED_FACE ( 'NONE', ( #824 ), #2234, .F. ) ;
#5879 = ORIENTED_EDGE ( 'NONE', *, *, #6379, .F. ) ;
#5880 = CARTESIAN_POINT ( 'NONE',  ( 1.836970198721029934E-16, 4.599999999999999645, 1.500000000000000000 ) ) ;
#5881 = CARTESIAN_POINT ( 'NONE',  ( -6.184245783005312802, -0.7022974899789587999, 3.000000000000000000 ) ) ;
#5882 = AXIS2_PLACEMENT_3D ( 'NONE', #5264, #1827, #3203 ) ;
#5883 = CIRCLE ( 'NONE', #5995, 0.3750000000019996227 ) ;
#5884 = FACE_OUTER_BOUND ( 'NONE', #1951, .T. ) ;
#5885 = ORIENTED_EDGE ( 'NONE', *, *, #4518, .T. ) ;
#5886 = ADVANCED_FACE ( 'NONE', ( #2822 ), #3189, .F. ) ;
#5887 = VECTOR ( 'NONE', #6217, 1000.000000000000000 ) ;
#5888 = COLOUR_RGB ( '',1.000000000000000000, 0.000000000000000000, 0.000000000000000000 ) ;
#5889 = UNCERTAINTY_MEASURE_WITH_UNIT (LENGTH_MEASURE( 1.000000000000000082E-05 ), #1455, 'distance_accuracy_value', 'NONE');
#5890 = ORIENTED_EDGE ( 'NONE', *, *, #2617, .F. ) ;
#5891 = LINE ( 'NONE', #445, #2246 ) ;
#5892 = SURFACE_STYLE_USAGE ( .BOTH. , #3928 ) ;
#5893 = VECTOR ( 'NONE', #1987, 1000.000000000000000 ) ;
#5894 =( NAMED_UNIT ( * ) PLANE_ANGLE_UNIT ( ) SI_UNIT ( $, .RADIAN. ) );
#5895 =( NAMED_UNIT ( * ) PLANE_ANGLE_UNIT ( ) SI_UNIT ( $, .RADIAN. ) );
#5896 =( NAMED_UNIT ( * ) SI_UNIT ( $, .STERADIAN. ) SOLID_ANGLE_UNIT ( ) );
#5897 = EDGE_LOOP ( 'NONE', ( #2277, #5193, #4566, #3745 ) ) ;
#5898 = PLANE ( 'NONE',  #864 ) ;
#5899 = ORIENTED_EDGE ( 'NONE', *, *, #3085, .T. ) ;
#5900 = LINE ( 'NONE', #557, #2473 ) ;
#5901 = CARTESIAN_POINT ( 'NONE',  ( -6.799999999995999467, -1.699999999999999956, -2.000000000000000000 ) ) ;
#5902 = FACE_OUTER_BOUND ( 'NONE', #1545, .T. ) ;
#5903 =( NAMED_UNIT ( * ) PLANE_ANGLE_UNIT ( ) SI_UNIT ( $, .RADIAN. ) );
#5904 = EDGE_CURVE ( 'NONE', #5518, #1210, #2949, .T. ) ;
#5905 =( LENGTH_UNIT ( ) NAMED_UNIT ( * ) SI_UNIT ( .MILLI., .METRE. ) );
#5906 = VECTOR ( 'NONE', #2221, 1000.000000000000114 ) ;
#5907 = FACE_OUTER_BOUND ( 'NONE', #6000, .T. ) ;
#5908 = SURFACE_STYLE_USAGE ( .BOTH. , #2883 ) ;
#5909 = CARTESIAN_POINT ( 'NONE',  ( 6.000000000000000000, 0.8750000000019999558, 2.000000000000000000 ) ) ;
#5910 = PLANE ( 'NONE',  #4517 ) ;
#5911 = STYLED_ITEM ( 'NONE', ( #4827 ), #5886 ) ;
#5912 = DIRECTION ( 'NONE',  ( 0.000000000000000000, 0.000000000000000000, -1.000000000000000000 ) ) ;
#5913 = CIRCLE ( 'NONE', #1632, 0.8999999999999998002 ) ;
#5914 = ORIENTED_EDGE ( 'NONE', *, *, #2527, .T. ) ;
#5915 = ORIENTED_EDGE ( 'NONE', *, *, #724, .F. ) ;
#5916 = COLOUR_RGB ( '',0.7960784313725489669, 0.8235294117647058432, 0.9372549019607843146 ) ;
#5917 = VECTOR ( 'NONE', #173, 1000.000000000000000 ) ;
#5918 = CARTESIAN_POINT ( 'NONE',  ( -6.500000000000000888, -0.5000000000000000000, 3.000000000000000000 ) ) ;
#5919 =( LENGTH_UNIT ( ) NAMED_UNIT ( * ) SI_UNIT ( .MILLI., .METRE. ) );
#5920 = EDGE_CURVE ( 'NONE', #639, #5407, #428, .T. ) ;
#5921 = DIRECTION ( 'NONE',  ( 0.000000000000000000, 0.000000000000000000, -1.000000000000000000 ) ) ;
#5922 = ORIENTED_EDGE ( 'NONE', *, *, #1011, .T. ) ;
#5923 = VECTOR ( 'NONE', #2305, 1000.000000000000000 ) ;
#5924 = ORIENTED_EDGE ( 'NONE', *, *, #1113, .F. ) ;
#5925 = DIRECTION ( 'NONE',  ( 0.5394599732739951969, -0.8420112453139925179, 0.000000000000000000 ) ) ;
#5926 = PRESENTATION_STYLE_ASSIGNMENT (( #384 ) ) ;
#5927 = VECTOR ( 'NONE', #3681, 1000.000000000000000 ) ;
#5928 =( LENGTH_UNIT ( ) NAMED_UNIT ( * ) SI_UNIT ( .MILLI., .METRE. ) );
#5929 = CARTESIAN_POINT ( 'NONE',  ( -6.000000000000000000, 1.000000000000000000, 3.000000000000000000 ) ) ;
#5930 = CIRCLE ( 'NONE', #2255, 0.9000000000000002442 ) ;
#5931 = ORIENTED_EDGE ( 'NONE', *, *, #3874, .F. ) ;
#5932 = LINE ( 'NONE', #5481, #5893 ) ;
#5933 = LINE ( 'NONE', #2477, #3570 ) ;
#5934 = EDGE_CURVE ( 'NONE', #4949, #3154, #2134, .T. ) ;
#5935 = CARTESIAN_POINT ( 'NONE',  ( -6.313119520966998799, -2.771830389575001607, 1.999999999999994449 ) ) ;
#5936 = PRESENTATION_STYLE_ASSIGNMENT (( #2443 ) ) ;
#5937 = FACE_OUTER_BOUND ( 'NONE', #4186, .T. ) ;
#5938 = UNCERTAINTY_MEASURE_WITH_UNIT (LENGTH_MEASURE( 1.000000000000000082E-05 ), #2759, 'distance_accuracy_value', 'NONE');
#5939 = FACE_OUTER_BOUND ( 'NONE', #3620, .T. ) ;
#5940 = SURFACE_STYLE_FILL_AREA ( #4984 ) ;
#5941 = FILL_AREA_STYLE_COLOUR ( '', #750 ) ;
#5942 = STYLED_ITEM ( 'NONE', ( #5271 ), #2063 ) ;
#5943 =( NAMED_UNIT ( * ) SI_UNIT ( $, .STERADIAN. ) SOLID_ANGLE_UNIT ( ) );
#5944 = EDGE_CURVE ( 'NONE', #4005, #1203, #3979, .T. ) ;
#5945 = DIRECTION ( 'NONE',  ( -1.000000000000000000, 0.000000000000000000, 0.000000000000000000 ) ) ;
#5946 = DIRECTION ( 'NONE',  ( 1.000000000000000000, 0.000000000000000000, 0.000000000000000000 ) ) ;
#5947 =( LENGTH_UNIT ( ) NAMED_UNIT ( * ) SI_UNIT ( .MILLI., .METRE. ) );
#5948 = VERTEX_POINT ( 'NONE', #5874 ) ;
#5949 = ORIENTED_EDGE ( 'NONE', *, *, #827, .F. ) ;
#5950 = DIRECTION ( 'NONE',  ( 0.5394599732742366704, 0.8420112453138377528, 0.000000000000000000 ) ) ;
#5951 = MECHANICAL_DESIGN_GEOMETRIC_PRESENTATION_REPRESENTATION (  '', ( #4727 ), #3747 ) ;
#5952 =( NAMED_UNIT ( * ) SI_UNIT ( $, .STERADIAN. ) SOLID_ANGLE_UNIT ( ) );
#5953 = ORIENTED_EDGE ( 'NONE', *, *, #4584, .T. ) ;
#5954 = ADVANCED_FACE ( 'NONE', ( #2885 ), #5496, .T. ) ;
#5955 = UNCERTAINTY_MEASURE_WITH_UNIT (LENGTH_MEASURE( 1.000000000000000082E-05 ), #1989, 'distance_accuracy_value', 'NONE');
#5956 = ORIENTED_EDGE ( 'NONE', *, *, #4830, .T. ) ;
#5957 = DIRECTION ( 'NONE',  ( -0.8420112453139925179, -0.5394599732739951969, 0.000000000000000000 ) ) ;
#5958 =( REPRESENTATION_RELATIONSHIP ('NONE','NONE', #3796, #6216 ) REPRESENTATION_RELATIONSHIP_WITH_TRANSFORMATION ( #4559 )SHAPE_REPRESENTATION_RELATIONSHIP( ) );
#5959 = FILL_AREA_STYLE_COLOUR ( '', #4378 ) ;
#5960 = AXIS2_PLACEMENT_3D ( 'NONE', #2505, #55, #2108 ) ;
#5961 = VERTEX_POINT ( 'NONE', #1961 ) ;
#5962 = EDGE_CURVE ( 'NONE', #4599, #3581, #3185, .T. ) ;
#5963 = EDGE_LOOP ( 'NONE', ( #819, #4963 ) ) ;
#5964 = CARTESIAN_POINT ( 'NONE',  ( -7.049999999999998934, -1.699999999999999956, 3.000000000000000000 ) ) ;
#5965 = CARTESIAN_POINT ( 'NONE',  ( -5.750000000000000000, 3.919999999999999929, -2.220446049249999903E-15 ) ) ;
#5966 = PRESENTATION_LAYER_ASSIGNMENT (  '', '', ( #5862 ) ) ;
#5967 = ORIENTED_EDGE ( 'NONE', *, *, #2676, .T. ) ;
#5968 = DIRECTION ( 'NONE',  ( 0.000000000000000000, 0.000000000000000000, -1.000000000000000000 ) ) ;
#5969 = DIRECTION ( 'NONE',  ( -0.000000000000000000, -0.000000000000000000, -1.000000000000000000 ) ) ;
#5970 = VECTOR ( 'NONE', #1193, 1000.000000000000114 ) ;
#5971 = PRODUCT_DEFINITION ( 'UNKNOWN', '', #1467, #4395 ) ;
#5972 = CARTESIAN_POINT ( 'NONE',  ( 0.000000000000000000, 4.599999999999999645, 0.000000000000000000 ) ) ;
#5973 = CARTESIAN_POINT ( 'NONE',  ( -5.750000000000000000, 3.419999999999999929, 5.750000000000000000 ) ) ;
#5974 =( GEOMETRIC_REPRESENTATION_CONTEXT ( 3 ) GLOBAL_UNCERTAINTY_ASSIGNED_CONTEXT ( ( #2541 ) ) GLOBAL_UNIT_ASSIGNED_CONTEXT ( ( #5919, #3445, #471 ) ) REPRESENTATION_CONTEXT ( 'NONE', 'WORKASPACE' ) );
#5975 = CARTESIAN_POINT ( 'NONE',  ( 6.000000000000000000, -2.659999999999999836E-15, 6.000000000000000000 ) ) ;
#5976 =( NAMED_UNIT ( * ) PLANE_ANGLE_UNIT ( ) SI_UNIT ( $, .RADIAN. ) );
#5977 = DIRECTION ( 'NONE',  ( -1.000000000000000000, 0.000000000000000000, 0.000000000000000000 ) ) ;
#5978 = ORIENTED_EDGE ( 'NONE', *, *, #1860, .T. ) ;
#5979 = EDGE_CURVE ( 'NONE', #4992, #3574, #3912, .T. ) ;
#5980 = CARTESIAN_POINT ( 'NONE',  ( -4.500000000000000888, 3.419999999999999929, -4.500000000000000888 ) ) ;
#5981 = EDGE_LOOP ( 'NONE', ( #2467, #3642, #2457, #4370 ) ) ;
#5982 = AXIS2_PLACEMENT_3D ( 'NONE', #6416, #1425, #2942 ) ;
#5983 = CIRCLE ( 'NONE', #5169, 0.9000000000000002442 ) ;
#5984 = CARTESIAN_POINT ( 'NONE',  ( -6.539696467728959739, -2.877484955010085166, -1.999999999999740652 ) ) ;
#5985 = FILL_AREA_STYLE ('',( #3992 ) ) ;
#5986 = ORIENTED_EDGE ( 'NONE', *, *, #1566, .T. ) ;
#5987 = EDGE_CURVE ( 'NONE', #3622, #5454, #2027, .T. ) ;
#5988 = STYLED_ITEM ( 'NONE', ( #3665 ), #2463 ) ;
#5989 = PRESENTATION_LAYER_ASSIGNMENT (  '', '', ( #2317 ) ) ;
#5990 = ORIENTED_EDGE ( 'NONE', *, *, #745, .F. ) ;
#5991 = DIRECTION ( 'NONE',  ( 0.000000000000000000, 0.000000000000000000, -1.000000000000000000 ) ) ;
#5992 = SURFACE_SIDE_STYLE ('',( #5859 ) ) ;
#5993 = CARTESIAN_POINT ( 'NONE',  ( -6.167977754569999860, -3.083087912069999881, 2.875000000000000000 ) ) ;
#5994 = PLANE ( 'NONE',  #653 ) ;
#5995 = AXIS2_PLACEMENT_3D ( 'NONE', #5532, #565, #4490 ) ;
#5996 = SURFACE_SIDE_STYLE ('',( #5093 ) ) ;
#5997 = VECTOR ( 'NONE', #2648, 1000.000000000000114 ) ;
#5998 =( GEOMETRIC_REPRESENTATION_CONTEXT ( 3 ) GLOBAL_UNCERTAINTY_ASSIGNED_CONTEXT ( ( #3710 ) ) GLOBAL_UNIT_ASSIGNED_CONTEXT ( ( #951, #6009, #3045 ) ) REPRESENTATION_CONTEXT ( 'NONE', 'WORKASPACE' ) );
#5999 = FILL_AREA_STYLE ('',( #5959 ) ) ;
#6000 = EDGE_LOOP ( 'NONE', ( #1671, #758, #3720, #4823 ) ) ;
#6001 = ORIENTED_EDGE ( 'NONE', *, *, #1585, .T. ) ;
#6002 = LINE ( 'NONE', #5579, #4450 ) ;
#6003 = VECTOR ( 'NONE', #6351, 1000.000000000000000 ) ;
#6004 = VERTEX_POINT ( 'NONE', #4957 ) ;
#6005 = DIRECTION ( 'NONE',  ( 0.000000000000000000, -1.000000000000000000, -2.220446049250000002E-16 ) ) ;
#6006 = CARTESIAN_POINT ( 'NONE',  ( 6.674999999997999645, -1.699999999999999956, 2.000000000000000000 ) ) ;
#6007 = AXIS2_PLACEMENT_3D ( 'NONE', #2547, #68, #5199 ) ;
#6008 = FILL_AREA_STYLE_COLOUR ( '', #4594 ) ;
#6009 =( NAMED_UNIT ( * ) PLANE_ANGLE_UNIT ( ) SI_UNIT ( $, .RADIAN. ) );
#6010 = SURFACE_SIDE_STYLE ('',( #3048 ) ) ;
#6011 = FILL_AREA_STYLE_COLOUR ( '', #3873 ) ;
#6012 = CARTESIAN_POINT ( 'NONE',  ( 0.000000000000000000, 0.000000000000000000, 0.000000000000000000 ) ) ;
#6013 = VERTEX_POINT ( 'NONE', #3437 ) ;
#6014 = LINE ( 'NONE', #5084, #4200 ) ;
#6015 = LINE ( 'NONE', #2462, #633 ) ;
#6016 = PLANE ( 'NONE',  #4867 ) ;
#6017 =( GEOMETRIC_REPRESENTATION_CONTEXT ( 3 ) GLOBAL_UNCERTAINTY_ASSIGNED_CONTEXT ( ( #4723 ) ) GLOBAL_UNIT_ASSIGNED_CONTEXT ( ( #6040, #4153, #6132 ) ) REPRESENTATION_CONTEXT ( 'NONE', 'WORKASPACE' ) );
#6018 = VERTEX_POINT ( 'NONE', #5461 ) ;
#6019 =( GEOMETRIC_REPRESENTATION_CONTEXT ( 3 ) GLOBAL_UNCERTAINTY_ASSIGNED_CONTEXT ( ( #5636 ) ) GLOBAL_UNIT_ASSIGNED_CONTEXT ( ( #782, #3274, #2785 ) ) REPRESENTATION_CONTEXT ( 'NONE', 'WORKASPACE' ) );
#6020 = UNCERTAINTY_MEASURE_WITH_UNIT (LENGTH_MEASURE( 1.000000000000000082E-05 ), #5553, 'distance_accuracy_value', 'NONE');
#6021 = ORIENTED_EDGE ( 'NONE', *, *, #5002, .F. ) ;
#6022 = CARTESIAN_POINT ( 'NONE',  ( 4.102566777143633281E-16, 3.419999999999999929, 3.350000000000000089 ) ) ;
#6023 = EDGE_CURVE ( 'NONE', #3551, #4917, #2486, .T. ) ;
#6024 = PRESENTATION_LAYER_ASSIGNMENT (  '', '', ( #5210 ) ) ;
#6025 = VECTOR ( 'NONE', #5857, 1000.000000000000114 ) ;
#6026 = ORIENTED_EDGE ( 'NONE', *, *, #1698, .F. ) ;
#6027 = ORIENTED_EDGE ( 'NONE', *, *, #4473, .T. ) ;
#6028 = PRESENTATION_LAYER_ASSIGNMENT (  '', '', ( #6428 ) ) ;
#6029 = VECTOR ( 'NONE', #182, 1000.000000000000000 ) ;
#6030 = PRESENTATION_STYLE_ASSIGNMENT (( #1050 ) ) ;
#6031 = PRODUCT_DEFINITION_SHAPE ( 'NONE', 'NONE',  #6478 ) ;
#6032 = DIRECTION ( 'NONE',  ( 0.000000000000000000, 0.000000000000000000, -1.000000000000000000 ) ) ;
#6033 = LINE ( 'NONE', #1890, #5124 ) ;
#6034 = FILL_AREA_STYLE_COLOUR ( '', #451 ) ;
#6035 = CARTESIAN_POINT ( 'NONE',  ( 6.124999999997999822, -1.145024611515000013, 0.5000000000000000000 ) ) ;
#6036 =( LENGTH_UNIT ( ) NAMED_UNIT ( * ) SI_UNIT ( .MILLI., .METRE. ) );
#6037 = ADVANCED_FACE ( 'NONE', ( #1367 ), #3345, .F. ) ;
#6038 = FILL_AREA_STYLE_COLOUR ( '', #2841 ) ;
#6039 = AXIS2_PLACEMENT_3D ( 'NONE', #1223, #4312, #4815 ) ;
#6040 =( LENGTH_UNIT ( ) NAMED_UNIT ( * ) SI_UNIT ( .MILLI., .METRE. ) );
#6041 = SURFACE_SIDE_STYLE ('',( #39 ) ) ;
#6042 = APPLICATION_PROTOCOL_DEFINITION ( 'draft international standard', 'automotive_design', 1998, #803 ) ;
#6043 = CARTESIAN_POINT ( 'NONE',  ( 6.674999999997999645, -1.699999999999999956, -0.5000000000000000000 ) ) ;
#6044 = COLOUR_RGB ( '',0.7960784313725489669, 0.8235294117647058432, 0.9372549019607843146 ) ;
#6045 = CARTESIAN_POINT ( 'NONE',  ( -4.500000000000000888, 4.419999999999999929, -3.600000000000000533 ) ) ;
#6046 = ORIENTED_EDGE ( 'NONE', *, *, #6457, .T. ) ;
#6047 = APPLICATION_CONTEXT ( 'automotive_design' ) ;
#6048 = PLANE ( 'NONE',  #5453 ) ;
#6049 = FILL_AREA_STYLE ('',( #535 ) ) ;
#6050 = AXIS2_PLACEMENT_3D ( 'NONE', #822, #4860, #2233 ) ;
#6051 = ORIENTED_EDGE ( 'NONE', *, *, #1145, .F. ) ;
#6052 = ORIENTED_EDGE ( 'NONE', *, *, #549, .F. ) ;
#6053 = LINE ( 'NONE', #4194, #6228 ) ;
#6054 = FILL_AREA_STYLE ('',( #2610 ) ) ;
#6055 = DIRECTION ( 'NONE',  ( 0.000000000000000000, 0.000000000000000000, -1.000000000000000000 ) ) ;
#6056 =( NAMED_UNIT ( * ) PLANE_ANGLE_UNIT ( ) SI_UNIT ( $, .RADIAN. ) );
#6057 = DIRECTION ( 'NONE',  ( 0.000000000000000000, 0.9496656485285897009, 0.3132653124825234281 ) ) ;
#6058 = ORIENTED_EDGE ( 'NONE', *, *, #5987, .F. ) ;
#6059 = PRODUCT_DEFINITION_FORMATION_WITH_SPECIFIED_SOURCE ( 'ANY', '', #530, .NOT_KNOWN. ) ;
#6060 = ADVANCED_FACE ( 'NONE', ( #1091 ), #627, .F. ) ;
#6061 = ORIENTED_EDGE ( 'NONE', *, *, #5376, .T. ) ;
#6062 = CARTESIAN_POINT ( 'NONE',  ( 5.375000000000000000, 3.419999999999999929, 5.375000000000000000 ) ) ;
#6063 = DIRECTION ( 'NONE',  ( 0.000000000000000000, 0.000000000000000000, -1.000000000000000000 ) ) ;
#6064 = SURFACE_SIDE_STYLE ('',( #3170 ) ) ;
#6065 = SURFACE_STYLE_USAGE ( .BOTH. , #4076 ) ;
#6066 = PRESENTATION_STYLE_ASSIGNMENT (( #3628 ) ) ;
#6067 = CARTESIAN_POINT ( 'NONE',  ( -6.124999999997999822, -1.145024611515000013, 2.000000000000000000 ) ) ;
#6068 =( GEOMETRIC_REPRESENTATION_CONTEXT ( 3 ) GLOBAL_UNCERTAINTY_ASSIGNED_CONTEXT ( ( #6128 ) ) GLOBAL_UNIT_ASSIGNED_CONTEXT ( ( #89, #608, #4096 ) ) REPRESENTATION_CONTEXT ( 'NONE', 'WORKASPACE' ) );
#6069 =( NAMED_UNIT ( * ) SI_UNIT ( $, .STERADIAN. ) SOLID_ANGLE_UNIT ( ) );
#6070 = CARTESIAN_POINT ( 'NONE',  ( 6.990754216993001258, -1.497702510021000188, 2.000000000000000000 ) ) ;
#6071 =( NAMED_UNIT ( * ) PLANE_ANGLE_UNIT ( ) SI_UNIT ( $, .RADIAN. ) );
#6072 = PRESENTATION_STYLE_ASSIGNMENT (( #1657 ) ) ;
#6073 = CARTESIAN_POINT ( 'NONE',  ( 4.500000000000000888, 3.919999999999999929, 4.500000000000000888 ) ) ;
#6074 =( NAMED_UNIT ( * ) PLANE_ANGLE_UNIT ( ) SI_UNIT ( $, .RADIAN. ) );
#6075 = VECTOR ( 'NONE', #4055, 1000.000000000000000 ) ;
#6076 = DIRECTION ( 'NONE',  ( -1.000000000000000000, -0.000000000000000000, 0.000000000000000000 ) ) ;
#6077 = CYLINDRICAL_SURFACE ( 'NONE', #406, 0.8999999999999998002 ) ;
#6078 = ORIENTED_EDGE ( 'NONE', *, *, #5365, .T. ) ;
#6079 = CARTESIAN_POINT ( 'NONE',  ( 6.249412934932999875, -3.500000000000000000, 2.000000000000000000 ) ) ;
#6080 = EDGE_CURVE ( 'NONE', #3062, #4610, #78, .T. ) ;
#6081 = COLOUR_RGB ( '',0.7960784313725489669, 0.8235294117647058432, 0.9372549019607843146 ) ;
#6082 = VERTEX_POINT ( 'NONE', #169 ) ;
#6083 = PRESENTATION_LAYER_ASSIGNMENT (  '', '', ( #4648 ) ) ;
#6084 = UNCERTAINTY_MEASURE_WITH_UNIT (LENGTH_MEASURE( 1.000000000000000082E-05 ), #318, 'distance_accuracy_value', 'NONE');
#6085 = ORIENTED_EDGE ( 'NONE', *, *, #4935, .F. ) ;
#6086 = LINE ( 'NONE', #5672, #6029 ) ;
#6087 =( NAMED_UNIT ( * ) PLANE_ANGLE_UNIT ( ) SI_UNIT ( $, .RADIAN. ) );
#6088 = PRODUCT_RELATED_PRODUCT_CATEGORY ( 'part', '', ( #4649 ) ) ;
#6089 = FACE_OUTER_BOUND ( 'NONE', #1519, .T. ) ;
#6090 = ORIENTED_EDGE ( 'NONE', *, *, #5920, .F. ) ;
#6091 = PRESENTATION_LAYER_ASSIGNMENT (  '', '', ( #2739 ) ) ;
#6092 = ORIENTED_EDGE ( 'NONE', *, *, #4848, .F. ) ;
#6093 = COLOUR_RGB ( '',0.7960784313725489669, 0.8235294117647058432, 0.9372549019607843146 ) ;
#6094 = SURFACE_SIDE_STYLE ('',( #3139 ) ) ;
#6095 = VECTOR ( 'NONE', #4180, 1000.000000000000000 ) ;
#6096 = SURFACE_STYLE_FILL_AREA ( #2117 ) ;
#6097 = CARTESIAN_POINT ( 'NONE',  ( 6.000000000000000000, 1.000000000000000000, 2.000000000000000000 ) ) ;
#6098 = AXIS2_PLACEMENT_3D ( 'NONE', #3453, #1449, #2900 ) ;
#6099 =( GEOMETRIC_REPRESENTATION_CONTEXT ( 3 ) GLOBAL_UNCERTAINTY_ASSIGNED_CONTEXT ( ( #5570 ) ) GLOBAL_UNIT_ASSIGNED_CONTEXT ( ( #3144, #5753, #5687 ) ) REPRESENTATION_CONTEXT ( 'NONE', 'WORKASPACE' ) );
#6100 = CARTESIAN_POINT ( 'NONE',  ( 4.500000000000000888, 3.419999999999999929, -3.600000000000000533 ) ) ;
#6101 = PRESENTATION_STYLE_ASSIGNMENT (( #4114 ) ) ;
#6102 = LINE ( 'NONE', #1590, #6436 ) ;
#6103 = ADVANCED_FACE ( 'NONE', ( #5628 ), #2629, .F. ) ;
#6104 = APPLICATION_PROTOCOL_DEFINITION ( 'draft international standard', 'automotive_design', 1998, #679 ) ;
#6105 = ORIENTED_EDGE ( 'NONE', *, *, #153, .F. ) ;
#6106 = DIRECTION ( 'NONE',  ( 0.000000000000000000, 0.000000000000000000, -1.000000000000000000 ) ) ;
#6107 = ORIENTED_EDGE ( 'NONE', *, *, #1033, .F. ) ;
#6108 =( GEOMETRIC_REPRESENTATION_CONTEXT ( 3 ) GLOBAL_UNCERTAINTY_ASSIGNED_CONTEXT ( ( #2261 ) ) GLOBAL_UNIT_ASSIGNED_CONTEXT ( ( #411, #3358, #1450 ) ) REPRESENTATION_CONTEXT ( 'NONE', 'WORKASPACE' ) );
#6109 = ORIENTED_EDGE ( 'NONE', *, *, #5721, .T. ) ;
#6110 = ADVANCED_FACE ( 'NONE', ( #4757 ), #5240, .T. ) ;
#6111 = SURFACE_STYLE_USAGE ( .BOTH. , #5126 ) ;
#6112 = SURFACE_STYLE_USAGE ( .BOTH. , #4132 ) ;
#6113 = CARTESIAN_POINT ( 'NONE',  ( 6.000000000000000000, 0.000000000000000000, -6.000000000000000000 ) ) ;
#6114 = PRESENTATION_LAYER_ASSIGNMENT (  '', '', ( #2438 ) ) ;
#6115 = SURFACE_SIDE_STYLE ('',( #1577 ) ) ;
#6116 = VERTEX_POINT ( 'NONE', #5757 ) ;
#6117 = AXIS2_PLACEMENT_3D ( 'NONE', #1778, #4657, #228 ) ;
#6118 =( GEOMETRIC_REPRESENTATION_CONTEXT ( 3 ) GLOBAL_UNCERTAINTY_ASSIGNED_CONTEXT ( ( #5574 ) ) GLOBAL_UNIT_ASSIGNED_CONTEXT ( ( #4084, #4116, #5529 ) ) REPRESENTATION_CONTEXT ( 'NONE', 'WORKASPACE' ) );
#6119 = ORIENTED_EDGE ( 'NONE', *, *, #1717, .T. ) ;
#6120 = FILL_AREA_STYLE ('',( #215 ) ) ;
#6121 = SURFACE_STYLE_FILL_AREA ( #4042 ) ;
#6122 = PRESENTATION_STYLE_ASSIGNMENT (( #3040 ) ) ;
#6123 = CIRCLE ( 'NONE', #4694, 0.5000000000000000000 ) ;
#6124 = COLOUR_RGB ( '',0.7960784313725489669, 0.8235294117647058432, 0.9372549019607843146 ) ;
#6125 = DIRECTION ( 'NONE',  ( 1.000000000000000000, 0.000000000000000000, -0.000000000000000000 ) ) ;
#6126 = DIRECTION ( 'NONE',  ( 0.000000000000000000, 0.000000000000000000, -1.000000000000000000 ) ) ;
#6127 =( GEOMETRIC_REPRESENTATION_CONTEXT ( 3 ) GLOBAL_UNCERTAINTY_ASSIGNED_CONTEXT ( ( #2605 ) ) GLOBAL_UNIT_ASSIGNED_CONTEXT ( ( #4498, #972, #4435 ) ) REPRESENTATION_CONTEXT ( 'NONE', 'WORKASPACE' ) );
#6128 = UNCERTAINTY_MEASURE_WITH_UNIT (LENGTH_MEASURE( 1.000000000000000082E-05 ), #89, 'distance_accuracy_value', 'NONE');
#6129 = CARTESIAN_POINT ( 'NONE',  ( 6.990754216992685954, -1.497702510021041045, 2.000000000000000000 ) ) ;
#6130 = PLANE ( 'NONE',  #5860 ) ;
#6131 = SURFACE_STYLE_FILL_AREA ( #2194 ) ;
#6132 =( NAMED_UNIT ( * ) SI_UNIT ( $, .STERADIAN. ) SOLID_ANGLE_UNIT ( ) );
#6133 = SHAPE_DEFINITION_REPRESENTATION ( #6136, #6266 ) ;
#6134 = AXIS2_PLACEMENT_3D ( 'NONE', #1552, #4538, #1948 ) ;
#6135 = CARTESIAN_POINT ( 'NONE',  ( -6.000000000000000000, 1.000000000000000000, -3.000000000000000000 ) ) ;
#6136 = PRODUCT_DEFINITION_SHAPE ( 'NONE', 'NONE',  #2601 ) ;
#6137 = CARTESIAN_POINT ( 'NONE',  ( 0.000000000000000000, 3.419999999999999929, -8.700000000000000360E-16 ) ) ;
#6138 = ADVANCED_FACE ( 'NONE', ( #2813 ), #5692, .F. ) ;
#6139 = SURFACE_SIDE_STYLE ('',( #725 ) ) ;
#6140 = ORIENTED_EDGE ( 'NONE', *, *, #3049, .F. ) ;
#6141 =( GEOMETRIC_REPRESENTATION_CONTEXT ( 3 ) GLOBAL_UNCERTAINTY_ASSIGNED_CONTEXT ( ( #2121 ) ) GLOBAL_UNIT_ASSIGNED_CONTEXT ( ( #5340, #4348, #1360 ) ) REPRESENTATION_CONTEXT ( 'NONE', 'WORKASPACE' ) );
#6142 = CARTESIAN_POINT ( 'NONE',  ( 5.750000000000000000, 3.419999999999999929, 5.750000000000000000 ) ) ;
#6143 =( NAMED_UNIT ( * ) PLANE_ANGLE_UNIT ( ) SI_UNIT ( $, .RADIAN. ) );
#6144 = ORIENTED_EDGE ( 'NONE', *, *, #2753, .F. ) ;
#6145 = CIRCLE ( 'NONE', #3848, 0.3750000000020004554 ) ;
#6146 =( NAMED_UNIT ( * ) SI_UNIT ( $, .STERADIAN. ) SOLID_ANGLE_UNIT ( ) );
#6147 = SURFACE_STYLE_USAGE ( .BOTH. , #4537 ) ;
#6148 =( NAMED_UNIT ( * ) PLANE_ANGLE_UNIT ( ) SI_UNIT ( $, .RADIAN. ) );
#6149 = ORIENTED_EDGE ( 'NONE', *, *, #5365, .F. ) ;
#6150 = EDGE_CURVE ( 'NONE', #435, #5643, #1921, .T. ) ;
#6151 = ORIENTED_EDGE ( 'NONE', *, *, #6447, .F. ) ;
#6152 = ORIENTED_EDGE ( 'NONE', *, *, #3646, .T. ) ;
#6153 =( NAMED_UNIT ( * ) PLANE_ANGLE_UNIT ( ) SI_UNIT ( $, .RADIAN. ) );
#6154 = COLOUR_RGB ( '',0.7921568627450980005, 0.8196078431372548767, 0.9333333333333333481 ) ;
#6155 = EDGE_CURVE ( 'NONE', #4941, #121, #2260, .T. ) ;
#6156 = CARTESIAN_POINT ( 'NONE',  ( 6.500000000000000888, -0.5000000000000000000, 2.000000000000000000 ) ) ;
#6157 = CARTESIAN_POINT ( 'NONE',  ( 6.124999999997999822, 0.8750000000020000668, 0.5000000000000000000 ) ) ;
#6158 = SURFACE_SIDE_STYLE ('',( #815 ) ) ;
#6159 = ITEM_DEFINED_TRANSFORMATION ( 'NONE', 'NONE', #3968,  #3487 ) ;
#6160 = CARTESIAN_POINT ( 'NONE',  ( -4.500000000000000888, 3.919999999999999929, 4.500000000000000888 ) ) ;
#6161 = FACE_BOUND ( 'NONE', #2710, .T. ) ;
#6162 = AXIS2_PLACEMENT_3D ( 'NONE', #1997, #2912, #2487 ) ;
#6163 = ORIENTED_EDGE ( 'NONE', *, *, #1312, .F. ) ;
#6164 = PRESENTATION_LAYER_ASSIGNMENT (  '', '', ( #5256 ) ) ;
#6165 = FACE_OUTER_BOUND ( 'NONE', #4539, .T. ) ;
#6166 = VECTOR ( 'NONE', #9, 1000.000000000000000 ) ;
#6167 = EDGE_CURVE ( 'NONE', #480, #5650, #1298, .T. ) ;
#6168 = ORIENTED_EDGE ( 'NONE', *, *, #1059, .F. ) ;
#6169 = DIRECTION ( 'NONE',  ( 0.000000000000000000, 0.000000000000000000, -1.000000000000000000 ) ) ;
#6170 = SURFACE_SIDE_STYLE ('',( #4929 ) ) ;
#6171 = VECTOR ( 'NONE', #499, 1000.000000000000114 ) ;
#6172 = EDGE_CURVE ( 'NONE', #2102, #5276, #2788, .T. ) ;
#6173 = DIRECTION ( 'NONE',  ( 0.3971312619642177744, 0.8516507396404148222, 0.3420201433258602264 ) ) ;
#6174 = ADVANCED_BREP_SHAPE_REPRESENTATION ( '', ( #4724, #3487 ), #1766 ) ;
#6175 = EDGE_LOOP ( 'NONE', ( #6176, #5597, #2168, #6437 ) ) ;
#6176 = ORIENTED_EDGE ( 'NONE', *, *, #4125, .F. ) ;
#6177 = CARTESIAN_POINT ( 'NONE',  ( -6.000000000000000000, 3.919999999999999929, -6.000000000000001776 ) ) ;
#6178 = PRESENTATION_LAYER_ASSIGNMENT (  '', '', ( #3253 ) ) ;
#6179 = CARTESIAN_POINT ( 'NONE',  ( -6.375000000002000178, -0.5000000000000000000, -3.000000000000000000 ) ) ;
#6180 = DIRECTION ( 'NONE',  ( -0.4226182617379650730, 0.9063077870379250278, 0.000000000000000000 ) ) ;
#6181 = FACE_BOUND ( 'NONE', #94, .T. ) ;
#6182 = AXIS2_PLACEMENT_3D ( 'NONE', #5348, #5912, #4362 ) ;
#6183 = UNCERTAINTY_MEASURE_WITH_UNIT (LENGTH_MEASURE( 1.000000000000000082E-05 ), #1796, 'distance_accuracy_value', 'NONE');
#6184 = DIRECTION ( 'NONE',  ( -0.000000000000000000, -0.000000000000000000, 1.000000000000000000 ) ) ;
#6185 =( NAMED_UNIT ( * ) PLANE_ANGLE_UNIT ( ) SI_UNIT ( $, .RADIAN. ) );
#6186 = CARTESIAN_POINT ( 'NONE',  ( 4.500000000000000888, 2.919999999999999929, 4.500000000000000888 ) ) ;
#6187 = EDGE_CURVE ( 'NONE', #1702, #5212, #4901, .T. ) ;
#6188 = FACE_OUTER_BOUND ( 'NONE', #2098, .T. ) ;
#6189 = UNCERTAINTY_MEASURE_WITH_UNIT (LENGTH_MEASURE( 1.000000000000000082E-05 ), #363, 'distance_accuracy_value', 'NONE');
#6190 = CYLINDRICAL_SURFACE ( 'NONE', #682, 0.9000000000000002442 ) ;
#6191 = DIRECTION ( 'NONE',  ( -0.5394599732742371145, 0.8420112453138374198, 0.000000000000000000 ) ) ;
#6192 = MECHANICAL_DESIGN_GEOMETRIC_PRESENTATION_REPRESENTATION (  '', ( #1067 ), #5998 ) ;
#6193 = SURFACE_SIDE_STYLE ('',( #1234 ) ) ;
#6194 = ORIENTED_EDGE ( 'NONE', *, *, #3571, .F. ) ;
#6195 = UNCERTAINTY_MEASURE_WITH_UNIT (LENGTH_MEASURE( 1.000000000000000082E-05 ), #2750, 'distance_accuracy_value', 'NONE');
#6196 = VECTOR ( 'NONE', #4850, 1000.000000000000000 ) ;
#6197 = DIRECTION ( 'NONE',  ( 0.000000000000000000, 0.000000000000000000, -1.000000000000000000 ) ) ;
#6198 = CLOSED_SHELL ( 'NONE', ( #5215, #1334, #2835, #2010, #2736, #6389, #6229, #1550, #6110, #518, #6060, #206, #1623, #5878, #3143, #3024, #2365, #3582, #5026, #3701, #178, #2973, #3122 ) ) ;
#6199 = PRESENTATION_STYLE_ASSIGNMENT (( #1137 ) ) ;
#6200 = ORIENTED_EDGE ( 'NONE', *, *, #4233, .F. ) ;
#6201 = DIRECTION ( 'NONE',  ( 0.000000000000000000, -1.000000000000000000, -2.220446049250000002E-16 ) ) ;
#6202 = FILL_AREA_STYLE_COLOUR ( '', #4301 ) ;
#6203 = SURFACE_STYLE_FILL_AREA ( #833 ) ;
#6204 = DIRECTION ( 'NONE',  ( 0.000000000000000000, 0.9496656485285897009, -0.3132653124825234281 ) ) ;
#6205 = DIRECTION ( 'NONE',  ( 1.000000000000000000, 0.000000000000000000, -0.000000000000000000 ) ) ;
#6206 = AXIS2_PLACEMENT_3D ( 'NONE', #6156, #617, #1526 ) ;
#6207 = ORIENTED_EDGE ( 'NONE', *, *, #2963, .F. ) ;
#6208 = ORIENTED_EDGE ( 'NONE', *, *, #3049, .T. ) ;
#6209 = ORIENTED_EDGE ( 'NONE', *, *, #327, .F. ) ;
#6210 = EDGE_CURVE ( 'NONE', #3961, #2313, #1490, .T. ) ;
#6211 =( NAMED_UNIT ( * ) SI_UNIT ( $, .STERADIAN. ) SOLID_ANGLE_UNIT ( ) );
#6212 = COLOUR_RGB ( '',0.7960784313725489669, 0.8235294117647058432, 0.9372549019607843146 ) ;
#6213 =( NAMED_UNIT ( * ) SI_UNIT ( $, .STERADIAN. ) SOLID_ANGLE_UNIT ( ) );
#6214 = FILL_AREA_STYLE ('',( #1804 ) ) ;
#6215 = VECTOR ( 'NONE', #4688, 1000.000000000000000 ) ;
#6216 = SHAPE_REPRESENTATION ( 'Body002', ( #3487 ), #4079 ) ;
#6217 = DIRECTION ( 'NONE',  ( 0.000000000000000000, -1.000000000000000000, -0.000000000000000000 ) ) ;
#6218 = DIRECTION ( 'NONE',  ( -0.000000000000000000, 1.000000000000000000, 2.220446049250000002E-16 ) ) ;
#6219 =( NAMED_UNIT ( * ) SI_UNIT ( $, .STERADIAN. ) SOLID_ANGLE_UNIT ( ) );
#6220 =( NAMED_UNIT ( * ) PLANE_ANGLE_UNIT ( ) SI_UNIT ( $, .RADIAN. ) );
#6221 = SURFACE_SIDE_STYLE ('',( #1297 ) ) ;
#6222 = SURFACE_STYLE_USAGE ( .BOTH. , #1227 ) ;
#6223 = FACE_BOUND ( 'NONE', #551, .T. ) ;
#6224 = FILL_AREA_STYLE_COLOUR ( '', #2776 ) ;
#6225 = FACE_BOUND ( 'NONE', #5155, .T. ) ;
#6226 = AXIS2_PLACEMENT_3D ( 'NONE', #3082, #3149, #5179 ) ;
#6227 = ORIENTED_EDGE ( 'NONE', *, *, #5096, .F. ) ;
#6228 = VECTOR ( 'NONE', #2574, 1000.000000000000114 ) ;
#6229 = ADVANCED_FACE ( 'NONE', ( #5937 ), #3425, .T. ) ;
#6230 =( NAMED_UNIT ( * ) SI_UNIT ( $, .STERADIAN. ) SOLID_ANGLE_UNIT ( ) );
#6231 = VERTEX_POINT ( 'NONE', #4417 ) ;
#6232 = DIRECTION ( 'NONE',  ( -0.000000000000000000, -0.000000000000000000, -1.000000000000000000 ) ) ;
#6233 = MECHANICAL_DESIGN_GEOMETRIC_PRESENTATION_REPRESENTATION (  '', ( #1546 ), #3936 ) ;
#6234 = DIRECTION ( 'NONE',  ( -0.000000000000000000, -1.000000000000000000, -0.000000000000000000 ) ) ;
#6235 = CARTESIAN_POINT ( 'NONE',  ( -5.750000000000000000, 3.919999999999999929, -5.750000000000000000 ) ) ;
#6236 = ORIENTED_EDGE ( 'NONE', *, *, #2083, .F. ) ;
#6237 = PRODUCT_DEFINITION_SHAPE ( 'NONE', 'NONE',  #5971 ) ;
#6238 = DIRECTION ( 'NONE',  ( -0.4226182617379650730, 0.9063077870379250278, 0.000000000000000000 ) ) ;
#6239 = CIRCLE ( 'NONE', #4168, 0.1249999999979999749 ) ;
#6240 = DIRECTION ( 'NONE',  ( 0.000000000000000000, 0.000000000000000000, -1.000000000000000000 ) ) ;
#6241 = ORIENTED_EDGE ( 'NONE', *, *, #5610, .F. ) ;
#6242 = EDGE_CURVE ( 'NONE', #1097, #2177, #2558, .T. ) ;
#6243 = CIRCLE ( 'NONE', #2587, 0.1249999999979999749 ) ;
#6244 = EDGE_LOOP ( 'NONE', ( #2861, #5086, #6194, #4493, #3607, #440, #467, #3826, #2510, #6350, #63, #3496, #2436, #5464 ) ) ;
#6245 = ORIENTED_EDGE ( 'NONE', *, *, #1259, .F. ) ;
#6246 = PRESENTATION_STYLE_ASSIGNMENT (( #4276 ) ) ;
#6247 = CARTESIAN_POINT ( 'NONE',  ( -6.674999999997999645, -1.699999999999999956, -2.000000000000000000 ) ) ;
#6248 = DIRECTION ( 'NONE',  ( -0.4226182617383951734, -0.9063077870377244105, 0.000000000000000000 ) ) ;
#6249 = DIRECTION ( 'NONE',  ( 0.000000000000000000, 0.9496656485285897009, -0.3132653124825234281 ) ) ;
#6250 = CARTESIAN_POINT ( 'NONE',  ( 0.000000000000000000, 3.919999999999999929, -8.700000000000000360E-16 ) ) ;
#6251 = FILL_AREA_STYLE_COLOUR ( '', #4799 ) ;
#6252 = EDGE_CURVE ( 'NONE', #3263, #3967, #326, .T. ) ;
#6253 = CARTESIAN_POINT ( 'NONE',  ( 6.022835988173986799, -3.394345434565028352, -0.2500000000001296740 ) ) ;
#6254 = CARTESIAN_POINT ( 'NONE',  ( 6.780251405660771447, -1.632567503341899595, 3.000000000000000000 ) ) ;
#6255 = SURFACE_STYLE_USAGE ( .BOTH. , #5236 ) ;
#6256 = CARTESIAN_POINT ( 'NONE',  ( -7.014865420137913254, -1.858481848153471949, -3.000000000000000000 ) ) ;
#6257 = SURFACE_STYLE_USAGE ( .BOTH. , #5867 ) ;
#6258 = CARTESIAN_POINT ( 'NONE',  ( 5.750000000000000000, 3.919999999999999929, -2.220446049249999903E-15 ) ) ;
#6259 = PRESENTATION_LAYER_ASSIGNMENT (  '', '', ( #2598 ) ) ;
#6260 = UNCERTAINTY_MEASURE_WITH_UNIT (LENGTH_MEASURE( 1.000000000000000082E-05 ), #509, 'distance_accuracy_value', 'NONE');
#6261 = FILL_AREA_STYLE ('',( #4314 ) ) ;
#6262 = CYLINDRICAL_SURFACE ( 'NONE', #160, 0.3750000000019996227 ) ;
#6263 = CARTESIAN_POINT ( 'NONE',  ( -6.000000000000000000, 3.919999999999999929, 6.000000000000000000 ) ) ;
#6264 = EDGE_LOOP ( 'NONE', ( #5890, #2180, #4900, #2364 ) ) ;
#6265 = ADVANCED_BREP_SHAPE_REPRESENTATION ( '', ( #4832, #3487 ), #6314 ) ;
#6266 = SHAPE_REPRESENTATION ( 'Body003 (Mirror #2)', ( #3487 ), #2174 ) ;
#6267 = UNCERTAINTY_MEASURE_WITH_UNIT (LENGTH_MEASURE( 1.000000000000000082E-05 ), #1898, 'distance_accuracy_value', 'NONE');
#6268 =( LENGTH_UNIT ( ) NAMED_UNIT ( * ) SI_UNIT ( .MILLI., .METRE. ) );
#6269 = VECTOR ( 'NONE', #4035, 1000.000000000000227 ) ;
#6270 = ORIENTED_EDGE ( 'NONE', *, *, #2100, .T. ) ;
#6271 = SURFACE_SIDE_STYLE ('',( #4297 ) ) ;
#6272 = LINE ( 'NONE', #3990, #938 ) ;
#6273 = EDGE_CURVE ( 'NONE', #701, #2102, #4893, .T. ) ;
#6274 =( GEOMETRIC_REPRESENTATION_CONTEXT ( 3 ) GLOBAL_UNCERTAINTY_ASSIGNED_CONTEXT ( ( #1041 ) ) GLOBAL_UNIT_ASSIGNED_CONTEXT ( ( #5838, #2322, #5474 ) ) REPRESENTATION_CONTEXT ( 'NONE', 'WORKASPACE' ) );
#6275 = ORIENTED_EDGE ( 'NONE', *, *, #1954, .F. ) ;
#6276 = VERTEX_POINT ( 'NONE', #5901 ) ;
#6277 = SURFACE_STYLE_FILL_AREA ( #4406 ) ;
#6278 = PRESENTATION_LAYER_ASSIGNMENT (  '', '', ( #6387 ) ) ;
#6279 = FACE_OUTER_BOUND ( 'NONE', #1730, .T. ) ;
#6280 = SURFACE_STYLE_FILL_AREA ( #2219 ) ;
#6281 =( NAMED_UNIT ( * ) PLANE_ANGLE_UNIT ( ) SI_UNIT ( $, .RADIAN. ) );
#6282 = PRESENTATION_STYLE_ASSIGNMENT (( #743 ) ) ;
#6283 = CARTESIAN_POINT ( 'NONE',  ( -6.539696467728110640, -2.877484955009652179, 3.000000000000082157 ) ) ;
#6284 =( GEOMETRIC_REPRESENTATION_CONTEXT ( 3 ) GLOBAL_UNCERTAINTY_ASSIGNED_CONTEXT ( ( #3310 ) ) GLOBAL_UNIT_ASSIGNED_CONTEXT ( ( #179, #1100, #3091 ) ) REPRESENTATION_CONTEXT ( 'NONE', 'WORKASPACE' ) );
#6285 =( LENGTH_UNIT ( ) NAMED_UNIT ( * ) SI_UNIT ( .MILLI., .METRE. ) );
#6286 = MECHANICAL_DESIGN_GEOMETRIC_PRESENTATION_REPRESENTATION (  '', ( #5682 ), #5467 ) ;
#6287 = DIRECTION ( 'NONE',  ( 0.000000000000000000, 0.000000000000000000, -1.000000000000000000 ) ) ;
#6288 = SURFACE_SIDE_STYLE ('',( #2723 ) ) ;
#6289 = DIRECTION ( 'NONE',  ( 0.000000000000000000, 0.000000000000000000, -1.000000000000000000 ) ) ;
#6290 = DIRECTION ( 'NONE',  ( 0.000000000000000000, -4.399999999999999514E-16, -1.000000000000000000 ) ) ;
#6291 = CARTESIAN_POINT ( 'NONE',  ( 6.000000000000000000, 1.250000000004000134, 0.5000000000000000000 ) ) ;
#6292 = COLOUR_RGB ( '',0.7960784313725489669, 0.8235294117647058432, 0.9372549019607843146 ) ;
#6293 = ORIENTED_EDGE ( 'NONE', *, *, #1729, .F. ) ;
#6294 = CIRCLE ( 'NONE', #1288, 0.5000000000000000000 ) ;
#6295 = SURFACE_STYLE_USAGE ( .BOTH. , #398 ) ;
#6296 =( NAMED_UNIT ( * ) PLANE_ANGLE_UNIT ( ) SI_UNIT ( $, .RADIAN. ) );
#6297 = MECHANICAL_DESIGN_GEOMETRIC_PRESENTATION_REPRESENTATION (  '', ( #2944 ), #4550 ) ;
#6298 = EDGE_CURVE ( 'NONE', #2375, #339, #1423, .T. ) ;
#6299 = PRESENTATION_LAYER_ASSIGNMENT (  '', '', ( #3469 ) ) ;
#6300 = VECTOR ( 'NONE', #1383, 1000.000000000000000 ) ;
#6301 = COLOUR_RGB ( '',1.000000000000000000, 1.000000000000000000, 1.000000000000000000 ) ;
#6302 =( LENGTH_UNIT ( ) NAMED_UNIT ( * ) SI_UNIT ( .MILLI., .METRE. ) );
#6303 = EDGE_LOOP ( 'NONE', ( #6241, #5649, #1941, #205, #4172, #3683 ) ) ;
#6304 = STYLED_ITEM ( 'NONE', ( #3899 ), #3940 ) ;
#6305 = CARTESIAN_POINT ( 'NONE',  ( -4.500000000000000888, 3.919999999999999929, -4.500000000000000888 ) ) ;
#6306 = DIRECTION ( 'NONE',  ( 0.000000000000000000, 0.000000000000000000, -1.000000000000000000 ) ) ;
#6307 = COLOUR_RGB ( '',0.7960784313725489669, 0.8235294117647058432, 0.9372549019607843146 ) ;
#6308 = CARTESIAN_POINT ( 'NONE',  ( -4.500000000000000888, 3.419999999999999929, -4.500000000000000888 ) ) ;
#6309 = VERTEX_POINT ( 'NONE', #3369 ) ;
#6310 = EDGE_CURVE ( 'NONE', #1203, #710, #5506, .T. ) ;
#6311 = EDGE_LOOP ( 'NONE', ( #4496, #289, #1966, #6434 ) ) ;
#6312 = FILL_AREA_STYLE_COLOUR ( '', #3709 ) ;
#6313 = PLANE ( 'NONE',  #5882 ) ;
#6314 =( GEOMETRIC_REPRESENTATION_CONTEXT ( 3 ) GLOBAL_UNCERTAINTY_ASSIGNED_CONTEXT ( ( #4313 ) ) GLOBAL_UNIT_ASSIGNED_CONTEXT ( ( #3728, #6281, #2284 ) ) REPRESENTATION_CONTEXT ( 'NONE', 'WORKASPACE' ) );
#6315 = DIRECTION ( 'NONE',  ( 0.000000000000000000, 1.000000000000000000, 0.000000000000000000 ) ) ;
#6316 = CARTESIAN_POINT ( 'NONE',  ( 1.400000000000000069E-16, 3.419999999999999929, 0.000000000000000000 ) ) ;
#6317 = AXIS2_PLACEMENT_3D ( 'NONE', #4486, #6392, #5945 ) ;
#6318 = FILL_AREA_STYLE_COLOUR ( '', #3900 ) ;
#6319 = FILL_AREA_STYLE ('',( #3765 ) ) ;
#6320 = DIRECTION ( 'NONE',  ( 0.000000000000000000, 0.000000000000000000, 1.000000000000000000 ) ) ;
#6321 = FACE_OUTER_BOUND ( 'NONE', #4291, .T. ) ;
#6322 = CARTESIAN_POINT ( 'NONE',  ( 4.500000000000000888, 4.419999999999999929, -5.400000000000000355 ) ) ;
#6323 =( NAMED_UNIT ( * ) SI_UNIT ( $, .STERADIAN. ) SOLID_ANGLE_UNIT ( ) );
#6324 = CARTESIAN_POINT ( 'NONE',  ( 0.000000000000000000, 6.860000000000000320, 1.523225989785500077E-15 ) ) ;
#6325 =( GEOMETRIC_REPRESENTATION_CONTEXT ( 3 ) GLOBAL_UNCERTAINTY_ASSIGNED_CONTEXT ( ( #2196 ) ) GLOBAL_UNIT_ASSIGNED_CONTEXT ( ( #1811, #1713, #4722 ) ) REPRESENTATION_CONTEXT ( 'NONE', 'WORKASPACE' ) );
#6326 =( LENGTH_UNIT ( ) NAMED_UNIT ( * ) SI_UNIT ( .MILLI., .METRE. ) );
#6327 = ORIENTED_EDGE ( 'NONE', *, *, #5699, .T. ) ;
#6328 = PRESENTATION_LAYER_ASSIGNMENT (  '', '', ( #2444 ) ) ;
#6329 = CARTESIAN_POINT ( 'NONE',  ( 2.848833609457000048E-16, 4.419999999999999929, 3.330669073874999756E-16 ) ) ;
#6330 = DIRECTION ( 'NONE',  ( -0.000000000000000000, 1.000000000000000000, 0.000000000000000000 ) ) ;
#6331 = DIRECTION ( 'NONE',  ( 0.000000000000000000, 0.000000000000000000, -1.000000000000000000 ) ) ;
#6332 =( NAMED_UNIT ( * ) PLANE_ANGLE_UNIT ( ) SI_UNIT ( $, .RADIAN. ) );
#6333 = AXIS2_PLACEMENT_3D ( 'NONE', #1768, #4340, #2249 ) ;
#6334 = FILL_AREA_STYLE_COLOUR ( '', #5178 ) ;
#6335 = VERTEX_POINT ( 'NONE', #6322 ) ;
#6336 = EDGE_CURVE ( 'NONE', #5212, #1702, #2979, .T. ) ;
#6337 = PRESENTATION_LAYER_ASSIGNMENT (  '', '', ( #4698 ) ) ;
#6338 = VECTOR ( 'NONE', #4535, 1000.000000000000000 ) ;
#6339 = CARTESIAN_POINT ( 'NONE',  ( 4.500000000000000888, 3.419999999999999929, -5.400000000000000355 ) ) ;
#6340 =( NAMED_UNIT ( * ) SI_UNIT ( $, .STERADIAN. ) SOLID_ANGLE_UNIT ( ) );
#6341 = ORIENTED_EDGE ( 'NONE', *, *, #5448, .T. ) ;
#6342 = UNCERTAINTY_MEASURE_WITH_UNIT (LENGTH_MEASURE( 1.000000000000000082E-05 ), #4268, 'distance_accuracy_value', 'NONE');
#6343 = ORIENTED_EDGE ( 'NONE', *, *, #1717, .F. ) ;
#6344 =( LENGTH_UNIT ( ) NAMED_UNIT ( * ) SI_UNIT ( .MILLI., .METRE. ) );
#6345 = DIRECTION ( 'NONE',  ( 0.000000000000000000, 0.000000000000000000, 1.000000000000000000 ) ) ;
#6346 = CARTESIAN_POINT ( 'NONE',  ( -6.788288473375239995, -1.752827282717128066, -2.000000000000000000 ) ) ;
#6347 = EDGE_CURVE ( 'NONE', #4671, #3071, #880, .T. ) ;
#6348 =( NAMED_UNIT ( * ) SI_UNIT ( $, .STERADIAN. ) SOLID_ANGLE_UNIT ( ) );
#6349 = VECTOR ( 'NONE', #240, 1000.000000000000000 ) ;
#6350 = ORIENTED_EDGE ( 'NONE', *, *, #2676, .F. ) ;
#6351 = DIRECTION ( 'NONE',  ( 1.332196476881727481E-16, 1.000000000000000000, 1.332196476881727481E-16 ) ) ;
#6352 = FILL_AREA_STYLE_COLOUR ( '', #3890 ) ;
#6353 = VECTOR ( 'NONE', #520, 999.9999999999998863 ) ;
#6354 = FILL_AREA_STYLE_COLOUR ( '', #3732 ) ;
#6355 = SURFACE_SIDE_STYLE ('',( #270 ) ) ;
#6356 = DIRECTION ( 'NONE',  ( -1.000000000000000000, 0.000000000000000000, 0.000000000000000000 ) ) ;
#6357 = EDGE_CURVE ( 'NONE', #2055, #2839, #5612, .T. ) ;
#6358 = SURFACE_STYLE_USAGE ( .BOTH. , #3741 ) ;
#6359 = SURFACE_SIDE_STYLE ('',( #1264 ) ) ;
#6360 = DIRECTION ( 'NONE',  ( 0.000000000000000000, 0.000000000000000000, -1.000000000000000000 ) ) ;
#6361 = SURFACE_STYLE_FILL_AREA ( #3875 ) ;
#6362 = CARTESIAN_POINT ( 'NONE',  ( -6.780251405660999708, -1.632567503341999959, 2.000000000000000000 ) ) ;
#6363 =( GEOMETRIC_REPRESENTATION_CONTEXT ( 3 ) GLOBAL_UNCERTAINTY_ASSIGNED_CONTEXT ( ( #6385 ) ) GLOBAL_UNIT_ASSIGNED_CONTEXT ( ( #3880, #2453, #3981 ) ) REPRESENTATION_CONTEXT ( 'NONE', 'WORKASPACE' ) );
#6364 = DIRECTION ( 'NONE',  ( 0.000000000000000000, 0.000000000000000000, -1.000000000000000000 ) ) ;
#6365 = DIRECTION ( 'NONE',  ( -0.1445439584519752629, -0.3099755192199468712, -0.9396926207858387059 ) ) ;
#6366 = EDGE_CURVE ( 'NONE', #1505, #3062, #3603, .T. ) ;
#6367 =( NAMED_UNIT ( * ) PLANE_ANGLE_UNIT ( ) SI_UNIT ( $, .RADIAN. ) );
#6368 = ORIENTED_EDGE ( 'NONE', *, *, #3831, .T. ) ;
#6369 = ORIENTED_EDGE ( 'NONE', *, *, #4274, .F. ) ;
#6370 = CARTESIAN_POINT ( 'NONE',  ( 7.014865420137913254, -1.858481848153471949, 3.000000000000000000 ) ) ;
#6371 = ADVANCED_FACE ( 'NONE', ( #3939 ), #1458, .T. ) ;
#6372 = APPLICATION_CONTEXT ( 'automotive_design' ) ;
#6373 = VERTEX_POINT ( 'NONE', #31 ) ;
#6374 = CIRCLE ( 'NONE', #1578, 0.3750000000019996227 ) ;
#6375 = ORIENTED_EDGE ( 'NONE', *, *, #96, .F. ) ;
#6376 = DIRECTION ( 'NONE',  ( 0.000000000000000000, 0.000000000000000000, -1.000000000000000000 ) ) ;
#6377 =( LENGTH_UNIT ( ) NAMED_UNIT ( * ) SI_UNIT ( .MILLI., .METRE. ) );
#6378 = SURFACE_STYLE_FILL_AREA ( #4408 ) ;
#6379 = EDGE_CURVE ( 'NONE', #2927, #432, #5192, .T. ) ;
#6380 = STYLED_ITEM ( 'NONE', ( #3737 ), #5215 ) ;
#6381 =( LENGTH_UNIT ( ) NAMED_UNIT ( * ) SI_UNIT ( .MILLI., .METRE. ) );
#6382 = VERTEX_POINT ( 'NONE', #2586 ) ;
#6383 = ORIENTED_EDGE ( 'NONE', *, *, #5850, .F. ) ;
#6384 = DIRECTION ( 'NONE',  ( 0.000000000000000000, 0.000000000000000000, 1.000000000000000000 ) ) ;
#6385 = UNCERTAINTY_MEASURE_WITH_UNIT (LENGTH_MEASURE( 1.000000000000000082E-05 ), #3880, 'distance_accuracy_value', 'NONE');
#6386 = CARTESIAN_POINT ( 'NONE',  ( 6.788288473374726628, -1.752827282717871693, 2.000000000000000000 ) ) ;
#6387 = STYLED_ITEM ( 'NONE', ( #1031 ), #5707 ) ;
#6388 = CYLINDRICAL_SURFACE ( 'NONE', #2037, 0.1249999999979999749 ) ;
#6389 = ADVANCED_FACE ( 'NONE', ( #3592 ), #3105, .T. ) ;
#6390 =( LENGTH_UNIT ( ) NAMED_UNIT ( * ) SI_UNIT ( .MILLI., .METRE. ) );
#6391 = PRESENTATION_STYLE_ASSIGNMENT (( #2386 ) ) ;
#6392 = DIRECTION ( 'NONE',  ( 0.000000000000000000, 0.000000000000000000, -1.000000000000000000 ) ) ;
#6393 = CARTESIAN_POINT ( 'NONE',  ( -6.431676668869999780, -1.145024611515000013, -3.000000000000000000 ) ) ;
#6394 = ORIENTED_EDGE ( 'NONE', *, *, #1043, .F. ) ;
#6395 = ORIENTED_EDGE ( 'NONE', *, *, #4191, .T. ) ;
#6396 = VECTOR ( 'NONE', #2183, 1000.000000000000000 ) ;
#6397 = COLOUR_RGB ( '',1.000000000000000000, 1.000000000000000000, 1.000000000000000000 ) ;
#6398 = CIRCLE ( 'NONE', #1401, 3.350000000000000089 ) ;
#6399 = CARTESIAN_POINT ( 'NONE',  ( 6.500000000000000888, -0.5000000000000000000, -0.5000000000000000000 ) ) ;
#6400 = FILL_AREA_STYLE ('',( #3517 ) ) ;
#6401 = STYLED_ITEM ( 'NONE', ( #3858 ), #1540 ) ;
#6402 = ORIENTED_EDGE ( 'NONE', *, *, #3108, .F. ) ;
#6403 = AXIS2_PLACEMENT_3D ( 'NONE', #2624, #134, #3632 ) ;
#6404 = EDGE_CURVE ( 'NONE', #4917, #5407, #1120, .T. ) ;
#6405 = VECTOR ( 'NONE', #2630, 1000.000000000000000 ) ;
#6406 = UNCERTAINTY_MEASURE_WITH_UNIT (LENGTH_MEASURE( 1.000000000000000082E-05 ), #6036, 'distance_accuracy_value', 'NONE');
#6407 = ORIENTED_EDGE ( 'NONE', *, *, #5669, .T. ) ;
#6408 = FILL_AREA_STYLE ('',( #4911 ) ) ;
#6409 = VECTOR ( 'NONE', #26, 1000.000000000000000 ) ;
#6410 = FACE_OUTER_BOUND ( 'NONE', #6264, .T. ) ;
#6411 = ADVANCED_FACE ( 'NONE', ( #2025 ), #5071, .T. ) ;
#6412 = ORIENTED_EDGE ( 'NONE', *, *, #1737, .F. ) ;
#6413 = DIRECTION ( 'NONE',  ( 0.9063077870387888924, -0.4226182617361123883, -1.014813233436291312E-12 ) ) ;
#6414 = VERTEX_POINT ( 'NONE', #2751 ) ;
#6415 = DIRECTION ( 'NONE',  ( 0.000000000000000000, 0.000000000000000000, -1.000000000000000000 ) ) ;
#6416 = CARTESIAN_POINT ( 'NONE',  ( -6.000000000000000000, 0.8750000000019999558, 3.000000000000000000 ) ) ;
#6417 = FACE_OUTER_BOUND ( 'NONE', #2013, .T. ) ;
#6418 =( LENGTH_UNIT ( ) NAMED_UNIT ( * ) SI_UNIT ( .MILLI., .METRE. ) );
#6419 = FILL_AREA_STYLE_COLOUR ( '', #1704 ) ;
#6420 = EDGE_CURVE ( 'NONE', #1466, #939, #1218, .T. ) ;
#6421 = VECTOR ( 'NONE', #5013, 1000.000000000000000 ) ;
#6422 = ORIENTED_EDGE ( 'NONE', *, *, #4101, .F. ) ;
#6423 = VERTEX_POINT ( 'NONE', #4682 ) ;
#6424 = CIRCLE ( 'NONE', #2780, 1.500000000000000000 ) ;
#6425 = LINE ( 'NONE', #1935, #199 ) ;
#6426 = SURFACE_STYLE_FILL_AREA ( #6400 ) ;
#6427 = ORIENTED_EDGE ( 'NONE', *, *, #5237, .T. ) ;
#6428 = STYLED_ITEM ( 'NONE', ( #4884 ), #3143 ) ;
#6429 = VERTEX_POINT ( 'NONE', #5200 ) ;
#6430 = PRESENTATION_STYLE_ASSIGNMENT (( #6459 ) ) ;
#6431 = DIRECTION ( 'NONE',  ( 0.000000000000000000, 0.000000000000000000, 1.000000000000000000 ) ) ;
#6432 = ADVANCED_FACE ( 'NONE', ( #2253 ), #2156, .T. ) ;
#6433 = DIRECTION ( 'NONE',  ( -0.000000000000000000, -0.000000000000000000, -1.000000000000000000 ) ) ;
#6434 = ORIENTED_EDGE ( 'NONE', *, *, #4584, .F. ) ;
#6435 = VECTOR ( 'NONE', #2289, 999.9999999999997726 ) ;
#6436 = VECTOR ( 'NONE', #5077, 1000.000000000000114 ) ;
#6437 = ORIENTED_EDGE ( 'NONE', *, *, #2331, .F. ) ;
#6438 = DIRECTION ( 'NONE',  ( 0.000000000000000000, 0.000000000000000000, -1.000000000000000000 ) ) ;
#6439 = ORIENTED_EDGE ( 'NONE', *, *, #6242, .F. ) ;
#6440 = CARTESIAN_POINT ( 'NONE',  ( 6.249412934932999875, -3.500000000000000000, 2.750000000000000444 ) ) ;
#6441 = CARTESIAN_POINT ( 'NONE',  ( -6.022835988174000121, -3.394345434564999930, -3.000000000000000000 ) ) ;
#6442 = FILL_AREA_STYLE ('',( #2412 ) ) ;
#6443 = EDGE_CURVE ( 'NONE', #4201, #2889, #3171, .T. ) ;
#6444 = AXIS2_PLACEMENT_3D ( 'NONE', #786, #325, #1836 ) ;
#6445 = SURFACE_STYLE_FILL_AREA ( #2491 ) ;
#6446 = DIRECTION ( 'NONE',  ( 1.000000000000000000, 0.000000000000000000, -0.000000000000000000 ) ) ;
#6447 = EDGE_CURVE ( 'NONE', #4934, #1932, #4811, .T. ) ;
#6448 = CARTESIAN_POINT ( 'NONE',  ( -6.124999999997999822, 0.8750000000019998447, 3.000000000000000000 ) ) ;
#6449 = ORIENTED_EDGE ( 'NONE', *, *, #4436, .F. ) ;
#6450 = FILL_AREA_STYLE ('',( #5596 ) ) ;
#6451 = ORIENTED_EDGE ( 'NONE', *, *, #5247, .T. ) ;
#6452 = DIRECTION ( 'NONE',  ( 0.000000000000000000, -1.000000000000000000, -0.000000000000000000 ) ) ;
#6453 = PLANE ( 'NONE',  #540 ) ;
#6454 = ORIENTED_EDGE ( 'NONE', *, *, #4428, .T. ) ;
#6455 = UNCERTAINTY_MEASURE_WITH_UNIT (LENGTH_MEASURE( 1.000000000000000082E-05 ), #6302, 'distance_accuracy_value', 'NONE');
#6456 = ORIENTED_EDGE ( 'NONE', *, *, #1922, .F. ) ;
#6457 = EDGE_CURVE ( 'NONE', #3937, #5258, #1252, .T. ) ;
#6458 = LINE ( 'NONE', #3524, #3933 ) ;
#6459 = SURFACE_STYLE_USAGE ( .BOTH. , #5992 ) ;
#6460 = DIRECTION ( 'NONE',  ( 0.000000000000000000, 0.9496656485285897009, 0.3132653124825234281 ) ) ;
#6461 = FILL_AREA_STYLE ('',( #3999 ) ) ;
#6462 = SURFACE_STYLE_USAGE ( .BOTH. , #5996 ) ;
#6463 = AXIS2_PLACEMENT_3D ( 'NONE', #5749, #4845, #3830 ) ;
#6464 = LINE ( 'NONE', #1982, #5217 ) ;
#6465 = VERTEX_POINT ( 'NONE', #293 ) ;
#6466 =( GEOMETRIC_REPRESENTATION_CONTEXT ( 3 ) GLOBAL_UNCERTAINTY_ASSIGNED_CONTEXT ( ( #5701 ) ) GLOBAL_UNIT_ASSIGNED_CONTEXT ( ( #1962, #4021, #5049 ) ) REPRESENTATION_CONTEXT ( 'NONE', 'WORKASPACE' ) );
#6467 = EDGE_LOOP ( 'NONE', ( #1078, #3138, #4403, #3657 ) ) ;
#6468 = SURFACE_STYLE_FILL_AREA ( #1081 ) ;
#6469 = MECHANICAL_DESIGN_GEOMETRIC_PRESENTATION_REPRESENTATION (  '', ( #4738 ), #2818 ) ;
#6470 = CYLINDRICAL_SURFACE ( 'NONE', #5074, 0.3750000000020004554 ) ;
#6471 = ORIENTED_EDGE ( 'NONE', *, *, #1585, .F. ) ;
#6472 = CARTESIAN_POINT ( 'NONE',  ( 6.167977754569999860, -3.083087912069999881, 2.125000000000000000 ) ) ;
#6473 = NEXT_ASSEMBLY_USAGE_OCCURRENCE ( 'NAUO1', ' ', ' ', #2278, #2389, $ ) ;
#6474 = NEXT_ASSEMBLY_USAGE_OCCURRENCE ( 'NAUO2', ' ', ' ', #2278, #5230, $ ) ;
#6475 = NEXT_ASSEMBLY_USAGE_OCCURRENCE ( 'NAUO3', ' ', ' ', #2278, #4266, $ ) ;
#6476 = NEXT_ASSEMBLY_USAGE_OCCURRENCE ( 'NAUO4', ' ', ' ', #2278, #2956, $ ) ;
#6477 = NEXT_ASSEMBLY_USAGE_OCCURRENCE ( 'NAUO5', ' ', ' ', #2278, #2601, $ ) ;
#6478 = NEXT_ASSEMBLY_USAGE_OCCURRENCE ( 'NAUO6', ' ', ' ', #2278, #5971, $ ) ;
#6479 = NEXT_ASSEMBLY_USAGE_OCCURRENCE ( 'NAUO7', ' ', ' ', #2278, #3557, $ ) ;
ENDSEC;
END-ISO-10303-21;
